<?xml version="1.0" encoding="utf-8"?>
<COLLADA xmlns="http://www.collada.org/2005/11/COLLADASchema" version="1.4.1" xmlns:xsi="http://www.w3.org/2001/XMLSchema-instance">
  <asset>
    <contributor>
      <author>Blender User</author>
      <authoring_tool>Blender 3.6.23 commit date:2025-06-16, commit time:11:52, hash:e467db79ca8c</authoring_tool>
    </contributor>
    <created>2026-06-15T12:23:07</created>
    <modified>2026-06-15T12:23:07</modified>
    <unit name="meter" meter="1"/>
    <up_axis>Z_UP</up_axis>
  </asset>
  <library_cameras>
    <camera id="Camera_001-camera" name="Camera.001">
      <optics>
        <technique_common>
          <perspective>
            <xfov sid="xfov">39.59775</xfov>
            <aspect_ratio>1.777778</aspect_ratio>
            <znear sid="znear">0.1</znear>
            <zfar sid="zfar">100</zfar>
          </perspective>
        </technique_common>
      </optics>
      <extra>
        <technique profile="blender">
          <shiftx sid="shiftx" type="float">0</shiftx>
          <shifty sid="shifty" type="float">0</shifty>
          <dof_distance sid="dof_distance" type="float">10</dof_distance>
        </technique>
      </extra>
    </camera>
    <camera id="Camera-camera" name="Camera">
      <optics>
        <technique_common>
          <perspective>
            <xfov sid="xfov">39.59775</xfov>
            <aspect_ratio>1.777778</aspect_ratio>
            <znear sid="znear">0.1</znear>
            <zfar sid="zfar">100</zfar>
          </perspective>
        </technique_common>
      </optics>
      <extra>
        <technique profile="blender">
          <shiftx sid="shiftx" type="float">0</shiftx>
          <shifty sid="shifty" type="float">0</shifty>
          <dof_distance sid="dof_distance" type="float">10</dof_distance>
        </technique>
      </extra>
    </camera>
  </library_cameras>
  <library_lights>
    <light id="Light_001-light" name="Light.001">
      <technique_common>
        <point>
          <color sid="color">1000 1000 1000</color>
          <constant_attenuation>1</constant_attenuation>
          <linear_attenuation>0</linear_attenuation>
          <quadratic_attenuation>0.00111109</quadratic_attenuation>
        </point>
      </technique_common>
      <extra>
        <technique profile="blender">
          <type sid="type" type="int">0</type>
          <flag sid="flag" type="int">0</flag>
          <mode sid="mode" type="int">1</mode>
          <gamma sid="blender_gamma" type="float">1</gamma>
          <red sid="red" type="float">1</red>
          <green sid="green" type="float">1</green>
          <blue sid="blue" type="float">1</blue>
          <shadow_r sid="blender_shadow_r" type="float">0</shadow_r>
          <shadow_g sid="blender_shadow_g" type="float">0</shadow_g>
          <shadow_b sid="blender_shadow_b" type="float">0</shadow_b>
          <energy sid="blender_energy" type="float">1000</energy>
          <dist sid="blender_dist" type="float">29.99998</dist>
          <spotsize sid="spotsize" type="float">75</spotsize>
          <spotblend sid="spotblend" type="float">0.15</spotblend>
          <att1 sid="att1" type="float">0</att1>
          <att2 sid="att2" type="float">1</att2>
          <falloff_type sid="falloff_type" type="int">2</falloff_type>
          <clipsta sid="clipsta" type="float">0.04999995</clipsta>
          <clipend sid="clipend" type="float">30.002</clipend>
          <bias sid="bias" type="float">1</bias>
          <bufsize sid="bufsize" type="int">2880</bufsize>
          <samp sid="samp" type="int">3</samp>
          <buffers sid="buffers" type="int">1</buffers>
          <radius sid="radius" type="float">0.1</radius>
          <area_shape sid="area_shape" type="int">1</area_shape>
          <area_size sid="area_size" type="float">0.1</area_size>
          <area_sizey sid="area_sizey" type="float">0.1</area_sizey>
          <area_sizez sid="area_sizez" type="float">1</area_sizez>
        </technique>
      </extra>
    </light>
    <light id="Light-light" name="Light">
      <technique_common>
        <point>
          <color sid="color">1000 1000 1000</color>
          <constant_attenuation>1</constant_attenuation>
          <linear_attenuation>0</linear_attenuation>
          <quadratic_attenuation>0.00111109</quadratic_attenuation>
        </point>
      </technique_common>
      <extra>
        <technique profile="blender">
          <type sid="type" type="int">0</type>
          <flag sid="flag" type="int">0</flag>
          <mode sid="mode" type="int">1</mode>
          <gamma sid="blender_gamma" type="float">1</gamma>
          <red sid="red" type="float">1</red>
          <green sid="green" type="float">1</green>
          <blue sid="blue" type="float">1</blue>
          <shadow_r sid="blender_shadow_r" type="float">0</shadow_r>
          <shadow_g sid="blender_shadow_g" type="float">0</shadow_g>
          <shadow_b sid="blender_shadow_b" type="float">0</shadow_b>
          <energy sid="blender_energy" type="float">1000</energy>
          <dist sid="blender_dist" type="float">29.99998</dist>
          <spotsize sid="spotsize" type="float">75</spotsize>
          <spotblend sid="spotblend" type="float">0.15</spotblend>
          <att1 sid="att1" type="float">0</att1>
          <att2 sid="att2" type="float">1</att2>
          <falloff_type sid="falloff_type" type="int">2</falloff_type>
          <clipsta sid="clipsta" type="float">0.04999995</clipsta>
          <clipend sid="clipend" type="float">30.002</clipend>
          <bias sid="bias" type="float">1</bias>
          <bufsize sid="bufsize" type="int">2880</bufsize>
          <samp sid="samp" type="int">3</samp>
          <buffers sid="buffers" type="int">1</buffers>
          <radius sid="radius" type="float">0.1</radius>
          <area_shape sid="area_shape" type="int">1</area_shape>
          <area_size sid="area_size" type="float">0.1</area_size>
          <area_sizey sid="area_sizey" type="float">0.1</area_sizey>
          <area_sizez sid="area_sizez" type="float">1</area_sizez>
        </technique>
      </extra>
    </light>
  </library_lights>
  <library_effects>
    <effect id="Material_003-effect">
      <profile_COMMON>
        <technique sid="common">
          <lambert>
            <emission>
              <color sid="emission">0 0 0 1</color>
            </emission>
            <diffuse>
              <color sid="diffuse">0 0 0 1</color>
            </diffuse>
            <reflectivity>
              <float sid="specular">0.5</float>
            </reflectivity>
          </lambert>
        </technique>
      </profile_COMMON>
    </effect>
    <effect id="Material_001-effect">
      <profile_COMMON>
        <technique sid="common">
          <lambert>
            <emission>
              <color sid="emission">0 0 0 1</color>
            </emission>
            <diffuse>
              <color sid="diffuse">0.598397 0.4829958 0 1</color>
            </diffuse>
            <reflectivity>
              <float sid="specular">0.5</float>
            </reflectivity>
            <index_of_refraction>
              <float sid="ior">1.45</float>
            </index_of_refraction>
          </lambert>
        </technique>
      </profile_COMMON>
    </effect>
  </library_effects>
  <library_images/>
  <library_materials>
    <material id="Material_003-material" name="Material.003">
      <instance_effect url="#Material_003-effect"/>
    </material>
    <material id="Material_001-material" name="Material.001">
      <instance_effect url="#Material_001-effect"/>
    </material>
  </library_materials>
  <library_geometries>
    <geometry id="Text_001-mesh" name="Text.001">
      <mesh>
        <source id="Text_001-mesh-positions">
          <float_array id="Text_001-mesh-positions-array" count="3312">5.771 0.449 0 5.586 0.449 0 5.556725 0.4477836 0 5.529468 0.4441852 0 5.504329 0.4382812 0 5.481408 0.4301481 0 5.460807 0.4198623 0 5.442625 0.4075 0 5.426965 0.3931377 0 5.413927 0.3768518 0 5.40361 0.3587187 0 5.396117 0.3388148 0 5.391547 0.3172164 0 5.39 0.294 0 5.390167 0.2858542 0 5.390667 0.2779167 0 5.391501 0.2701875 0 5.392668 0.2626667 0 5.394168 0.2553542 0 5.396001 0.24825 0 5.398168 0.2413541 0 5.400668 0.2346667 0 5.403501 0.2281875 0 5.406668 0.2219166 0 5.410168 0.2158541 0 5.414 0.21 0 5.418417 0.2041041 0 5.423167 0.1984167 0 5.42825 0.1929374 0 5.433667 0.1876666 0 5.439417 0.1826041 0 5.4455 0.1777499 0 5.451917 0.1731041 0 5.458667 0.1686666 0 5.465751 0.1644374 0 5.473167 0.1604166 0 5.480917 0.1566041 0 5.489 0.153 0 5.489 0.151 0 5.47857 0.1481938 0 5.468811 0.1448009 0 5.459766 0.1408594 0 5.451482 0.1364074 0 5.444003 0.1314832 0 5.437375 0.126125 0 5.431643 0.1203709 0 5.426852 0.1142593 0 5.423047 0.1078281 0 5.420273 0.1011157 0 5.418575 0.09416025 0 5.418 0.08700001 0 5.418293 0.08203989 0 5.41918 0.07715278 0 5.420672 0.07232809 0 5.422778 0.06755554 0 5.425508 0.06282466 0 5.428875 0.05812495 0 5.432887 0.05344617 0 5.437555 0.04877775 0 5.44289 0.04410934 0 5.448902 0.03943055 0 5.455602 0.03473091 0 5.463 0.02999997 0 5.444391 0.02482926 0 5.427546 0.01880091 0 5.412438 0.01189059 0 5.399037 0.004074037 0 5.387318 -0.004673004 0 5.377251 -0.01437497 0 5.368809 -0.02505612 0 5.361964 -0.03674072 0 5.356688 -0.04945313 0 5.352955 -0.06321758 0 5.350735 -0.07805842 0 5.35 -0.09399998 0 5.351763 -0.1132714 0 5.356931 -0.1315046 0 5.365329 -0.1485781 0 5.376779 -0.1643704 0 5.391103 -0.1787598 0 5.408126 -0.191625 0 5.427669 -0.2028443 0 5.449556 -0.2122963 0 5.47361 -0.2198594 0 5.499653 -0.2254121 0 5.527509 -0.2288328 0 5.557 -0.23 0 5.589111 -0.228886 0 5.618885 -0.2255879 0 5.646234 -0.2201718 0 5.671074 -0.2127037 0 5.693317 -0.2032494 0 5.712875 -0.191875 0 5.729663 -0.1786464 0 5.743593 -0.1636296 0 5.754578 -0.1468906 0 5.762532 -0.1284953 0 5.767368 -0.1085098 0 5.769001 -0.08700001 0 5.768276 -0.07292938 0 5.766038 -0.05926847 0 5.762188 -0.04609376 0 5.75663 -0.03348147 0 5.749267 -0.02150809 0 5.740001 -0.01024997 0 5.728734 2.16424e-4 0 5.715371 0.009814798 0 5.699813 0.01846873 0 5.681964 0.02610182 0 5.661725 0.03263771 0 5.639 0.03799998 0 5.617399 0.042445 0 5.597602 0.04681015 0 5.579626 0.0511406 0 5.563482 0.05548143 0 5.549186 0.05987787 0 5.536751 0.06437498 0 5.526191 0.06901794 0 5.517519 0.07385182 0 5.510751 0.07892185 0 5.505899 0.08427315 0 5.502978 0.08995079 0 5.502 0.09599995 0 5.504436 0.1075839 0 5.511315 0.1162546 0 5.522 0.1226406 0 5.535852 0.1273704 0 5.552232 0.1310723 0 5.5705 0.134375 0 5.590019 0.1379068 0 5.610148 0.1422963 0 5.63025 0.1481719 0 5.649686 0.156162 0 5.667816 0.1668952 0 5.684 0.181 0 5.689239 0.1866921 0 5.694404 0.1932037 0 5.699423 0.2004375 0 5.704223 0.2082962 0 5.708732 0.2166829 0 5.712876 0.2254999 0 5.716582 0.2346504 0 5.719779 0.244037 0 5.722392 0.2535625 0 5.724348 0.2631296 0 5.725575 0.2726412 0 5.726 0.282 0 5.725744 0.2912425 0 5.724949 0.3000231 0 5.723578 0.3084219 0 5.721593 0.3165186 0 5.718955 0.324393 0 5.715625 0.332125 0 5.711567 0.3397946 0 5.706741 0.3474815 0 5.70111 0.3552657 0 5.694635 0.3632269 0 5.687278 0.3714451 0 5.679 0.38 0 5.771 0.38 0 5.646 0.293 0 5.645263 0.2810539 0 5.643102 0.2697639 0 5.639594 0.2592031 0 5.634815 0.2494444 0 5.628842 0.2405608 0 5.62175 0.232625 0 5.613617 0.2257101 0 5.604519 0.2198889 0 5.594532 0.2152344 0 5.583732 0.2118195 0 5.572196 0.209717 0 5.56 0.209 0 5.546886 0.2096776 0 5.534584 0.2116713 0 5.523157 0.2149218 0 5.512668 0.2193704 0 5.503178 0.2249578 0 5.494751 0.231625 0 5.487449 0.2393131 0 5.481334 0.247963 0 5.476469 0.2575156 0 5.472918 0.267912 0 5.47074 0.2790932 0 5.47 0.291 0 5.470816 0.3018368 0 5.47319 0.3122778 0 5.477016 0.3222188 0 5.482185 0.3315556 0 5.488591 0.340184 0 5.496125 0.348 0 5.50468 0.3548993 0 5.514148 0.3607778 0 5.524422 0.3655313 0 5.535394 0.3690556 0 5.546956 0.3712465 0 5.559 0.372 0 5.570586 0.3712668 0 5.581765 0.3691343 0 5.592422 0.3657031 0 5.602445 0.361074 0 5.611718 0.3553478 0 5.620126 0.348625 0 5.627554 0.3410063 0 5.63389 0.3325926 0 5.639017 0.3234844 0 5.64282 0.3137824 0 5.645187 0.3035874 0 5.683001 -0.09399998 0 5.68205 -0.1038917 0 5.679232 -0.1130509 0 5.674594 -0.1214531 0 5.668186 -0.129074 0 5.660055 -0.1358894 0 5.65025 -0.141875 0 5.638821 -0.1470063 0 5.625815 -0.1512593 0 5.611282 -0.1546093 0 5.595269 -0.1570324 0 5.577826 -0.158504 0 5.559 -0.159 0 5.539525 -0.1585017 0 5.521616 -0.1570138 0 5.505298 -0.1545469 0 5.490593 -0.1511111 0 5.477528 -0.146717 0 5.466126 -0.141375 0 5.456411 -0.1350954 0 5.448409 -0.1278889 0 5.442142 -0.1197656 0 5.437636 -0.1107361 0 5.434914 -0.1008107 0 5.434 -0.08999997 0 5.434862 -0.08025926 0 5.437389 -0.07107406 0 5.441501 -0.0625 0 5.447112 -0.05459254 0 5.454139 -0.04740738 0 5.4625 -0.041 0 5.472111 -0.0354259 0 5.482889 -0.03074073 0 5.49475 -0.02700001 0 5.507611 -0.02425926 0 5.521389 -0.02257406 0 5.536 -0.02199995 0 5.550446 -0.02232807 0 5.565987 -0.02337497 0 5.582172 -0.02523434 0 5.598556 -0.02799999 0 5.61469 -0.03176558 0 5.630125 -0.03662496 0 5.644415 -0.04267185 0 5.657112 -0.04999995 0 5.667766 -0.05870312 0 5.675931 -0.06887495 0 5.681159 -0.08060938 0 5 0.449 0 4.911 0.449 0 4.911 0 0 5 0 0 5 0.322 0 5.010282 0.3331522 0 5.020172 0.3431343 0 5.029735 0.3519844 0 5.039037 0.3597407 0 5.048145 0.3664416 0 5.057125 0.372125 0 5.066042 0.3768293 0 5.074963 0.3805927 0 5.083953 0.3834532 0 5.093079 0.3854491 0 5.102406 0.3866187 0 5.112 0.387 0 5.125076 0.3861157 0 5.137269 0.3835093 0 5.148532 0.37925 0 5.158815 0.3734074 0 5.168071 0.3660509 0 5.17625 0.35725 0 5.183305 0.3470741 0 5.189186 0.3355926 0 5.193844 0.322875 0 5.197232 0.3089907 0 5.199301 0.2940093 0 5.2 0.278 0 5.2 0 0 5.289 0 0 5.289 0.277 0 5.287613 0.3063999 0 5.28357 0.3331157 0 5.277047 0.3571718 0 5.268222 0.3785926 0 5.257273 0.3974022 0 5.244375 0.413625 0 5.229707 0.4272853 0 5.213445 0.4384074 0 5.195766 0.4470157 0 5.176847 0.4531343 0 5.156867 0.4567877 0 5.136001 0.458 0 5.12351 0.4574832 0 5.111074 0.4559491 0 5.09875 0.4534219 0 5.086593 0.449926 0 5.074657 0.4454855 0 5.063 0.440125 0 5.051676 0.4338687 0 5.040741 0.4267408 0 5.03025 0.4187656 0 5.020259 0.4099676 0 5.010824 0.400371 0 5.002 0.39 0 5 0.39 0 4.785 0.449 0 4.696001 0.449 0 4.696001 0 0 4.785 0 0 4.794001 0.585 0 4.793511 0.5921349 0 4.792088 0.5989955 0 4.789797 0.6055157 0 4.786704 0.6116297 0 4.782875 0.6172715 0 4.778375 0.6223751 0 4.773272 0.6268745 0 4.76763 0.6307038 0 4.761516 0.633797 0 4.754995 0.6360881 0 4.748135 0.6375111 0 4.741001 0.638 0 4.733866 0.637511 0 4.727005 0.636088 0 4.720485 0.6337969 0 4.714371 0.6307037 0 4.708729 0.6268744 0 4.703625 0.622375 0 4.699126 0.6172714 0 4.695296 0.6116296 0 4.692203 0.6055156 0 4.689912 0.5989953 0 4.688489 0.5921348 0 4.688001 0.585 0 4.68849 0.5778652 0 4.689913 0.5710046 0 4.692204 0.5644844 0 4.695297 0.5583704 0 4.699127 0.5527286 0 4.703626 0.547625 0 4.70873 0.5431256 0 4.714372 0.5392963 0 4.720486 0.5362031 0 4.727006 0.533912 0 4.733867 0.532489 0 4.741001 0.532 0 4.748136 0.532489 0 4.754996 0.5339121 0 4.761517 0.5362032 0 4.767631 0.5392963 0 4.773272 0.5431256 0 4.778376 0.5476251 0 4.782876 0.5527287 0 4.786705 0.5583704 0 4.789798 0.5644844 0 4.792089 0.5710047 0 4.793512 0.5778653 0 4.612 0.449 0 4.506 0.449 0 4.307001 0.229 0 4.532001 0 0 4.652 0 0 4.420001 0.229 0 4.303 0.6820001 0 4.214 0.6820001 0 4.214 0 0 4.303 0 0 3.825 0.449 0 3.825 0 0 3.914 0 0 3.914 0.235 0 3.91498 0.2538906 0 3.917838 0.2719584 0 3.922453 0.2890469 0 3.928704 0.305 0 3.936468 0.3196614 0 3.945625 0.332875 0 3.956053 0.3444844 0 3.96763 0.3543334 0 3.980235 0.3622657 0 3.993746 0.368125 0 4.008041 0.3717552 0 4.023 0.373 0 4.028529 0.3726308 0 4.034565 0.3715463 0 4.041031 0.3697813 0 4.047852 0.3673704 0 4.05495 0.3643484 0 4.06225 0.36075 0 4.069675 0.35661 0 4.077148 0.351963 0 4.084594 0.3468438 0 4.091936 0.3412871 0 4.099096 0.3353276 0 4.106 0.329 0 4.153 0.406 0 4.14381 0.4143756 0 4.134727 0.4220046 0 4.125734 0.4288907 0 4.116815 0.435037 0 4.107951 0.4404473 0 4.099125 0.445125 0 4.09032 0.4490735 0 4.081519 0.4522963 0 4.072703 0.4547969 0 4.063857 0.4565787 0 4.054961 0.4576453 0 4.046 0.458 0 4.035479 0.457305 0 4.024912 0.4551898 0 4.014297 0.4516094 0 4.00363 0.4465185 0 3.992907 0.4398721 0 3.982125 0.431625 0 3.971281 0.4217321 0 3.960371 0.4101482 0 3.949391 0.3968281 0 3.938338 0.3817268 0 3.927209 0.3647992 0 3.916 0.346 0 3.914 0.346 0 3.914 0.449 0 3.74 0.07999998 0 3.735046 0.07637673 0 3.730199 0.0730139 0 3.725485 0.06992185 0 3.720926 0.06711107 0 3.716548 0.064592 0 3.712375 0.062375 0 3.708431 0.06047046 0 3.704741 0.05888885 0 3.701328 0.05764061 0 3.698218 0.05673611 0 3.695434 0.05618572 0 3.693 0.05599999 0 3.690355 0.05612784 0 3.687922 0.05652314 0 3.685703 0.05720311 0 3.683704 0.05818516 0 3.681927 0.05948668 0 3.680375 0.06112498 0 3.679053 0.06311744 0 3.677963 0.06548148 0 3.677109 0.06823438 0 3.676496 0.07139348 0 3.676125 0.07497626 0 3.676 0.07899999 0 3.676 0.31 0 3.674531 0.3343392 0 3.670245 0.3563796 0 3.663328 0.3761563 0 3.653963 0.3937037 0 3.642334 0.4090567 0 3.628625 0.42225 0 3.61302 0.4333183 0 3.595704 0.4422963 0 3.576859 0.4492188 0 3.556671 0.4541204 0 3.535324 0.4570359 0 3.513 0.458 0 3.497082 0.4575828 0 3.481824 0.4563288 0 3.467219 0.4542344 0 3.45326 0.4512963 0 3.439939 0.447511 0 3.42725 0.442875 0 3.415187 0.4373849 0 3.403741 0.4310371 0 3.392907 0.4238281 0 3.382676 0.4157546 0 3.373043 0.4068131 0 3.364 0.397 0 3.364 0.3 0 3.374891 0.3121696 0 3.386047 0.3231898 0 3.397438 0.3330782 0 3.409037 0.3418518 0 3.420817 0.3495284 0 3.43275 0.356125 0 3.444808 0.3616592 0 3.456963 0.3661482 0 3.469187 0.3696094 0 3.481454 0.3720602 0 3.493734 0.373518 0 3.506 0.374 0 3.518938 0.3735151 0 3.53075 0.3720371 0 3.541438 0.3695313 0 3.551 0.365963 0 3.559438 0.3612975 0 3.56675 0.3555001 0 3.572938 0.3485359 0 3.578 0.3403704 0 3.581938 0.3309688 0 3.58475 0.3202964 0 3.586438 0.3083183 0 3.587 0.295 0 3.587 0.271 0 3.508 0.243 0 3.489865 0.2364438 0 3.471667 0.2296342 0 3.453719 0.2223594 0 3.436334 0.2144074 0 3.419823 0.2055665 0 3.4045 0.195625 0 3.390677 0.1843709 0 3.378667 0.1715925 0 3.368782 0.1570781 0 3.361334 0.1406157 0 3.356636 0.1219936 0 3.355 0.101 0 3.355904 0.08665162 0 3.358565 0.07271295 0 3.362906 0.05934375 0 3.368852 0.04670369 0 3.376326 0.03495252 0 3.38525 0.02424997 0 3.39555 0.01475578 0 3.407148 0.006629586 0 3.419969 3.12417e-5 0 3.433935 -0.004879593 0 3.448971 -0.007943272 0 3.465 -0.008999943 0 3.475249 -0.0086869 0 3.485491 -0.007745325 0 3.495719 -0.006171822 0 3.505926 -0.003962934 0 3.516105 -0.001115143 0 3.52625 0.002374947 0 3.536353 0.006510972 0 3.546407 0.01129627 0 3.556406 0.01673436 0 3.566343 0.02282869 0 3.57621 0.02958273 0 3.586 0.037 0 3.588274 0.02937263 0 3.591107 0.02248144 0 3.594516 0.01631247 0 3.598519 0.0108518 0 3.603133 0.006085634 0 3.608376 0.001999974 0 3.614264 -0.001418948 0 3.620815 -0.00418514 0 3.628047 -0.006312489 0 3.635977 -0.007814764 0 3.644623 -0.008705973 0 3.654 -0.008999943 0 3.660791 -0.008826911 0 3.667246 -0.008282363 0 3.673485 -0.007328093 0 3.67963 -0.005925893 0 3.685803 -0.004037559 0 3.692125 -0.001624941 0 3.698719 0.001350104 0 3.705704 0.004925906 0 3.713203 0.00914061 0 3.721338 0.01403236 0 3.73023 0.01963943 0 3.74 0.02599996 0 3.587 0.09099996 0 3.580959 0.08544039 0 3.574834 0.08027315 0 3.568625 0.07551562 0 3.562334 0.07118517 0 3.555958 0.06729918 0 3.5495 0.06387495 0 3.542958 0.06092995 0 3.536334 0.05848145 0 3.529625 0.05654686 0 3.522834 0.05514347 0 3.515959 0.05428874 0 3.509 0.05399996 0 3.499969 0.05453294 0 3.491412 0.0560972 0 3.483391 0.05864059 0 3.475963 0.06211107 0 3.469188 0.06645655 0 3.463125 0.07162499 0 3.457833 0.07756423 0 3.453371 0.08422219 0 3.449797 0.09154689 0 3.447172 0.09948611 0 3.445553 0.1079878 0 3.445 0.117 0 3.446343 0.1297031 0 3.450241 0.141375 0 3.4565 0.1521093 0 3.464926 0.162 0 3.475324 0.1711406 0 3.4875 0.179625 0 3.50126 0.1875469 0 3.516408 0.195 0 3.53275 0.2020781 0 3.550093 0.208875 0 3.568241 0.2154844 0 3.587 0.222 0 2.889 0.6820001 0 2.889 0 0 2.987 0 0 2.987 0.295 0 3.089 0.295 0 3.126717 0.2967147 0 3.160898 0.3017176 0 3.191594 0.3097969 0 3.218852 0.3207408 0 3.242721 0.3343374 0 3.26325 0.350375 0 3.280488 0.3686418 0 3.294482 0.388926 0 3.305282 0.4110156 0 3.312936 0.4346991 0 3.317492 0.4597645 0 3.319 0.486 0 3.317576 0.512544 0 3.313273 0.5380186 0 3.306047 0.5621876 0 3.295852 0.5848149 0 3.282643 0.6056644 0 3.266375 0.6245 0 3.247003 0.6410857 0 3.224482 0.6551852 0 3.198766 0.6665626 0 3.16981 0.6749815 0 3.13757 0.6802061 0 3.102 0.6820001 0 2.987 0.5940001 0 3.102 0.5940001 0 3.122979 0.5929086 0 3.141496 0.5897686 0 3.157672 0.5847813 0 3.17163 0.5781482 0 3.18349 0.5700706 0 3.193375 0.56075 0 3.201406 0.5503877 0 3.207704 0.5391852 0 3.212391 0.5273438 0 3.215588 0.5150648 0 3.217418 0.5025498 0 3.218 0.49 0 3.217033 0.4736099 0 3.214181 0.458463 0 3.209516 0.4445937 0 3.203111 0.432037 0 3.19504 0.4208275 0 3.185375 0.411 0 3.17419 0.4025891 0 3.161556 0.3956296 0 3.147547 0.3901562 0 3.132236 0.3862037 0 3.115697 0.3838067 0 3.098 0.383 0 2.987 0.383 0 2.375 0.5420001 0 2.208 0.379 0 2.208 0.369 0 2.286 0.369 0 2.286 0.132 0 2.28702 0.11221 0 2.290079 0.09343051 0 2.295172 0.07579684 0 2.302296 0.05944442 0 2.311449 0.04450863 0 2.322625 0.03112494 0 2.335823 0.01942878 0 2.351037 0.009555518 0 2.368266 0.001640558 0 2.387505 -0.00418055 0 2.408751 -0.007772564 0 2.432 -0.008999943 0 2.439625 -0.008734345 0 2.447917 -0.007958292 0 2.45675 -0.006703078 0 2.466 -0.004999995 0 2.475542 -0.002880156 0 2.48525 -3.75e-4 0 2.495 0.002484321 0 2.504667 0.005666613 0 2.514125 0.00914061 0 2.52325 0.01287496 0 2.531917 0.01683849 0 2.54 0.02099996 0 2.54 0.104 0 2.531062 0.09872913 0 2.522241 0.09391665 0 2.513532 0.08956247 0 2.504926 0.08566665 0 2.496418 0.08222913 0 2.488 0.07924997 0 2.479666 0.07672917 0 2.471408 0.07466667 0 2.463219 0.07306247 0 2.455093 0.07191663 0 2.447022 0.07122915 0 2.439 0.07099997 0 2.432279 0.07132577 0 2.425232 0.07235646 0 2.418031 0.07417184 0 2.410852 0.07685184 0 2.403867 0.08047628 0 2.39725 0.08512496 0 2.391175 0.09087789 0 2.385815 0.09781479 0 2.381344 0.1060156 0 2.377935 0.1155602 0 2.375763 0.1265283 0 2.375 0.139 0 2.375 0.369 0 2.517 0.369 0 2.517 0.449 0 2.375 0.449 0 1.929 0.458 0 1.896188 0.4559578 0 1.864917 0.4499954 0 1.835438 0.4403594 0 1.808 0.4272964 0 1.782854 0.4110527 0 1.76025 0.391875 0 1.740438 0.3700099 0 1.723667 0.3457038 0 1.710188 0.3192032 0 1.70025 0.2907547 0 1.694104 0.2606048 0 1.692 0.229 0 1.694028 0.1953275 0 1.699972 0.1634536 0 1.709625 0.1335937 0 1.722778 0.1059629 0 1.739222 0.08077657 0 1.75875 0.05824995 0 1.781153 0.03859829 0 1.806222 0.02203696 0 1.83375 0.008781194 0 1.863528 -9.53747e-4 0 1.895347 -0.006952583 0 1.929 -0.008999943 0 1.964031 -0.007028877 0 1.997 -0.001231431 0 2.027719 0.008218705 0 2.056 0.02114814 0 2.081656 0.03738307 0 2.1045 0.05674999 0 2.124344 0.07907521 0 2.141 0.1041852 0 2.154282 0.1319062 0 2.164 0.1620648 0 2.169969 0.1944872 0 2.172 0.229 0 2.169912 0.2614451 0 2.163792 0.2921435 0 2.15386 0.3208907 0 2.140334 0.3474815 0 2.123433 0.3717113 0 2.103375 0.393375 0 2.080381 0.412268 0 2.054667 0.4281853 0 2.026454 0.440922 0 1.995959 0.4502733 0 1.963402 0.4560343 0 1.928 0.378 0 1.949707 0.3767101 0 1.970236 0.3729306 0 1.989453 0.3667969 0 2.007222 0.3584445 0 2.023408 0.3480087 0 2.037875 0.3356251 0 2.050488 0.3214288 0 2.061111 0.3055556 0 2.069609 0.2881407 0 2.075847 0.2693195 0 2.079689 0.2492275 0 2.081 0.228 0 2.079785 0.2045341 0 2.076195 0.1826898 0 2.070312 0.1625469 0 2.062222 0.1441852 0 2.052007 0.1276846 0 2.03975 0.113125 0 2.025535 0.1005862 0 2.009445 0.09014815 0 1.991563 0.08189064 0 1.971972 0.07589352 0 1.950757 0.07223671 0 1.928 0.07099997 0 1.907081 0.07229453 0 1.887398 0.07610648 0 1.869063 0.08232808 0 1.852185 0.09085184 0 1.836877 0.10157 0 1.82325 0.114375 0 1.811414 0.1291591 0 1.801482 0.1458148 0 1.793563 0.1642343 0 1.787769 0.1843102 0 1.784211 0.2059346 0 1.783 0.229 0 1.784249 0.2499977 0 1.787907 0.2698982 0 1.793844 0.2885625 0 1.801926 0.3058519 0 1.812022 0.3216273 0 1.824 0.3357501 0 1.837728 0.3480811 0 1.853074 0.3584815 0 1.869906 0.3668125 0 1.888093 0.3729352 0 1.907501 0.3767107 0 1.304 0.6820001 0 1.215 0.6820001 0 1.215 0.02499997 0 1.226402 0.01991951 0 1.238551 0.01518976 0 1.25136 0.01082807 0 1.264741 0.006851851 0 1.278608 0.003278315 0 1.292875 1.25002e-4 0 1.307454 -0.002590835 0 1.322259 -0.004851818 0 1.337203 -0.006640613 0 1.352199 -0.007939755 0 1.36716 -0.00873202 0 1.382 -0.008999943 0 1.418233 -0.007121503 0 1.451861 -0.001555502 0 1.482781 0.007593691 0 1.510889 0.02022218 0 1.53608 0.03622567 0 1.55825 0.05549997 0 1.577295 0.07794094 0 1.593111 0.1034444 0 1.605594 0.1319062 0 1.614639 0.1632222 0 1.620142 0.1972882 0 1.622 0.234 0 1.620322 0.2655064 0 1.615408 0.2953843 0 1.607438 0.3234219 0 1.596593 0.3494074 0 1.583053 0.3731291 0 1.567 0.394375 0 1.548614 0.4129335 0 1.528074 0.4285926 0 1.505563 0.4411407 0 1.481259 0.4503658 0 1.455345 0.4560562 0 1.428 0.458 0 1.416852 0.457728 0 1.405898 0.4569074 0 1.395125 0.4555312 0 1.384519 0.4535926 0 1.374065 0.4510845 0 1.36375 0.448 0 1.35356 0.4443322 0 1.343482 0.4400741 0 1.3335 0.4352188 0 1.323602 0.4297593 0 1.313773 0.4236887 0 1.304 0.417 0 1.304 0.332 0 1.313283 0.3400475 0 1.322181 0.347213 0 1.330766 0.3535313 0 1.339111 0.3590371 0 1.34729 0.3637651 0 1.355375 0.3677501 0 1.363439 0.3710267 0 1.371556 0.3736297 0 1.379797 0.3755938 0 1.388236 0.3769537 0 1.396946 0.3777443 0 1.406 0.378 0 1.424215 0.3767251 0 1.441301 0.3729676 0 1.457172 0.3668282 0 1.471741 0.3584074 0 1.484921 0.3478062 0 1.496625 0.335125 0 1.506767 0.3204647 0 1.515259 0.3039259 0 1.522016 0.2856094 0 1.526949 0.2656158 0 1.529973 0.2440457 0 1.531 0.221 0 1.529832 0.2002714 0 1.526408 0.1806713 0 1.520844 0.1623281 0 1.51326 0.1453704 0 1.503772 0.1299265 0 1.4925 0.116125 0 1.479562 0.1040943 0 1.465074 0.09396296 0 1.449157 0.08585935 0 1.431926 0.07991206 0 1.413502 0.07624942 0 1.394 0.07499998 0 1.387264 0.07512265 0 1.380111 0.07548147 0 1.372625 0.0760625 0 1.364889 0.07685184 0 1.356986 0.07783561 0 1.349 0.07899999 0 1.341014 0.08033102 0 1.333111 0.08181482 0 1.325375 0.0834375 0 1.317889 0.08518517 0 1.310736 0.08704394 0 1.304 0.08899998 0 0.877 0.458 0 0.8441876 0.4559578 0 0.8129168 0.4499954 0 0.7834376 0.4403594 0 0.7560001 0.4272964 0 0.7308543 0.4110527 0 0.7082501 0.391875 0 0.6884376 0.3700099 0 0.6716668 0.3457038 0 0.6581876 0.3192032 0 0.6482501 0.2907547 0 0.6421042 0.2606048 0 0.6400001 0.229 0 0.6420278 0.1953275 0 0.6479722 0.1634536 0 0.657625 0.1335937 0 0.6707778 0.1059629 0 0.6872223 0.08077657 0 0.70675 0.05824995 0 0.7291528 0.03859829 0 0.7542222 0.02203696 0 0.78175 0.008781194 0 0.8115277 -9.53747e-4 0 0.8433472 -0.006952583 0 0.877 -0.008999943 0 0.9120313 -0.007028877 0 0.9450001 -0.001231431 0 0.9757188 0.008218705 0 1.004 0.02114814 0 1.029656 0.03738307 0 1.0525 0.05674999 0 1.072344 0.07907521 0 1.089 0.1041852 0 1.102281 0.1319062 0 1.112 0.1620648 0 1.117969 0.1944872 0 1.12 0.229 0 1.117912 0.2614451 0 1.111792 0.2921435 0 1.101859 0.3208907 0 1.088333 0.3474815 0 1.071432 0.3717113 0 1.051375 0.393375 0 1.02838 0.412268 0 1.002667 0.4281853 0 0.9744532 0.440922 0 0.9439584 0.4502733 0 0.911401 0.4560343 0 0.8760001 0.378 0 0.8977066 0.3767101 0 0.9182361 0.3729306 0 0.9374532 0.3667969 0 0.9552223 0.3584445 0 0.971408 0.3480087 0 0.985875 0.3356251 0 0.9984878 0.3214288 0 1.009111 0.3055556 0 1.017609 0.2881407 0 1.023847 0.2693195 0 1.027689 0.2492275 0 1.029 0.228 0 1.027785 0.2045341 0 1.024195 0.1826898 0 1.018313 0.1625469 0 1.010222 0.1441852 0 1.000007 0.1276846 0 0.9877502 0.113125 0 0.973535 0.1005862 0 0.9574447 0.09014815 0 0.9395627 0.08189064 0 0.9199725 0.07589352 0 0.8987572 0.07223671 0 0.8760001 0.07099997 0 0.8550811 0.07229453 0 0.8353982 0.07610648 0 0.8170626 0.08232808 0 0.8001853 0.09085184 0 0.7848774 0.10157 0 0.7712501 0.114375 0 0.7594145 0.1291591 0 0.7494816 0.1458148 0 0.7415627 0.1642343 0 0.7357687 0.1843102 0 0.7322108 0.2059346 0 0.7310001 0.229 0 0.7322489 0.2499977 0 0.7359075 0.2698982 0 0.7418438 0.2885625 0 0.749926 0.3058519 0 0.7600221 0.3216273 0 0.7720001 0.3357501 0 0.7857281 0.3480811 0 0.8010742 0.3584815 0 0.8179063 0.3668125 0 0.8360927 0.3729352 0 0.8555012 0.3767107 0 0.07699996 0.6820001 0 0.07699996 0 0 0.175 0 0 0.175 0.296 0 0.216 0.296 0 0.2283461 0.2956042 0 0.2405185 0.2941667 0 0.2527188 0.2913125 0 0.2651482 0.2866667 0 0.2780081 0.2798542 0 0.2915 0.2705 0 0.3058252 0.2582291 0 0.3211852 0.2426666 0 0.3377813 0.2234374 0 0.3558149 0.2001667 0 0.3754873 0.1724791 0 0.397 0.14 0 0.487 0 0 0.604 0 0 0.5928508 0.01541316 0 0.5828056 0.02930551 0 0.5737189 0.04190623 0 0.5654445 0.05344444 0 0.5578369 0.06414926 0 0.5507501 0.07424998 0 0.5440383 0.08397567 0 0.5375556 0.09355551 0 0.5311563 0.1032187 0 0.5246945 0.1131944 0 0.5180244 0.1237118 0 0.511 0.135 0 0.4982697 0.1557916 0 0.4859908 0.1756666 0 0.4740313 0.194625 0 0.4622593 0.2126666 0 0.4505429 0.2297917 0 0.43875 0.246 0 0.4267489 0.2612917 0 0.4144074 0.2756667 0 0.4015938 0.289125 0 0.388176 0.3016667 0 0.374022 0.3132917 0 0.359 0.324 0 0.3765782 0.3318692 0 0.3927917 0.3409537 0 0.4076094 0.3512188 0 0.421 0.3626297 0 0.4329323 0.3751516 0 0.443375 0.38875 0 0.4522969 0.4033901 0 0.4596667 0.4190371 0 0.4654531 0.4356563 0 0.469625 0.453213 0 0.4721511 0.4716725 0 0.473 0.491 0 0.471228 0.5195463 0 0.4659907 0.5461204 0 0.4574062 0.5706251 0 0.4455926 0.592963 0 0.4306678 0.6130371 0 0.41275 0.6307501 0 0.3919572 0.6460047 0 0.3684074 0.6587038 0 0.3422187 0.6687501 0 0.3135092 0.6760464 0 0.2823969 0.6804955 0 0.249 0.6820001 0 0.175 0.5980001 0 0.238 0.5980001 0 0.2605741 0.5971956 0 0.2808426 0.5948148 0 0.298875 0.5909063 0 0.3147407 0.5855185 0 0.3285093 0.5787003 0 0.34025 0.5705 0 0.3500324 0.5609664 0 0.357926 0.5501481 0 0.364 0.5380938 0 0.3683241 0.5248519 0 0.3709676 0.5104711 0 0.372 0.495 0 0.3715787 0.4808421 0 0.369713 0.4669861 0 0.36625 0.4536094 0 0.361037 0.4408889 0 0.3539213 0.4290018 0 0.34475 0.418125 0 0.3333703 0.4084358 0 0.3196296 0.4001111 0 0.303375 0.3933281 0 0.2844537 0.3882639 0 0.262713 0.3850955 0 0.238 0.384 0 0.175 0.384 0</float_array>
          <technique_common>
            <accessor source="#Text_001-mesh-positions-array" count="1104" stride="3">
              <param name="X" type="float"/>
              <param name="Y" type="float"/>
              <param name="Z" type="float"/>
            </accessor>
          </technique_common>
        </source>
        <source id="Text_001-mesh-normals">
          <float_array id="Text_001-mesh-normals-array" count="3">0 0 1</float_array>
          <technique_common>
            <accessor source="#Text_001-mesh-normals-array" count="1" stride="3">
              <param name="X" type="float"/>
              <param name="Y" type="float"/>
              <param name="Z" type="float"/>
            </accessor>
          </technique_common>
        </source>
        <source id="Text_001-mesh-map-0">
          <float_array id="Text_001-mesh-map-0-array" count="6552">0.007843136 0 0 0 0.003921568 0 0.007843136 0 0.6235294 0 0 0 0.0117647 0 0.6235294 0 0.007843136 0 0.01568627 0 0.6235294 0 0.0117647 0 0.01960784 0 0.6235294 0 0.01568627 0 0.02352941 0 0.6235294 0 0.01960784 0 0.02745097 0 0.6235294 0 0.02352941 0 0.03137254 0 0.6235294 0 0.02745097 0 0.03529411 0 0.6196079 0 0.03137254 0 0.6196079 0 0.6235294 0 0.03137254 0 0.03529411 0 0.6156863 0 0.6196079 0 0.03921568 0 0.7647059 0 0.03529411 0 0.7647059 0 0.7686275 0 0.03529411 0 0.7686275 0 0.6156863 0 0.03529411 0 0.772549 0 0.6156863 0 0.7686275 0 0.772549 0 0.6117647 0 0.6156863 0 0.7764706 0 0.6117647 0 0.772549 0 0.03921568 0 0.7607843 0 0.7647059 0 0.7803922 0 0.6117647 0 0.7764706 0 0.03921568 0 0.7568628 0 0.7607843 0 0.7843137 0 0.6117647 0 0.7803922 0 0.03921568 0 0.7529412 0 0.7568628 0 0.7843137 0 0.6078432 0 0.6117647 0 0.7882353 0 0.6078432 0 0.7843137 0 0.03921568 0 0.7490196 0 0.7529412 0 0.04313725 0 0.7490196 0 0.03921568 0 0.7921569 0 0.6078432 0 0.7882353 0 0.7921569 0 0.6039216 0 0.6078432 0 0.04313725 0 0.7450981 0 0.7490196 0 0.7960785 0 0.6039216 0 0.7921569 0 0.04313725 0 0.7411765 0 0.7450981 0 0.7960785 0 0.6 0 0.6039216 0 0.8 0 0.6 0 0.7960785 0 0.04313725 0 0.7372549 0 0.7411765 0 0.8 0 0.5960785 0 0.6 0 0.04705882 0 0.7372549 0 0.04313725 0 0.8039216 0 0.5960785 0 0.8 0 0.8039216 0 0.5921569 0 0.5960785 0 0.04705882 0 0.7333334 0 0.7372549 0 0.8039216 0 0.5882353 0 0.5921569 0 0.8078432 0 0.5882353 0 0.8039216 0 0.04705882 0 0.7294118 0 0.7333334 0 0.05098038 0 0.7294118 0 0.04705882 0 0.8078432 0 0.5843138 0 0.5882353 0 0.8117647 0 0.5843138 0 0.8078432 0 0.05098038 0 0.7254902 0 0.7294118 0 0.8117647 0 0.5803922 0 0.5843138 0 0.627451 0 0.5803922 0 0.8117647 0 0.05098038 0 0.7215687 0 0.7254902 0 0.627451 0 0.5764706 0 0.5803922 0 0.05490195 0 0.7215687 0 0.05098038 0 0.6313726 0 0.5764706 0 0.627451 0 0.6313726 0 0.5725491 0 0.5764706 0 0.05490195 0 0.7176471 0 0.7215687 0 0.05882352 0 0.7176471 0 0.05490195 0 0.6313726 0 0.5686275 0 0.5725491 0 0.6352941 0 0.5686275 0 0.6313726 0 0.05882352 0 0.7137255 0 0.7176471 0 0.06274509 0 0.7137255 0 0.05882352 0 0.6352941 0 0.5647059 0 0.5686275 0 0.06666666 0 0.7137255 0 0.06274509 0 0.6392157 0 0.5647059 0 0.6352941 0 0.06666666 0 0.7098039 0 0.7137255 0 0.6392157 0 0.5607843 0 0.5647059 0 0.07058823 0 0.7098039 0 0.06666666 0 0.6431373 0 0.5607843 0 0.6392157 0 0.07058823 0 0.7058824 0 0.7098039 0 0.07450979 0 0.7058824 0 0.07058823 0 0.6431373 0 0.5568628 0 0.5607843 0 0.6470589 0 0.5568628 0 0.6431373 0 0.07843136 0 0.7058824 0 0.07450979 0 0.07843136 0 0.7019608 0 0.7058824 0 0.6470589 0 0.5529412 0 0.5568628 0 0.08235293 0 0.7019608 0 0.07843136 0 0.6509804 0 0.5529412 0 0.6470589 0 0.08235293 0 0.6980392 0 0.7019608 0 0.0862745 0 0.6980392 0 0.08235293 0 0.6509804 0 0.5490196 0 0.5529412 0 0.654902 0 0.5490196 0 0.6509804 0 0.0862745 0 0.6941177 0 0.6980392 0 0.09019607 0 0.6941177 0 0.0862745 0 0.6588236 0 0.5490196 0 0.654902 0 0.6588236 0 0.5450981 0 0.5490196 0 0.09019607 0 0.6901961 0 0.6941177 0 0.09411764 0 0.6901961 0 0.09019607 0 0.6627451 0 0.5450981 0 0.6588236 0 0.09411764 0 0.6862745 0 0.6901961 0 0.6627451 0 0.5411765 0 0.5450981 0 0.0980392 0 0.6862745 0 0.09411764 0 0.6666667 0 0.5411765 0 0.6627451 0 0.0980392 0 0.682353 0 0.6862745 0 0.6705883 0 0.5411765 0 0.6666667 0 0.0980392 0 0.6784314 0 0.682353 0 0.1019608 0 0.6784314 0 0.0980392 0 0.6745098 0 0.5411765 0 0.6705883 0 0.1019608 0 0.6745098 0 0.6784314 0 0.1019608 0 0.5411765 0 0.6745098 0 0.1019608 0 0.5372549 0 0.5411765 0 0.1058824 0 0.5372549 0 0.1019608 0 0.1058824 0 0.5333334 0 0.5372549 0 0.1098039 0 0.5333334 0 0.1058824 0 0.1098039 0 0.5294118 0 0.5333334 0 0.1137255 0 0.5294118 0 0.1098039 0 0.1176471 0 0.5294118 0 0.1137255 0 0.1176471 0 0.5254902 0 0.5294118 0 0.1215686 0 0.5254902 0 0.1176471 0 0.1215686 0 0.5215687 0 0.5254902 0 0.1254902 0 0.5215687 0 0.1215686 0 0.1294118 0 0.5215687 0 0.1254902 0 0.1333333 0 0.5215687 0 0.1294118 0 0.1333333 0 0.5176471 0 0.5215687 0 0.1372549 0 0.5176471 0 0.1333333 0 0.1411765 0 0.5176471 0 0.1372549 0 0.145098 0 0.5176471 0 0.1411765 0 0.145098 0 0.5137255 0 0.5176471 0 0.1490196 0 0.5137255 0 0.145098 0 0.1529412 0 0.5137255 0 0.1490196 0 0.1568627 0 0.5137255 0 0.1529412 0 0.1568627 0 0.509804 0 0.5137255 0 0.1607843 0 0.509804 0 0.1568627 0 0.1607843 0 0.5058824 0 0.509804 0 0.1647059 0 0.5058824 0 0.1607843 0 0.1647059 0 0.5019608 0 0.5058824 0 0.1686275 0 0.5019608 0 0.1647059 0 0.1686275 0 0.4980392 0 0.5019608 0 0.172549 0 0.4980392 0 0.1686275 0 0.172549 0 0.4941176 0 0.4980392 0 0.172549 0 0.4901961 0 0.4941176 0 0.1764706 0 0.4901961 0 0.172549 0 0.1764706 0 0.4862745 0 0.4901961 0 0.1803922 0 0.4862745 0 0.1764706 0 0.1803922 0 0.4823529 0 0.4862745 0 0.1843137 0 0.4823529 0 0.1803922 0 0.1882353 0 0.4823529 0 0.1843137 0 0.1882353 0 0.4784314 0 0.4823529 0 0.1921569 0 0.4784314 0 0.1882353 0 0.1921569 0 0.4745098 0 0.4784314 0 0.1960784 0 0.4745098 0 0.1921569 0 0.1960784 0 0.4705882 0 0.4745098 0 0.2 0 0.4705882 0 0.1960784 0 0.2 0 0.4666666 0 0.4705882 0 0.2039216 0 0.4666666 0 0.2 0 0.2039216 0 0.4627451 0 0.4666666 0 0.2078431 0 0.4627451 0 0.2039216 0 0.2078431 0 0.4588235 0 0.4627451 0 0.2117647 0 0.4588235 0 0.2078431 0 0.2117647 0 0.4549019 0 0.4588235 0 0.2156863 0 0.4549019 0 0.2117647 0 0.2156863 0 0.4509804 0 0.4549019 0 0.2196078 0 0.4509804 0 0.2156863 0 0.2196078 0 0.4470588 0 0.4509804 0 0.2235294 0 0.4470588 0 0.2196078 0 0.2235294 0 0.4431372 0 0.4470588 0 0.227451 0 0.4431372 0 0.2235294 0 0.227451 0 0.4392157 0 0.4431372 0 0.2313725 0 0.4392157 0 0.227451 0 0.2313725 0 0.4352941 0 0.4392157 0 0.2352941 0 0.4352941 0 0.2313725 0 0.2352941 0 0.4313725 0 0.4352941 0 0.2392157 0 0.4313725 0 0.2352941 0 0.2392157 0 0.427451 0 0.4313725 0 0.2431373 0 0.427451 0 0.2392157 0 0.2431373 0 0.4235294 0 0.427451 0 0.2470588 0 0.4235294 0 0.2431373 0 0.2470588 0 0.4196078 0 0.4235294 0 0.2509804 0 0.4196078 0 0.2470588 0 0.254902 0 0.4196078 0 0.2509804 0 0.254902 0 0.4156863 0 0.4196078 0 0.2588235 0 0.4156863 0 0.254902 0 0.2588235 0 0.4117647 0 0.4156863 0 0.2627451 0 0.4117647 0 0.2588235 0 0.2627451 0 0.4078431 0 0.4117647 0 0.2666667 0 0.4078431 0 0.2627451 0 0.2666667 0 0.4039216 0 0.4078431 0 0.2705882 0 0.9568628 0 0.2666667 0 0.9568628 0 0.4039216 0 0.2666667 0 0.9568628 0 0.9607843 0 0.4039216 0 0.9607843 0 0.4 0 0.4039216 0 0.2705882 0 0.9529412 0 0.9568628 0 0.9647059 0 0.4 0 0.9607843 0 0.2705882 0 0.9490196 0 0.9529412 0 0.9686275 0 0.4 0 0.9647059 0 0.2705882 0 0.9450981 0 0.9490196 0 0.2745098 0 0.9450981 0 0.2705882 0 0.972549 0 0.4 0 0.9686275 0 0.2745098 0 0.9411765 0 0.9450981 0 0.9764706 0 0.4 0 0.972549 0 0.2745098 0 0.9372549 0 0.9411765 0 0.9803922 0 0.4 0 0.9764706 0 0.9803922 0 0.3960784 0 0.4 0 0.2745098 0 0.9333333 0 0.9372549 0 0.9843137 0 0.3960784 0 0.9803922 0 0.2784314 0 0.9333333 0 0.2745098 0 0.2784314 0 0.9294118 0 0.9333333 0 0.9882353 0 0.3960784 0 0.9843137 0 0.9882353 0 0.3921568 0 0.3960784 0 0.2784314 0 0.9254902 0 0.9294118 0 0.2823529 0 0.9254902 0 0.2784314 0 0.9921569 0 0.3921568 0 0.9882353 0 0.2823529 0 0.9215686 0 0.9254902 0 0.9960784 0 0.3921568 0 0.9921569 0 0.9960784 0 0.3882353 0 0.3921568 0 0.2823529 0 0.9176471 0 0.9215686 0 0.2862745 0 0.9176471 0 0.2823529 0 1 0 0.3882353 0 0.9960784 0 0.2862745 0 0.9137255 0 0.9176471 0 1 0 0.3843137 0 0.3882353 0 0.2901961 0 0.9137255 0 0.2862745 0 0.2901961 0 0.9098039 0 0.9137255 0 0.8156863 0 0.3843137 0 1 0 0.8156863 0 0.3803921 0 0.3843137 0 0.2901961 0 0.9058824 0 0.9098039 0 0.2941176 0 0.9058824 0 0.2901961 0 0.8196079 0 0.3803921 0 0.8156863 0 0.2941176 0 0.9019608 0 0.9058824 0 0.8235294 0 0.3803921 0 0.8196079 0 0.8235294 0 0.3764706 0 0.3803921 0 0.2941176 0 0.8980392 0 0.9019608 0 0.827451 0 0.3764706 0 0.8235294 0 0.2980392 0 0.8980392 0 0.2941176 0 0.2980392 0 0.8941177 0 0.8980392 0 0.8313726 0 0.3764706 0 0.827451 0 0.2980392 0 0.8901961 0 0.8941177 0 0.8313726 0 0.372549 0 0.3764706 0 0.8352941 0 0.372549 0 0.8313726 0 0.3019608 0 0.8901961 0 0.2980392 0 0.3019608 0 0.8862745 0 0.8901961 0 0.8392157 0 0.372549 0 0.8352941 0 0.3019608 0 0.882353 0 0.8862745 0 0.8431373 0 0.372549 0 0.8392157 0 0.3019608 0 0.8784314 0 0.882353 0 0.8431373 0 0.3686274 0 0.372549 0 0.8470588 0 0.3686274 0 0.8431373 0 0.3058823 0 0.8784314 0 0.3019608 0 0.3058823 0 0.8745098 0 0.8784314 0 0.8509804 0 0.3686274 0 0.8470588 0 0.3058823 0 0.8705883 0 0.8745098 0 0.854902 0 0.3686274 0 0.8509804 0 0.3058823 0 0.8666667 0 0.8705883 0 0.8588235 0 0.3686274 0 0.854902 0 0.3058823 0 0.8627451 0 0.8666667 0 0.8627451 0 0.3686274 0 0.8588235 0 0.3058823 0 0.3686274 0 0.8627451 0 0.3058823 0 0.3647059 0 0.3686274 0 0.3098039 0 0.3647059 0 0.3058823 0 0.3098039 0 0.3607843 0 0.3647059 0 0.3137255 0 0.3607843 0 0.3098039 0 0.317647 0 0.3607843 0 0.3137255 0 0.317647 0 0.3568627 0 0.3607843 0 0.3215686 0 0.3568627 0 0.317647 0 0.3215686 0 0.3529412 0 0.3568627 0 0.3254902 0 0.3529412 0 0.3215686 0 0.3254902 0 0.3490196 0 0.3529412 0 0.3294118 0 0.3490196 0 0.3254902 0 0.3294118 0 0.345098 0 0.3490196 0 0.3333333 0 0.345098 0 0.3294118 0 0.3333333 0 0.3411765 0 0.345098 0 0.3372549 0 0.3411765 0 0.3333333 0 0.7857143 0 0.75 0 0.7678571 0 0.8035714 0 0.75 0 0.7857143 0 0.8035714 0 0.7321429 0 0.75 0 0.8214286 0 0.7321429 0 0.8035714 0 0.8392857 0 0.7321429 0 0.8214286 0 0.8392857 0 0.7142857 0 0.7321429 0 0.8571429 0 0.7142857 0 0.8392857 0 0.03571426 0 0 0 0.01785713 0 0.03571426 0 1 0 0 0 0.8571429 0 0.6964286 0 0.7142857 0 0.875 0 0.6964286 0 0.8571429 0 0.8928571 0 0.6964286 0 0.875 0 0.8928571 0 0.6785714 0 0.6964286 0 0.9107143 0 0.6785714 0 0.8928571 0 0.9107143 0 0.6607143 0 0.6785714 0 0.9285714 0 0.6607143 0 0.9107143 0 0.9464286 0 0.6607143 0 0.9285714 0 0.9464286 0 0.6428571 0 0.6607143 0 0.9642857 0 0.6428571 0 0.9464286 0 0.9821429 0 0.6428571 0 0.9642857 0 0.9821429 0 0.2857143 0 0.6428571 0 0.2857143 0 0.625 0 0.6428571 0 0.03571426 0 0.9821429 0 1 0 0.03571426 0 0.07142853 0 0.9821429 0 0.07142853 0 0.08928567 0 0.9821429 0 0.08928567 0 0.1071428 0 0.9821429 0 0.1071428 0 0.125 0 0.9821429 0 0.125 0 0.1428571 0 0.9821429 0 0.1428571 0 0.1607143 0 0.9821429 0 0.1607143 0 0.1785714 0 0.9821429 0 0.1785714 0 0.1964285 0 0.9821429 0 0.1964285 0 0.2142857 0 0.9821429 0 0.2142857 0 0.2321428 0 0.9821429 0 0.2321428 0 0.25 0 0.9821429 0 0.25 0 0.2678571 0 0.9821429 0 0.2678571 0 0.2857143 0 0.9821429 0 0.3035714 0 0.625 0 0.2857143 0 0.3214285 0 0.625 0 0.3035714 0 0.3392857 0 0.625 0 0.3214285 0 0.3571429 0 0.625 0 0.3392857 0 0.3571429 0 0.6071429 0 0.625 0 0.375 0 0.6071429 0 0.3571429 0 0.3928571 0 0.6071429 0 0.375 0 0.4107143 0 0.6071429 0 0.3928571 0 0.4107143 0 0.5892857 0 0.6071429 0 0.4285714 0 0.5892857 0 0.4107143 0 0.4464285 0 0.5892857 0 0.4285714 0 0.4464285 0 0.5714286 0 0.5892857 0 0.4642857 0 0.5714286 0 0.4464285 0 0.03571426 0 0.0535714 0 0.07142853 0 0.4821429 0 0.5714286 0 0.4642857 0 0.4821429 0 0.5535714 0 0.5714286 0 0.5 0 0.5535714 0 0.4821429 0 0.5178571 0 0.5535714 0 0.5 0 0.5178571 0 0.5357143 0 0.5535714 0 0.3333333 0 0.2941176 0 0.3137255 0 0.3333333 0 0.2745098 0 0.2941176 0 0.3529412 0 0.2745098 0 0.3333333 0 0.3529412 0 0.254902 0 0.2745098 0 0.372549 0 0.254902 0 0.3529412 0 0.372549 0 0.2352941 0 0.254902 0 0.3921568 0 0.2352941 0 0.372549 0 0.3921568 0 0.2156863 0 0.2352941 0 0.4117647 0 0.2156863 0 0.3921568 0 0.4117647 0 0.1960784 0 0.2156863 0 0.4313725 0 0.1960784 0 0.4117647 0 0.4313725 0 0.1764706 0 0.1960784 0 0.4509804 0 0.1764706 0 0.4313725 0 0.4509804 0 0.1568627 0 0.1764706 0 0.4705882 0 0.1568627 0 0.4509804 0 0.4705882 0 0.1372549 0 0.1568627 0 0.4901961 0 0.1372549 0 0.4705882 0 0.4901961 0 0.1176471 0 0.1372549 0 0.509804 0 0.1176471 0 0.4901961 0 0.509804 0 0.0980392 0 0.1176471 0 0.5294118 0 0.0980392 0 0.509804 0 0.5294118 0 0.07843136 0 0.0980392 0 0.5490196 0 0.07843136 0 0.5294118 0 0.5686275 0 0.07843136 0 0.5490196 0 0.5686275 0 1 0 0.07843136 0 0.5686275 0 0.9803922 0 1 0 0.5882353 0 0.9803922 0 0.5686275 0 0.5882353 0 0.9607843 0 0.9803922 0 0.6078432 0 0.9607843 0 0.5882353 0 0.6078432 0 0.9411765 0 0.9607843 0 0.627451 0 0.9411765 0 0.6078432 0 0.627451 0 0.9215686 0 0.9411765 0 0.6470589 0 0.9215686 0 0.627451 0 0.6470589 0 0.9019608 0 0.9215686 0 0.6666667 0 0.9019608 0 0.6470589 0 0.6666667 0 0.882353 0 0.9019608 0 0.6862745 0 0.882353 0 0.6666667 0 0.6862745 0 0.8627451 0 0.882353 0 0.7058824 0 0.8627451 0 0.6862745 0 0.7058824 0 0.8431373 0 0.8627451 0 0.7254902 0 0.8431373 0 0.7058824 0 0.7254902 0 0.8235294 0 0.8431373 0 0.7450981 0 0.8235294 0 0.7254902 0 0.7450981 0 0.8039216 0 0.8235294 0 0.7647059 0 0.8039216 0 0.7450981 0 0.7647059 0 0.7843137 0 0.8039216 0 0.03921568 0 0 0 0.01960784 0 0.03921568 0 0.05882352 0 0 0 0.8888889 0 0.6666667 0 0.7777778 0 0.8888889 0 1 0 0.6666667 0 0.2222222 0 0 0 0.1111111 0 0.2222222 0 0.5555556 0 0 0 0.3333333 0 0.5555556 0 0.2222222 0 0.3333333 0 0.4444444 0 0.5555556 0 0.7592593 0 0.7222222 0 0.7407407 0 0.7592593 0 0.7037037 0 0.7222222 0 0.7777778 0 0.7037037 0 0.7592593 0 0.7777778 0 0.6851852 0 0.7037037 0 0.7962963 0 0.6851852 0 0.7777778 0 0.7962963 0 0.6666667 0 0.6851852 0 0.7962963 0 0.6481481 0 0.6666667 0 0.8148148 0 0.6481481 0 0.7962963 0 0.8148148 0 0.6296296 0 0.6481481 0 0.0185185 0 1 0 0 0 0.0185185 0 0.9814815 0 1 0 0.8333333 0 0.6296296 0 0.8148148 0 0.8333333 0 0.6111111 0 0.6296296 0 0.8333333 0 0.5925926 0 0.6111111 0 0.8518519 0 0.5925926 0 0.8333333 0 0.8518519 0 0.5740741 0 0.5925926 0 0.8703704 0 0.5740741 0 0.8518519 0 0.8703704 0 0.5555556 0 0.5740741 0 0.8703704 0 0.537037 0 0.5555556 0 0.8888889 0 0.537037 0 0.8703704 0 0.8888889 0 0.5185185 0 0.537037 0 0.9074074 0 0.5185185 0 0.8888889 0 0.9074074 0 0.3333333 0 0.5185185 0 0.3333333 0 0.3518518 0 0.5185185 0 0.3518518 0 0.3703703 0 0.5185185 0 0.3703703 0 0.3888889 0 0.5185185 0 0.3888889 0 0.4074074 0 0.5185185 0 0.4074074 0 0.4259259 0 0.5185185 0 0.4259259 0 0.4444444 0 0.5185185 0 0.4444444 0 0.4629629 0 0.5185185 0 0.4629629 0 0.4814815 0 0.5185185 0 0.4814815 0 0.5 0 0.5185185 0 0.9259259 0 0.2962963 0 0.9074074 0 0.2962963 0 0.3148148 0 0.9074074 0 0.3148148 0 0.3333333 0 0.9074074 0 0.9444444 0 0.2592592 0 0.9259259 0 0.2592592 0 0.2777778 0 0.9259259 0 0.2777778 0 0.2962963 0 0.9259259 0 0.9444444 0 0.2407407 0 0.2592592 0 0.9444444 0 0.2222222 0 0.2407407 0 0.962963 0 0.2222222 0 0.9444444 0 0.962963 0 0.2037037 0 0.2222222 0 0.962963 0 0.1851851 0 0.2037037 0 0.0185185 0 0.962963 0 0.9814815 0 0.0185185 0 0.1111111 0 0.962963 0 0.1111111 0 0.1296296 0 0.962963 0 0.1296296 0 0.1481481 0 0.962963 0 0.1481481 0 0.1666666 0 0.962963 0 0.1666666 0 0.1851851 0 0.962963 0 0.0185185 0 0.09259259 0 0.1111111 0 0.0185185 0 0.07407402 0 0.09259259 0 0.0185185 0 0.05555552 0 0.07407402 0 0.0185185 0 0.03703701 0 0.05555552 0 0.2196531 0 0.2080925 0 0.2138728 0 0.2254335 0 0.2080925 0 0.2196531 0 0.2254335 0 0.2023121 0 0.2080925 0 0.2312138 0 0.2023121 0 0.2254335 0 0.2369942 0 0.2023121 0 0.2312138 0 0.2369942 0 0.1965318 0 0.2023121 0 0.2427746 0 0.1965318 0 0.2369942 0 0.2427746 0 0.1907514 0 0.1965318 0 0.2485549 0 0.1907514 0 0.2427746 0 0.2543352 0 0.1907514 0 0.2485549 0 0.2543352 0 0.184971 0 0.1907514 0 0.2601156 0 0.184971 0 0.2543352 0 0.2601156 0 0.1791907 0 0.184971 0 0.265896 0 0.1791907 0 0.2601156 0 0.2716763 0 0.1791907 0 0.265896 0 0.2716763 0 0.1734104 0 0.1791907 0 0.2774567 0 0.1734104 0 0.2716763 0 0.2774567 0 0.16763 0 0.1734104 0 0.283237 0 0.16763 0 0.2774567 0 0.2890173 0 0.2947977 0 0.283237 0 0.2947977 0 0.300578 0 0.283237 0 0.300578 0 0.3063583 0 0.283237 0 0.3063583 0 0.3121387 0 0.283237 0 0.3121387 0 0.3179191 0 0.283237 0 0.3179191 0 0.3236994 0 0.283237 0 0.3236994 0 0.3294798 0 0.283237 0 0.3294798 0 0.3352601 0 0.283237 0 0.3352601 0 0.3410404 0 0.283237 0 0.3410404 0 0.3468208 0 0.283237 0 0.3468208 0 0.16763 0 0.283237 0 0.3468208 0 0.3526012 0 0.16763 0 0.3526012 0 0.3583815 0 0.16763 0 0.3583815 0 0.1618497 0 0.16763 0 0.3583815 0 0.3641619 0 0.1618497 0 0.3641619 0 0.1560693 0 0.1618497 0 0.3699422 0 0.1560693 0 0.3641619 0 0.3757225 0 0.1560693 0 0.3699422 0 0.3815029 0 0.1560693 0 0.3757225 0 0.3872832 0 0.1560693 0 0.3815029 0 0.3930636 0 0.1560693 0 0.3872832 0 0.3930636 0 0.150289 0 0.1560693 0 0.398844 0 0.150289 0 0.3930636 0 0.4046243 0 0.150289 0 0.398844 0 0.4104046 0 0.150289 0 0.4046243 0 0.4104046 0 0.1445087 0 0.150289 0 0.416185 0 0.1445087 0 0.4104046 0 0.4219653 0 0.1445087 0 0.416185 0 0.4219653 0 0.1387283 0 0.1445087 0 0.4277456 0 0.1387283 0 0.4219653 0 0.433526 0 0.1387283 0 0.4277456 0 0.4393063 0 1 0 0.433526 0 1 0 0.1387283 0 0.433526 0 0.4450867 0 1 0 0.4393063 0 0.4508671 0 1 0 0.4450867 0 0.4566474 0 1 0 0.4508671 0 0.4624277 0 1 0 0.4566474 0 0.4624277 0 0.9942197 0 1 0 0.7919075 0 0.1387283 0 1 0 0.4624277 0 0.9884393 0 0.9942197 0 0.4682081 0 0.9884393 0 0.4624277 0 0.4682081 0 0.982659 0 0.9884393 0 0.4739884 0 0.982659 0 0.4682081 0 0.4739884 0 0.9768786 0 0.982659 0 0.4797688 0 0.9768786 0 0.4739884 0 0.4797688 0 0.9710983 0 0.9768786 0 0.4797688 0 0.9653179 0 0.9710983 0 0.4855491 0 0.9653179 0 0.4797688 0 0.4855491 0 0.9595376 0 0.9653179 0 0.4913295 0 0.9595376 0 0.4855491 0 0.4913295 0 0.9537572 0 0.9595376 0 0.4913295 0 0.9479769 0 0.9537572 0 0.4971098 0 0.9479769 0 0.4913295 0 0.4971098 0 0.9421966 0 0.9479769 0 0.4971098 0 0.9364162 0 0.9421966 0 0.5028902 0 0.9364162 0 0.4971098 0 0.5028902 0 0.9306358 0 0.9364162 0 0.5086705 0 0.9306358 0 0.5028902 0 0.5086705 0 0.9248555 0 0.9306358 0 0.5086705 0 0.9190751 0 0.9248555 0 0.5144509 0 0.9190751 0 0.5086705 0 0.5144509 0 0.9132948 0 0.9190751 0 0.5144509 0 0.9075145 0 0.9132948 0 0.7976879 0 0.1387283 0 0.7919075 0 0.5202312 0 0.9075145 0 0.5144509 0 0.8034682 0 0.1387283 0 0.7976879 0 0.5202312 0 0.9017341 0 0.9075145 0 0.8092486 0 0.1387283 0 0.8034682 0 0.005780339 0 0.7861272 0 0 0 0.8092486 0 0.1329479 0 0.1387283 0 0.5202312 0 0.8959538 0 0.9017341 0 0.01156067 0 0.7861272 0 0.005780339 0 0.8150289 0 0.1329479 0 0.8092486 0 0.8150289 0 0.1271676 0 0.1329479 0 0.01734101 0 0.7861272 0 0.01156067 0 0.5260116 0 0.8959538 0 0.5202312 0 0.5260116 0 0.8901734 0 0.8959538 0 0.8150289 0 0.1213873 0 0.1271676 0 0.8208093 0 0.1213873 0 0.8150289 0 0.02312135 0 0.7861272 0 0.01734101 0 0.8208093 0 0.1156069 0 0.1213873 0 0.8265896 0 0.1156069 0 0.8208093 0 0.02890169 0 0.7861272 0 0.02312135 0 0.5260116 0 0.884393 0 0.8901734 0 0.8265896 0 0.1098266 0 0.1156069 0 0.03468203 0 0.7861272 0 0.02890169 0 0.8323699 0 0.1098266 0 0.8265896 0 0.8323699 0 0.1040462 0 0.1098266 0 0.04046237 0 0.7861272 0 0.03468203 0 0.5260116 0 0.8786127 0 0.884393 0 0.8323699 0 0.09826588 0 0.1040462 0 0.8381503 0 0.09826588 0 0.8323699 0 0.04624277 0 0.7861272 0 0.04046237 0 0.8381503 0 0.09248554 0 0.09826588 0 0.5317919 0 0.8786127 0 0.5260116 0 0.05202311 0 0.7861272 0 0.04624277 0 0.5317919 0 0.8728324 0 0.8786127 0 0.8439307 0 0.09248554 0 0.8381503 0 0.8439307 0 0.0867052 0 0.09248554 0 0.05780345 0 0.7861272 0 0.05202311 0 0.8439307 0 0.0809248 0 0.0867052 0 0.06358379 0 0.7861272 0 0.05780345 0 0.849711 0 0.0809248 0 0.8439307 0 0.849711 0 0.07514446 0 0.0809248 0 0.06936413 0 0.7861272 0 0.06358379 0 0.849711 0 0.06936413 0 0.07514446 0 0.5317919 0 0.867052 0 0.8728324 0 0.849711 0 0.7861272 0 0.06936413 0 0.8554913 0 0.7861272 0 0.849711 0 0.5317919 0 0.8612717 0 0.867052 0 0.8612717 0 0.7861272 0 0.8554913 0 0.5317919 0 0.6473988 0 0.8612717 0 0.6473988 0 0.7861272 0 0.8612717 0 0.5375723 0 0.6473988 0 0.5317919 0 0.5375723 0 0.6416185 0 0.6473988 0 0.6531792 0 0.7861272 0 0.6473988 0 0.5433526 0 0.6416185 0 0.5375723 0 0.5433526 0 0.6358382 0 0.6416185 0 0.6589595 0 0.7861272 0 0.6531792 0 0.6589595 0 0.7803468 0 0.7861272 0 0.549133 0 0.6358382 0 0.5433526 0 0.549133 0 0.6300578 0 0.6358382 0 0.6647399 0 0.7803468 0 0.6589595 0 0.6647399 0 0.7745665 0 0.7803468 0 0.549133 0 0.6242775 0 0.6300578 0 0.6705203 0 0.7745665 0 0.6647399 0 0.5549133 0 0.6242775 0 0.549133 0 0.6705203 0 0.7687861 0 0.7745665 0 0.5549133 0 0.6184971 0 0.6242775 0 0.6763006 0 0.7687861 0 0.6705203 0 0.6763006 0 0.7630058 0 0.7687861 0 0.5606936 0 0.6184971 0 0.5549133 0 0.5606936 0 0.6127167 0 0.6184971 0 0.6820809 0 0.7630058 0 0.6763006 0 0.6820809 0 0.7572255 0 0.7630058 0 0.5606936 0 0.6069364 0 0.6127167 0 0.6878613 0 0.7572255 0 0.6820809 0 0.6878613 0 0.7514451 0 0.7572255 0 0.566474 0 0.6069364 0 0.5606936 0 0.566474 0 0.6011561 0 0.6069364 0 0.6936416 0 0.7514451 0 0.6878613 0 0.6936416 0 0.7456647 0 0.7514451 0 0.566474 0 0.5953757 0 0.6011561 0 0.6936416 0 0.7398844 0 0.7456647 0 0.699422 0 0.7398844 0 0.6936416 0 0.5722544 0 0.5953757 0 0.566474 0 0.699422 0 0.734104 0 0.7398844 0 0.5722544 0 0.5895954 0 0.5953757 0 0.7052024 0 0.734104 0 0.699422 0 0.7052024 0 0.7283237 0 0.734104 0 0.5722544 0 0.583815 0 0.5895954 0 0.7109827 0 0.7283237 0 0.7052024 0 0.5780347 0 0.583815 0 0.5722544 0 0.7109827 0 0.7225434 0 0.7283237 0 0.716763 0 0.7225434 0 0.7109827 0 0.0181818 0 0.5272727 0 0 0 0.5272727 0 0.5090909 0 0 0 0.5272727 0 0.4909091 0 0.5090909 0 0.5272727 0 0.4727272 0 0.4909091 0 0.5272727 0 0.4545454 0 0.4727272 0 0.5272727 0 0.4363636 0 0.4545454 0 0.5272727 0 0.4181818 0 0.4363636 0 0.5272727 0 0.4 0 0.4181818 0 0.5272727 0 0.3818182 0 0.4 0 0.5272727 0 0.5454546 0 0.3818182 0 0.5454546 0 0.3636364 0 0.3818182 0 0.0181818 0 1 0 0.5272727 0 0.5636364 0 0.3636364 0 0.5454546 0 0.5818182 0 0.3636364 0 0.5636364 0 0.6 0 0.3636364 0 0.5818182 0 0.6 0 0.3454545 0 0.3636364 0 0.6181818 0 0.3454545 0 0.6 0 0.6363636 0 0.3454545 0 0.6181818 0 0.6545454 0 0.3454545 0 0.6363636 0 0.6545454 0 0.3272727 0 0.3454545 0 0.6727273 0 0.3272727 0 0.6545454 0 0.6909091 0 0.3272727 0 0.6727273 0 0.7090909 0 0.3272727 0 0.6909091 0 0.7090909 0 0.3090909 0 0.3272727 0 0.7272728 0 0.3090909 0 0.7090909 0 0.7454546 0 0.3090909 0 0.7272728 0 0.7454546 0 0.2909091 0 0.3090909 0 0.7636364 0 0.2909091 0 0.7454546 0 0.7818182 0 0.2909091 0 0.7636364 0 0.7818182 0 0.2727273 0 0.2909091 0 0.8 0 0.2727273 0 0.7818182 0 0.8 0 0.2545455 0 0.2727273 0 0.8181818 0 0.2545455 0 0.8 0 0.8363636 0 0.2545455 0 0.8181818 0 0.8363636 0 0.2363636 0 0.2545455 0 0.8545455 0 0.2363636 0 0.8363636 0 0.8727273 0 0.2363636 0 0.8545455 0 0.8727273 0 0.2181818 0 0.2363636 0 0.8909091 0 0.2181818 0 0.8727273 0 0.9090909 0 0.2181818 0 0.8909091 0 0.9272727 0 0.2181818 0 0.9090909 0 0.9454545 0 0.2181818 0 0.9272727 0 0.9454545 0 0.2 0 0.2181818 0 0.9636363 0 0.2 0 0.9454545 0 0.9818182 0 0.2 0 0.9636363 0 0.0181818 0 0.0545454 0 1 0 0.0545454 0 0.9818182 0 1 0 0.0545454 0 0.2 0 0.9818182 0 0.0545454 0 0.1818181 0 0.2 0 0.0545454 0 0.1636363 0 0.1818181 0 0.0545454 0 0.1454545 0 0.1636363 0 0.0545454 0 0.1272727 0 0.1454545 0 0.0545454 0 0.1090909 0 0.1272727 0 0.0545454 0 0.09090906 0 0.1090909 0 0.0545454 0 0.07272726 0 0.09090906 0 0.0181818 0 0.0363636 0 0.0545454 0 0.01754385 0 1 0 0 0 0.01754385 0 0.9824562 0 1 0 0.01754385 0 0.9649123 0 0.9824562 0 0.0350877 0 0.9649123 0 0.01754385 0 0.05263155 0 0.9649123 0 0.0350877 0 0.0701754 0 0.9473685 0 0.05263155 0 0.9473685 0 0.9649123 0 0.05263155 0 0.0701754 0 0.9298246 0 0.9473685 0 0.0701754 0 0.9122807 0 0.9298246 0 0.08771926 0 0.9122807 0 0.0701754 0 0.08771926 0 0.8947368 0 0.9122807 0 0.08771926 0 0.877193 0 0.8947368 0 0.1052631 0 0.877193 0 0.08771926 0 0.1052631 0 0.8596491 0 0.877193 0 0.5263158 0 0.4912281 0 0.508772 0 0.5438597 0 0.4912281 0 0.5263158 0 0.1052631 0 0.8421053 0 0.8596491 0 0.5614035 0 0.4912281 0 0.5438597 0 0.122807 0 0.8421053 0 0.1052631 0 0.122807 0 0.8245614 0 0.8421053 0 0.5789474 0 0.4912281 0 0.5614035 0 0.5964912 0 0.4912281 0 0.5789474 0 0.122807 0 0.8070176 0 0.8245614 0 0.6140351 0 0.4912281 0 0.5964912 0 0.122807 0 0.7894737 0 0.8070176 0 0.6315789 0 0.4912281 0 0.6140351 0 0.122807 0 0.7719298 0 0.7894737 0 0.6491228 0 0.4912281 0 0.6315789 0 0.1403508 0 0.7719298 0 0.122807 0 0.6666667 0 0.4912281 0 0.6491228 0 0.1403508 0 0.754386 0 0.7719298 0 0.6842105 0 0.4912281 0 0.6666667 0 0.1403508 0 0.7368421 0 0.754386 0 0.7017544 0 0.4912281 0 0.6842105 0 0.1403508 0 0.7192983 0 0.7368421 0 0.7192983 0 0.4912281 0 0.7017544 0 0.1403508 0 0.4912281 0 0.7192983 0 0.1578947 0 0.4912281 0 0.1403508 0 0.1754386 0 0.4912281 0 0.1578947 0 0.1929824 0 0.4912281 0 0.1754386 0 0.1929824 0 0.4736842 0 0.4912281 0 0.2105263 0 0.4736842 0 0.1929824 0 0.2105263 0 0.4561403 0 0.4736842 0 0.2105263 0 0.4385965 0 0.4561403 0 0.2280701 0 0.4385965 0 0.2105263 0 0.2280701 0 0.4210526 0 0.4385965 0 0.2280701 0 0.4035088 0 0.4210526 0 0.2280701 0 0.3859649 0 0.4035088 0 0.245614 0 0.3859649 0 0.2280701 0 0.245614 0 0.368421 0 0.3859649 0 0.245614 0 0.3508772 0 0.368421 0 0.2631579 0 0.3508772 0 0.245614 0 0.2631579 0 0.3333333 0 0.3508772 0 0.2631579 0 0.3157895 0 0.3333333 0 0.2807018 0 0.3157895 0 0.2631579 0 0.2807018 0 0.2982456 0 0.3157895 0 0.01052629 0 0.4947369 0 0 0 0.01052629 0 0.4842105 0 0.4947369 0 0.02105259 0 0.4842105 0 0.01052629 0 0.02105259 0 0.4736842 0 0.4842105 0 0.03157889 0 0.4736842 0 0.02105259 0 0.03157889 0 0.4631579 0 0.4736842 0 0.04210525 0 0.4631579 0 0.03157889 0 0.04210525 0 0.4526316 0 0.4631579 0 0.05263155 0 0.4526316 0 0.04210525 0 0.05263155 0 0.4421052 0 0.4526316 0 0.06315785 0 0.4421052 0 0.05263155 0 0.06315785 0 0.4315789 0 0.4421052 0 0.07368421 0 0.5052632 0 0.06315785 0 0.5052632 0 0.4315789 0 0.06315785 0 0.07368421 0 1 0 0.5052632 0 0.5157895 0 0.4315789 0 0.5052632 0 0.07368421 0 0.9894737 0 1 0 0.5263158 0 0.4315789 0 0.5157895 0 0.07368421 0 0.9789474 0 0.9894737 0 0.5368421 0 0.4315789 0 0.5263158 0 0.5368421 0 0.4210526 0 0.4315789 0 0.08421051 0 0.9789474 0 0.07368421 0 0.08421051 0 0.9684211 0 0.9789474 0 0.5473684 0 0.4210526 0 0.5368421 0 0.08421051 0 0.9578948 0 0.9684211 0 0.5578948 0 0.4210526 0 0.5473684 0 0.08421051 0 0.9473685 0 0.9578948 0 0.5684211 0 0.4210526 0 0.5578948 0 0.5684211 0 0.4105263 0 0.4210526 0 0.09473681 0 0.9473685 0 0.08421051 0 0.09473681 0 0.9368421 0 0.9473685 0 0.5789474 0 0.4105263 0 0.5684211 0 0.09473681 0 0.9263158 0 0.9368421 0 0.5894737 0 0.4105263 0 0.5789474 0 0.5894737 0 0.4 0 0.4105263 0 0.1052631 0 0.9263158 0 0.09473681 0 0.1052631 0 0.9157895 0 0.9263158 0 0.6 0 0.4 0 0.5894737 0 0.6 0 0.3894737 0 0.4 0 0.1157894 0 0.9157895 0 0.1052631 0 0.1157894 0 0.9052632 0 0.9157895 0 0.6105263 0 0.3894737 0 0.6 0 0.1157894 0 0.8947368 0 0.9052632 0 0.6210526 0 0.3894737 0 0.6105263 0 0.6210526 0 0.3789474 0 0.3894737 0 0.1263158 0 0.8947368 0 0.1157894 0 0.1263158 0 0.8842105 0 0.8947368 0 0.6315789 0 0.3789474 0 0.6210526 0 0.1368421 0 0.8842105 0 0.1263158 0 0.1368421 0 0.8736842 0 0.8842105 0 0.6315789 0 0.368421 0 0.3789474 0 0.6421053 0 0.368421 0 0.6315789 0 0.1368421 0 0.8631579 0 0.8736842 0 0.6526316 0 0.368421 0 0.6421053 0 0.1473684 0 0.8631579 0 0.1368421 0 0.6526316 0 0.3578947 0 0.368421 0 0.1473684 0 0.8526316 0 0.8631579 0 0.6631579 0 0.3578947 0 0.6526316 0 0.1473684 0 0.8421053 0 0.8526316 0 0.1578947 0 0.8421053 0 0.1473684 0 0.6736842 0 0.3578947 0 0.6631579 0 0.6736842 0 0.3473684 0 0.3578947 0 0.1578947 0 0.831579 0 0.8421053 0 0.6842105 0 0.3473684 0 0.6736842 0 0.168421 0 0.831579 0 0.1578947 0 0.6842105 0 0.3368421 0 0.3473684 0 0.168421 0 0.8210526 0 0.831579 0 0.6947368 0 0.3368421 0 0.6842105 0 0.168421 0 0.8105263 0 0.8210526 0 0.7052631 0 0.3368421 0 0.6947368 0 0.1789473 0 0.8105263 0 0.168421 0 0.7052631 0 0.3263158 0 0.3368421 0 0.1789473 0 0.8 0 0.8105263 0 0.7157895 0 0.3263158 0 0.7052631 0 0.1789473 0 0.7894737 0 0.8 0 0.7263158 0 0.3263158 0 0.7157895 0 0.1789473 0 0.7789474 0 0.7894737 0 0.7368421 0 0.3263158 0 0.7263158 0 0.1894736 0 0.7789474 0 0.1789473 0 0.7368421 0 0.3157895 0 0.3263158 0 0.1894736 0 0.7684211 0 0.7789474 0 0.7473684 0 0.3157895 0 0.7368421 0 0.1894736 0 0.7578948 0 0.7684211 0 0.7578948 0 0.3157895 0 0.7473684 0 0.1894736 0 0.3157895 0 0.7578948 0 0.2 0 0.3157895 0 0.1894736 0 0.2 0 0.3052632 0 0.3157895 0 0.2105263 0 0.3052632 0 0.2 0 0.2105263 0 0.2947368 0 0.3052632 0 0.2210526 0 0.2947368 0 0.2105263 0 0.2210526 0 0.2842105 0 0.2947368 0 0.2315789 0 0.2842105 0 0.2210526 0 0.2315789 0 0.2736842 0 0.2842105 0 0.2421053 0 0.2736842 0 0.2315789 0 0.2421053 0 0.2631579 0 0.2736842 0 0.2526316 0 0.2631579 0 0.2421053 0 0.02020198 0 0 0 0.01010096 0 0.02020198 0 0.5050505 0 0 0 0.3939394 0 0.3737373 0 0.3838384 0 0.4040404 0 0.3737373 0 0.3939394 0 0.4141414 0 0.3737373 0 0.4040404 0 0.4141414 0 0.3636364 0 0.3737373 0 0.4242424 0 0.3636364 0 0.4141414 0 0.4343434 0 0.3636364 0 0.4242424 0 0.4444444 0 0.3636364 0 0.4343434 0 0.4444444 0 0.3535354 0 0.3636364 0 0.4545454 0 0.3535354 0 0.4444444 0 0.4646465 0 0.3535354 0 0.4545454 0 0.4646465 0 0.3434343 0 0.3535354 0 0.4747475 0 0.3434343 0 0.4646465 0 0.4848485 0 0.3434343 0 0.4747475 0 0.4949495 0 0.3434343 0 0.4848485 0 0.4949495 0 0.3333333 0 0.3434343 0 0.5050505 0 0.3333333 0 0.4949495 0 0.02020198 0 0.5151515 0 0.5050505 0 0.5151515 0 0.5252525 0 0.5050505 0 0.5252525 0 0.5353536 0 0.5050505 0 0.5353536 0 0.5454546 0 0.5050505 0 0.5454546 0 0.5555556 0 0.5050505 0 0.5555556 0 0.5656566 0 0.5050505 0 0.5656566 0 0.5757576 0 0.5050505 0 0.5757576 0 0.5858586 0 0.5050505 0 0.5858586 0 0.5959596 0 0.5050505 0 0.5959596 0 0.6060606 0 0.5050505 0 0.6060606 0 0.3333333 0 0.5050505 0 0.6060606 0 0.6161617 0 0.3333333 0 0.6161617 0 0.3232323 0 0.3333333 0 0.6161617 0 0.6262626 0 0.3232323 0 0.6262626 0 0.6363636 0 0.3232323 0 0.6363636 0 0.3131313 0 0.3232323 0 0.6464647 0 0.3131313 0 0.6363636 0 0.6565657 0 0.3131313 0 0.6464647 0 0.6565657 0 0.3030303 0 0.3131313 0 0.6666667 0 0.3030303 0 0.6565657 0 0.6767677 0 0.3030303 0 0.6666667 0 0.6868687 0 0.3030303 0 0.6767677 0 0.6868687 0 0.2929293 0 0.3030303 0 0.6969697 0 0.2929293 0 0.6868687 0 0.7070707 0 0.2929293 0 0.6969697 0 0.02020198 0 1 0 0.5151515 0 0.7070707 0 0.2828283 0 0.2929293 0 0.7171717 0 0.2828283 0 0.7070707 0 0.7272728 0 0.2828283 0 0.7171717 0 0.7272728 0 0.2727273 0 0.2828283 0 0.7373737 0 0.2727273 0 0.7272728 0 0.7474747 0 0.2727273 0 0.7373737 0 0.7474747 0 0.2626262 0 0.2727273 0 0.7575758 0 0.2626262 0 0.7474747 0 0.7575758 0 0.2525252 0 0.2626262 0 0.7676768 0 0.2525252 0 0.7575758 0 0.7777778 0 0.2525252 0 0.7676768 0 0.7777778 0 0.2424242 0 0.2525252 0 0.7878788 0 0.2424242 0 0.7777778 0 0.7878788 0 0.2323232 0 0.2424242 0 0.7979798 0 0.2323232 0 0.7878788 0 0.8080808 0 0.2323232 0 0.7979798 0 0.8080808 0 0.2222222 0 0.2323232 0 0.8181818 0 0.2222222 0 0.8080808 0 0.8282828 0 0.2222222 0 0.8181818 0 0.8383839 0 0.2222222 0 0.8282828 0 0.8383839 0 0.2121212 0 0.2222222 0 0.8484849 0 0.2121212 0 0.8383839 0 0.02020198 0 0.989899 0 1 0 0.02020198 0 0.979798 0 0.989899 0 0.8585858 0 0.2121212 0 0.8484849 0 0.02020198 0 0.969697 0 0.979798 0 0.02020198 0 0.959596 0 0.969697 0 0.02020198 0 0.949495 0 0.959596 0 0.02020198 0 0.9393939 0 0.949495 0 0.8686869 0 0.2121212 0 0.8585858 0 0.02020198 0 0.9292929 0 0.9393939 0 0.8686869 0 0.2020202 0 0.2121212 0 0.02020198 0 0.9191919 0 0.9292929 0 0.02020198 0 0.9090909 0 0.9191919 0 0.8787879 0 0.2020202 0 0.8686869 0 0.02020198 0 0.8989899 0 0.9090909 0 0.02020198 0 0.8888889 0 0.8989899 0 0.02020198 0 0.8787879 0 0.8888889 0 0.02020198 0 0.2020202 0 0.8787879 0 0.02020198 0 0.1919192 0 0.2020202 0 0.02020198 0 0.1818181 0 0.1919192 0 0.030303 0 0.1818181 0 0.02020198 0 0.030303 0 0.1717171 0 0.1818181 0 0.04040402 0 0.1717171 0 0.030303 0 0.05050504 0 0.1717171 0 0.04040402 0 0.06060606 0 0.1717171 0 0.05050504 0 0.06060606 0 0.1616162 0 0.1717171 0 0.07070702 0 0.1616162 0 0.06060606 0 0.08080804 0 0.1616162 0 0.07070702 0 0.09090906 0 0.1616162 0 0.08080804 0 0.09090906 0 0.1515151 0 0.1616162 0 0.1010101 0 0.1515151 0 0.09090906 0 0.1111111 0 0.1515151 0 0.1010101 0 0.1212121 0 0.1515151 0 0.1111111 0 0.1212121 0 0.1414141 0 0.1515151 0 0.1313131 0 0.1414141 0 0.1212121 0 0.01052629 0 0.4947369 0 0 0 0.01052629 0 0.4842105 0 0.4947369 0 0.02105259 0 0.4842105 0 0.01052629 0 0.02105259 0 0.4736842 0 0.4842105 0 0.03157889 0 0.4736842 0 0.02105259 0 0.03157889 0 0.4631579 0 0.4736842 0 0.04210525 0 0.4631579 0 0.03157889 0 0.04210525 0 0.4526316 0 0.4631579 0 0.05263155 0 0.4526316 0 0.04210525 0 0.05263155 0 0.4421052 0 0.4526316 0 0.06315785 0 0.4421052 0 0.05263155 0 0.06315785 0 0.4315789 0 0.4421052 0 0.07368421 0 0.5052632 0 0.06315785 0 0.5052632 0 0.4315789 0 0.06315785 0 0.07368421 0 1 0 0.5052632 0 0.5157895 0 0.4315789 0 0.5052632 0 0.07368421 0 0.9894737 0 1 0 0.5263158 0 0.4315789 0 0.5157895 0 0.07368421 0 0.9789474 0 0.9894737 0 0.5368421 0 0.4315789 0 0.5263158 0 0.5368421 0 0.4210526 0 0.4315789 0 0.08421051 0 0.9789474 0 0.07368421 0 0.08421051 0 0.9684211 0 0.9789474 0 0.5473684 0 0.4210526 0 0.5368421 0 0.08421051 0 0.9578948 0 0.9684211 0 0.5578948 0 0.4210526 0 0.5473684 0 0.08421051 0 0.9473685 0 0.9578948 0 0.5684211 0 0.4210526 0 0.5578948 0 0.5684211 0 0.4105263 0 0.4210526 0 0.09473681 0 0.9473685 0 0.08421051 0 0.09473681 0 0.9368421 0 0.9473685 0 0.5789474 0 0.4105263 0 0.5684211 0 0.09473681 0 0.9263158 0 0.9368421 0 0.5894737 0 0.4105263 0 0.5789474 0 0.5894737 0 0.4 0 0.4105263 0 0.1052631 0 0.9263158 0 0.09473681 0 0.1052631 0 0.9157895 0 0.9263158 0 0.6 0 0.4 0 0.5894737 0 0.6 0 0.3894737 0 0.4 0 0.1157894 0 0.9157895 0 0.1052631 0 0.1157894 0 0.9052632 0 0.9157895 0 0.6105263 0 0.3894737 0 0.6 0 0.1157894 0 0.8947368 0 0.9052632 0 0.6210526 0 0.3894737 0 0.6105263 0 0.6210526 0 0.3789474 0 0.3894737 0 0.1263158 0 0.8947368 0 0.1157894 0 0.1263158 0 0.8842105 0 0.8947368 0 0.6315789 0 0.3789474 0 0.6210526 0 0.1368421 0 0.8842105 0 0.1263158 0 0.1368421 0 0.8736842 0 0.8842105 0 0.6315789 0 0.368421 0 0.3789474 0 0.6421053 0 0.368421 0 0.6315789 0 0.1368421 0 0.8631579 0 0.8736842 0 0.6526316 0 0.368421 0 0.6421053 0 0.1473684 0 0.8631579 0 0.1368421 0 0.6526316 0 0.3578947 0 0.368421 0 0.1473684 0 0.8526316 0 0.8631579 0 0.6631579 0 0.3578947 0 0.6526316 0 0.1473684 0 0.8421053 0 0.8526316 0 0.1578947 0 0.8421053 0 0.1473684 0 0.6736842 0 0.3578947 0 0.6631579 0 0.6736842 0 0.3473684 0 0.3578947 0 0.1578947 0 0.831579 0 0.8421053 0 0.6842105 0 0.3473684 0 0.6736842 0 0.168421 0 0.831579 0 0.1578947 0 0.6842105 0 0.3368421 0 0.3473684 0 0.168421 0 0.8210526 0 0.831579 0 0.6947368 0 0.3368421 0 0.6842105 0 0.168421 0 0.8105263 0 0.8210526 0 0.7052631 0 0.3368421 0 0.6947368 0 0.1789473 0 0.8105263 0 0.168421 0 0.7052631 0 0.3263158 0 0.3368421 0 0.1789473 0 0.8 0 0.8105263 0 0.7157895 0 0.3263158 0 0.7052631 0 0.1789473 0 0.7894737 0 0.8 0 0.7263158 0 0.3263158 0 0.7157895 0 0.1789473 0 0.7789474 0 0.7894737 0 0.7368421 0 0.3263158 0 0.7263158 0 0.1894736 0 0.7789474 0 0.1789473 0 0.7368421 0 0.3157895 0 0.3263158 0 0.1894736 0 0.7684211 0 0.7789474 0 0.7473684 0 0.3157895 0 0.7368421 0 0.1894736 0 0.7578948 0 0.7684211 0 0.7578948 0 0.3157895 0 0.7473684 0 0.1894736 0 0.3157895 0 0.7578948 0 0.2 0 0.3157895 0 0.1894736 0 0.2 0 0.3052632 0 0.3157895 0 0.2105263 0 0.3052632 0 0.2 0 0.2105263 0 0.2947368 0 0.3052632 0 0.2210526 0 0.2947368 0 0.2105263 0 0.2210526 0 0.2842105 0 0.2947368 0 0.2315789 0 0.2842105 0 0.2210526 0 0.2315789 0 0.2736842 0 0.2842105 0 0.2421053 0 0.2736842 0 0.2315789 0 0.2421053 0 0.2631579 0 0.2736842 0 0.2526316 0 0.2631579 0 0.2421053 0 0.01075267 0 0.7204301 0 0 0 0.7204301 0 0.7096774 0 0 0 0.7204301 0 0.6989247 0 0.7096774 0 0.7204301 0 0.6881721 0 0.6989247 0 0.7204301 0 0.6774194 0 0.6881721 0 0.7204301 0 0.6666667 0 0.6774194 0 0.7204301 0 0.655914 0 0.6666667 0 0.7204301 0 0.6451613 0 0.655914 0 0.7204301 0 0.6344086 0 0.6451613 0 0.7204301 0 0.7311828 0 0.6344086 0 0.7311828 0 0.6236559 0 0.6344086 0 0.01075267 0 1 0 0.7204301 0 0.7419355 0 0.6236559 0 0.7311828 0 0.7526882 0 0.6236559 0 0.7419355 0 0.7634409 0 0.6236559 0 0.7526882 0 0.7634409 0 0.6129032 0 0.6236559 0 0.7741935 0 0.6129032 0 0.7634409 0 0.7849463 0 0.6129032 0 0.7741935 0 0.795699 0 0.6129032 0 0.7849463 0 0.795699 0 0.6021506 0 0.6129032 0 0.8064516 0 0.6021506 0 0.795699 0 0.8172043 0 0.6021506 0 0.8064516 0 0.827957 0 0.6021506 0 0.8172043 0 0.827957 0 0.5913978 0 0.6021506 0 0.8387097 0 0.5913978 0 0.827957 0 0.8494624 0 0.5913978 0 0.8387097 0 0.8494624 0 0.5806452 0 0.5913978 0 0.8602151 0 0.5806452 0 0.8494624 0 0.8709678 0 0.5806452 0 0.8602151 0 0.8709678 0 0.5698925 0 0.5806452 0 0.8817204 0 0.5698925 0 0.8709678 0 0.8817204 0 0.5591398 0 0.5698925 0 0.8924731 0 0.5591398 0 0.8817204 0 0.9032258 0 0.5591398 0 0.8924731 0 0.9032258 0 0.5483871 0 0.5591398 0 0.9139785 0 0.5483871 0 0.9032258 0 0.9139785 0 0.5376344 0 0.5483871 0 0.9247312 0 0.5376344 0 0.9139785 0 0.9247312 0 0.5268817 0 0.5376344 0 0.9354839 0 0.5268817 0 0.9247312 0 0.9462366 0 0.5268817 0 0.9354839 0 0.9462366 0 0.516129 0 0.5268817 0 0.9569892 0 0.516129 0 0.9462366 0 0.9677419 0 0.516129 0 0.9569892 0 0.9677419 0 0.5053763 0 0.516129 0 0.9784947 0 0.5053763 0 0.9677419 0 0.9892473 0 0.5053763 0 0.9784947 0 0.01075267 0 0.03225803 0 1 0 0.03225803 0 0.9892473 0 1 0 0.03225803 0 0.5053763 0 0.9892473 0 0.03225803 0 0.4946237 0 0.5053763 0 0.03225803 0 0.4838709 0 0.4946237 0 0.03225803 0 0.4731183 0 0.4838709 0 0.03225803 0 0.4623656 0 0.4731183 0 0.03225803 0 0.4516129 0 0.4623656 0 0.03225803 0 0.4408602 0 0.4516129 0 0.03225803 0 0.4301075 0 0.4408602 0 0.03225803 0 0.04301071 0 0.4301075 0 0.04301071 0 0.05376338 0 0.4301075 0 0.05376338 0 0.4193548 0 0.4301075 0 0.01075267 0 0.02150535 0 0.03225803 0 0.06451612 0 0.4193548 0 0.05376338 0 0.0752688 0 0.4193548 0 0.06451612 0 0.08602148 0 0.4193548 0 0.0752688 0 0.08602148 0 0.4086021 0 0.4193548 0 0.09677416 0 0.4086021 0 0.08602148 0 0.1075268 0 0.4086021 0 0.09677416 0 0.1075268 0 0.3978495 0 0.4086021 0 0.1182795 0 0.3978495 0 0.1075268 0 0.1182795 0 0.3870968 0 0.3978495 0 0.1290322 0 0.3870968 0 0.1182795 0 0.1290322 0 0.3763441 0 0.3870968 0 0.1397849 0 0.3763441 0 0.1290322 0 0.1397849 0 0.3655914 0 0.3763441 0 0.1505376 0 0.3655914 0 0.1397849 0 0.1505376 0 0.3548387 0 0.3655914 0 0.1612903 0 0.3548387 0 0.1505376 0 0.1612903 0 0.344086 0 0.3548387 0 0.1612903 0 0.3333333 0 0.344086 0 0.172043 0 0.3333333 0 0.1612903 0 0.172043 0 0.3225806 0 0.3333333 0 0.1827957 0 0.3225806 0 0.172043 0 0.1827957 0 0.311828 0 0.3225806 0 0.1827957 0 0.3010753 0 0.311828 0 0.1827957 0 0.2903226 0 0.3010753 0 0.1827957 0 0.2795699 0 0.2903226 0 0.1827957 0 0.2688172 0 0.2795699 0 0.1827957 0 0.2580645 0 0.2688172 0 0.1827957 0 0.2473118 0 0.2580645 0 0.1827957 0 0.2365591 0 0.2473118 0 0.1827957 0 0.2258064 0 0.2365591 0 0.1827957 0 0.2150537 0 0.2258064 0 0.1827957 0 0.2043011 0 0.2150537 0 0.1827957 0 0.1935483 0 0.2043011 0</float_array>
          <technique_common>
            <accessor source="#Text_001-mesh-map-0-array" count="3276" stride="2">
              <param name="S" type="float"/>
              <param name="T" type="float"/>
            </accessor>
          </technique_common>
        </source>
        <vertices id="Text_001-mesh-vertices">
          <input semantic="POSITION" source="#Text_001-mesh-positions"/>
        </vertices>
        <triangles material="Material_003-material" count="1092">
          <input semantic="VERTEX" source="#Text_001-mesh-vertices" offset="0"/>
          <input semantic="NORMAL" source="#Text_001-mesh-normals" offset="1"/>
          <input semantic="TEXCOORD" source="#Text_001-mesh-map-0" offset="2" set="0"/>
          <p>2 0 0 0 0 1 1 0 2 2 0 3 159 0 4 0 0 5 3 0 6 159 0 7 2 0 8 4 0 9 159 0 10 3 0 11 5 0 12 159 0 13 4 0 14 6 0 15 159 0 16 5 0 17 7 0 18 159 0 19 6 0 20 8 0 21 159 0 22 7 0 23 9 0 24 158 0 25 8 0 26 158 0 27 159 0 28 8 0 29 9 0 30 157 0 31 158 0 32 10 0 33 195 0 34 9 0 35 195 0 36 196 0 37 9 0 38 196 0 39 157 0 40 9 0 41 197 0 42 157 0 43 196 0 44 197 0 45 156 0 46 157 0 47 198 0 48 156 0 49 197 0 50 10 0 51 194 0 52 195 0 53 199 0 54 156 0 55 198 0 56 10 0 57 193 0 58 194 0 59 200 0 60 156 0 61 199 0 62 10 0 63 192 0 64 193 0 65 200 0 66 155 0 67 156 0 68 201 0 69 155 0 70 200 0 71 10 0 72 191 0 73 192 0 74 11 0 75 191 0 76 10 0 77 202 0 78 155 0 79 201 0 80 202 0 81 154 0 82 155 0 83 11 0 84 190 0 85 191 0 86 203 0 87 154 0 88 202 0 89 11 0 90 189 0 91 190 0 92 203 0 93 153 0 94 154 0 95 204 0 96 153 0 97 203 0 98 11 0 99 188 0 100 189 0 101 204 0 102 152 0 103 153 0 104 12 0 105 188 0 106 11 0 107 205 0 108 152 0 109 204 0 110 205 0 111 151 0 112 152 0 113 12 0 114 187 0 115 188 0 116 205 0 117 150 0 118 151 0 119 206 0 120 150 0 121 205 0 122 12 0 123 186 0 124 187 0 125 13 0 126 186 0 127 12 0 128 206 0 129 149 0 130 150 0 131 207 0 132 149 0 133 206 0 134 13 0 135 185 0 136 186 0 137 207 0 138 148 0 139 149 0 140 160 0 141 148 0 142 207 0 143 13 0 144 184 0 145 185 0 146 160 0 147 147 0 148 148 0 149 14 0 150 184 0 151 13 0 152 161 0 153 147 0 154 160 0 155 161 0 156 146 0 157 147 0 158 14 0 159 183 0 160 184 0 161 15 0 162 183 0 163 14 0 164 161 0 165 145 0 166 146 0 167 162 0 168 145 0 169 161 0 170 15 0 171 182 0 172 183 0 173 16 0 174 182 0 175 15 0 176 162 0 177 144 0 178 145 0 179 17 0 180 182 0 181 16 0 182 163 0 183 144 0 184 162 0 185 17 0 186 181 0 187 182 0 188 163 0 189 143 0 190 144 0 191 18 0 192 181 0 193 17 0 194 164 0 195 143 0 196 163 0 197 18 0 198 180 0 199 181 0 200 19 0 201 180 0 202 18 0 203 164 0 204 142 0 205 143 0 206 165 0 207 142 0 208 164 0 209 20 0 210 180 0 211 19 0 212 20 0 213 179 0 214 180 0 215 165 0 216 141 0 217 142 0 218 21 0 219 179 0 220 20 0 221 166 0 222 141 0 223 165 0 224 21 0 225 178 0 226 179 0 227 22 0 228 178 0 229 21 0 230 166 0 231 140 0 232 141 0 233 167 0 234 140 0 235 166 0 236 22 0 237 177 0 238 178 0 239 23 0 240 177 0 241 22 0 242 168 0 243 140 0 244 167 0 245 168 0 246 139 0 247 140 0 248 23 0 249 176 0 250 177 0 251 24 0 252 176 0 253 23 0 254 169 0 255 139 0 256 168 0 257 24 0 258 175 0 259 176 0 260 169 0 261 138 0 262 139 0 263 25 0 264 175 0 265 24 0 266 170 0 267 138 0 268 169 0 269 25 0 270 174 0 271 175 0 272 171 0 273 138 0 274 170 0 275 25 0 276 173 0 277 174 0 278 26 0 279 173 0 280 25 0 281 172 0 282 138 0 283 171 0 284 26 0 285 172 0 286 173 0 287 26 0 288 138 0 289 172 0 290 26 0 291 137 0 292 138 0 293 27 0 294 137 0 295 26 0 296 27 0 297 136 0 298 137 0 299 28 0 300 136 0 301 27 0 302 28 0 303 135 0 304 136 0 305 29 0 306 135 0 307 28 0 308 30 0 309 135 0 310 29 0 311 30 0 312 134 0 313 135 0 314 31 0 315 134 0 316 30 0 317 31 0 318 133 0 319 134 0 320 32 0 321 133 0 322 31 0 323 33 0 324 133 0 325 32 0 326 34 0 327 133 0 328 33 0 329 34 0 330 132 0 331 133 0 332 35 0 333 132 0 334 34 0 335 36 0 336 132 0 337 35 0 338 37 0 339 132 0 340 36 0 341 37 0 342 131 0 343 132 0 344 38 0 345 131 0 346 37 0 347 39 0 348 131 0 349 38 0 350 40 0 351 131 0 352 39 0 353 40 0 354 130 0 355 131 0 356 41 0 357 130 0 358 40 0 359 41 0 360 129 0 361 130 0 362 42 0 363 129 0 364 41 0 365 42 0 366 128 0 367 129 0 368 43 0 369 128 0 370 42 0 371 43 0 372 127 0 373 128 0 374 44 0 375 127 0 376 43 0 377 44 0 378 126 0 379 127 0 380 44 0 381 125 0 382 126 0 383 45 0 384 125 0 385 44 0 386 45 0 387 124 0 388 125 0 389 46 0 390 124 0 391 45 0 392 46 0 393 123 0 394 124 0 395 47 0 396 123 0 397 46 0 398 48 0 399 123 0 400 47 0 401 48 0 402 122 0 403 123 0 404 49 0 405 122 0 406 48 0 407 49 0 408 121 0 409 122 0 410 50 0 411 121 0 412 49 0 413 50 0 414 120 0 415 121 0 416 51 0 417 120 0 418 50 0 419 51 0 420 119 0 421 120 0 422 52 0 423 119 0 424 51 0 425 52 0 426 118 0 427 119 0 428 53 0 429 118 0 430 52 0 431 53 0 432 117 0 433 118 0 434 54 0 435 117 0 436 53 0 437 54 0 438 116 0 439 117 0 440 55 0 441 116 0 442 54 0 443 55 0 444 115 0 445 116 0 446 56 0 447 115 0 448 55 0 449 56 0 450 114 0 451 115 0 452 57 0 453 114 0 454 56 0 455 57 0 456 113 0 457 114 0 458 58 0 459 113 0 460 57 0 461 58 0 462 112 0 463 113 0 464 59 0 465 112 0 466 58 0 467 59 0 468 111 0 469 112 0 470 60 0 471 111 0 472 59 0 473 60 0 474 110 0 475 111 0 476 61 0 477 110 0 478 60 0 479 61 0 480 109 0 481 110 0 482 62 0 483 109 0 484 61 0 485 62 0 486 108 0 487 109 0 488 63 0 489 108 0 490 62 0 491 63 0 492 107 0 493 108 0 494 64 0 495 107 0 496 63 0 497 65 0 498 107 0 499 64 0 500 65 0 501 106 0 502 107 0 503 66 0 504 106 0 505 65 0 506 66 0 507 105 0 508 106 0 509 67 0 510 105 0 511 66 0 512 67 0 513 104 0 514 105 0 515 68 0 516 104 0 517 67 0 518 68 0 519 103 0 520 104 0 521 69 0 522 244 0 523 68 0 524 244 0 525 103 0 526 68 0 527 244 0 528 245 0 529 103 0 530 245 0 531 102 0 532 103 0 533 69 0 534 243 0 535 244 0 536 246 0 537 102 0 538 245 0 539 69 0 540 242 0 541 243 0 542 247 0 543 102 0 544 246 0 545 69 0 546 241 0 547 242 0 548 70 0 549 241 0 550 69 0 551 248 0 552 102 0 553 247 0 554 70 0 555 240 0 556 241 0 557 249 0 558 102 0 559 248 0 560 70 0 561 239 0 562 240 0 563 250 0 564 102 0 565 249 0 566 250 0 567 101 0 568 102 0 569 70 0 570 238 0 571 239 0 572 251 0 573 101 0 574 250 0 575 71 0 576 238 0 577 70 0 578 71 0 579 237 0 580 238 0 581 252 0 582 101 0 583 251 0 584 252 0 585 100 0 586 101 0 587 71 0 588 236 0 589 237 0 590 72 0 591 236 0 592 71 0 593 253 0 594 100 0 595 252 0 596 72 0 597 235 0 598 236 0 599 254 0 600 100 0 601 253 0 602 254 0 603 99 0 604 100 0 605 72 0 606 234 0 607 235 0 608 73 0 609 234 0 610 72 0 611 255 0 612 99 0 613 254 0 614 73 0 615 233 0 616 234 0 617 255 0 618 98 0 619 99 0 620 74 0 621 233 0 622 73 0 623 74 0 624 232 0 625 233 0 626 208 0 627 98 0 628 255 0 629 208 0 630 97 0 631 98 0 632 74 0 633 231 0 634 232 0 635 75 0 636 231 0 637 74 0 638 209 0 639 97 0 640 208 0 641 75 0 642 230 0 643 231 0 644 210 0 645 97 0 646 209 0 647 210 0 648 96 0 649 97 0 650 75 0 651 229 0 652 230 0 653 211 0 654 96 0 655 210 0 656 76 0 657 229 0 658 75 0 659 76 0 660 228 0 661 229 0 662 212 0 663 96 0 664 211 0 665 76 0 666 227 0 667 228 0 668 212 0 669 95 0 670 96 0 671 213 0 672 95 0 673 212 0 674 77 0 675 227 0 676 76 0 677 77 0 678 226 0 679 227 0 680 214 0 681 95 0 682 213 0 683 77 0 684 225 0 685 226 0 686 215 0 687 95 0 688 214 0 689 77 0 690 224 0 691 225 0 692 215 0 693 94 0 694 95 0 695 216 0 696 94 0 697 215 0 698 78 0 699 224 0 700 77 0 701 78 0 702 223 0 703 224 0 704 217 0 705 94 0 706 216 0 707 78 0 708 222 0 709 223 0 710 218 0 711 94 0 712 217 0 713 78 0 714 221 0 715 222 0 716 219 0 717 94 0 718 218 0 719 78 0 720 220 0 721 221 0 722 220 0 723 94 0 724 219 0 725 78 0 726 94 0 727 220 0 728 78 0 729 93 0 730 94 0 731 79 0 732 93 0 733 78 0 734 79 0 735 92 0 736 93 0 737 80 0 738 92 0 739 79 0 740 81 0 741 92 0 742 80 0 743 81 0 744 91 0 745 92 0 746 82 0 747 91 0 748 81 0 749 82 0 750 90 0 751 91 0 752 83 0 753 90 0 754 82 0 755 83 0 756 89 0 757 90 0 758 84 0 759 89 0 760 83 0 761 84 0 762 88 0 763 89 0 764 85 0 765 88 0 766 84 0 767 85 0 768 87 0 769 88 0 770 86 0 771 87 0 772 85 0 773 300 0 774 298 0 775 299 0 776 301 0 777 298 0 778 300 0 779 301 0 780 297 0 781 298 0 782 302 0 783 297 0 784 301 0 785 303 0 786 297 0 787 302 0 788 303 0 789 296 0 790 297 0 791 304 0 792 296 0 793 303 0 794 258 0 795 256 0 796 257 0 797 258 0 798 312 0 799 256 0 800 304 0 801 295 0 802 296 0 803 305 0 804 295 0 805 304 0 806 306 0 807 295 0 808 305 0 809 306 0 810 294 0 811 295 0 812 307 0 813 294 0 814 306 0 815 307 0 816 293 0 817 294 0 818 308 0 819 293 0 820 307 0 821 309 0 822 293 0 823 308 0 824 309 0 825 292 0 826 293 0 827 310 0 828 292 0 829 309 0 830 311 0 831 292 0 832 310 0 833 311 0 834 272 0 835 292 0 836 272 0 837 291 0 838 292 0 839 258 0 840 311 0 841 312 0 842 258 0 843 260 0 844 311 0 845 260 0 846 261 0 847 311 0 848 261 0 849 262 0 850 311 0 851 262 0 852 263 0 853 311 0 854 263 0 855 264 0 856 311 0 857 264 0 858 265 0 859 311 0 860 265 0 861 266 0 862 311 0 863 266 0 864 267 0 865 311 0 866 267 0 867 268 0 868 311 0 869 268 0 870 269 0 871 311 0 872 269 0 873 270 0 874 311 0 875 270 0 876 271 0 877 311 0 878 271 0 879 272 0 880 311 0 881 273 0 882 291 0 883 272 0 884 274 0 885 291 0 886 273 0 887 275 0 888 291 0 889 274 0 890 276 0 891 291 0 892 275 0 893 276 0 894 290 0 895 291 0 896 277 0 897 290 0 898 276 0 899 278 0 900 290 0 901 277 0 902 279 0 903 290 0 904 278 0 905 279 0 906 289 0 907 290 0 908 280 0 909 289 0 910 279 0 911 281 0 912 289 0 913 280 0 914 281 0 915 288 0 916 289 0 917 282 0 918 288 0 919 281 0 920 258 0 921 259 0 922 260 0 923 283 0 924 288 0 925 282 0 926 283 0 927 287 0 928 288 0 929 284 0 930 287 0 931 283 0 932 285 0 933 287 0 934 284 0 935 285 0 936 286 0 937 287 0 938 330 0 939 328 0 940 329 0 941 330 0 942 327 0 943 328 0 944 331 0 945 327 0 946 330 0 947 331 0 948 326 0 949 327 0 950 332 0 951 326 0 952 331 0 953 332 0 954 325 0 955 326 0 956 333 0 957 325 0 958 332 0 959 333 0 960 324 0 961 325 0 962 334 0 963 324 0 964 333 0 965 334 0 966 323 0 967 324 0 968 335 0 969 323 0 970 334 0 971 335 0 972 322 0 973 323 0 974 336 0 975 322 0 976 335 0 977 336 0 978 321 0 979 322 0 980 337 0 981 321 0 982 336 0 983 337 0 984 320 0 985 321 0 986 338 0 987 320 0 988 337 0 989 338 0 990 319 0 991 320 0 992 339 0 993 319 0 994 338 0 995 339 0 996 318 0 997 319 0 998 340 0 999 318 0 1000 339 0 1001 340 0 1002 317 0 1003 318 0 1004 341 0 1005 317 0 1006 340 0 1007 342 0 1008 317 0 1009 341 0 1010 342 0 1011 364 0 1012 317 0 1013 342 0 1014 363 0 1015 364 0 1016 343 0 1017 363 0 1018 342 0 1019 343 0 1020 362 0 1021 363 0 1022 344 0 1023 362 0 1024 343 0 1025 344 0 1026 361 0 1027 362 0 1028 345 0 1029 361 0 1030 344 0 1031 345 0 1032 360 0 1033 361 0 1034 346 0 1035 360 0 1036 345 0 1037 346 0 1038 359 0 1039 360 0 1040 347 0 1041 359 0 1042 346 0 1043 347 0 1044 358 0 1045 359 0 1046 348 0 1047 358 0 1048 347 0 1049 348 0 1050 357 0 1051 358 0 1052 349 0 1053 357 0 1054 348 0 1055 349 0 1056 356 0 1057 357 0 1058 350 0 1059 356 0 1060 349 0 1061 350 0 1062 355 0 1063 356 0 1064 351 0 1065 355 0 1066 350 0 1067 351 0 1068 354 0 1069 355 0 1070 352 0 1071 354 0 1072 351 0 1073 352 0 1074 353 0 1075 354 0 1076 315 0 1077 313 0 1078 314 0 1079 315 0 1080 316 0 1081 313 0 1082 373 0 1083 371 0 1084 372 0 1085 373 0 1086 374 0 1087 371 0 1088 367 0 1089 365 0 1090 366 0 1091 367 0 1092 370 0 1093 365 0 1094 368 0 1095 370 0 1096 367 0 1097 368 0 1098 369 0 1099 370 0 1100 416 0 1101 414 0 1102 415 0 1103 416 0 1104 413 0 1105 414 0 1106 417 0 1107 413 0 1108 416 0 1109 417 0 1110 412 0 1111 413 0 1112 418 0 1113 412 0 1114 417 0 1115 418 0 1116 411 0 1117 412 0 1118 418 0 1119 410 0 1120 411 0 1121 419 0 1122 410 0 1123 418 0 1124 419 0 1125 409 0 1126 410 0 1127 376 0 1128 429 0 1129 375 0 1130 376 0 1131 428 0 1132 429 0 1133 420 0 1134 409 0 1135 419 0 1136 420 0 1137 408 0 1138 409 0 1139 420 0 1140 407 0 1141 408 0 1142 421 0 1143 407 0 1144 420 0 1145 421 0 1146 406 0 1147 407 0 1148 422 0 1149 406 0 1150 421 0 1151 422 0 1152 405 0 1153 406 0 1154 422 0 1155 404 0 1156 405 0 1157 423 0 1158 404 0 1159 422 0 1160 423 0 1161 403 0 1162 404 0 1163 424 0 1164 403 0 1165 423 0 1166 424 0 1167 393 0 1168 403 0 1169 393 0 1170 394 0 1171 403 0 1172 394 0 1173 395 0 1174 403 0 1175 395 0 1176 396 0 1177 403 0 1178 396 0 1179 397 0 1180 403 0 1181 397 0 1182 398 0 1183 403 0 1184 398 0 1185 399 0 1186 403 0 1187 399 0 1188 400 0 1189 403 0 1190 400 0 1191 401 0 1192 403 0 1193 401 0 1194 402 0 1195 403 0 1196 425 0 1197 391 0 1198 424 0 1199 391 0 1200 392 0 1201 424 0 1202 392 0 1203 393 0 1204 424 0 1205 426 0 1206 389 0 1207 425 0 1208 389 0 1209 390 0 1210 425 0 1211 390 0 1212 391 0 1213 425 0 1214 426 0 1215 388 0 1216 389 0 1217 426 0 1218 387 0 1219 388 0 1220 427 0 1221 387 0 1222 426 0 1223 427 0 1224 386 0 1225 387 0 1226 427 0 1227 385 0 1228 386 0 1229 376 0 1230 427 0 1231 428 0 1232 376 0 1233 381 0 1234 427 0 1235 381 0 1236 382 0 1237 427 0 1238 382 0 1239 383 0 1240 427 0 1241 383 0 1242 384 0 1243 427 0 1244 384 0 1245 385 0 1246 427 0 1247 376 0 1248 380 0 1249 381 0 1250 376 0 1251 379 0 1252 380 0 1253 376 0 1254 378 0 1255 379 0 1256 376 0 1257 377 0 1258 378 0 1259 468 0 1260 466 0 1261 467 0 1262 469 0 1263 466 0 1264 468 0 1265 469 0 1266 465 0 1267 466 0 1268 470 0 1269 465 0 1270 469 0 1271 471 0 1272 465 0 1273 470 0 1274 471 0 1275 464 0 1276 465 0 1277 472 0 1278 464 0 1279 471 0 1280 472 0 1281 463 0 1282 464 0 1283 473 0 1284 463 0 1285 472 0 1286 474 0 1287 463 0 1288 473 0 1289 474 0 1290 462 0 1291 463 0 1292 475 0 1293 462 0 1294 474 0 1295 475 0 1296 461 0 1297 462 0 1298 476 0 1299 461 0 1300 475 0 1301 477 0 1302 461 0 1303 476 0 1304 477 0 1305 460 0 1306 461 0 1307 478 0 1308 460 0 1309 477 0 1310 478 0 1311 459 0 1312 460 0 1313 479 0 1314 459 0 1315 478 0 1316 480 0 1317 481 0 1318 479 0 1319 481 0 1320 482 0 1321 479 0 1322 482 0 1323 483 0 1324 479 0 1325 483 0 1326 484 0 1327 479 0 1328 484 0 1329 485 0 1330 479 0 1331 485 0 1332 486 0 1333 479 0 1334 486 0 1335 487 0 1336 479 0 1337 487 0 1338 488 0 1339 479 0 1340 488 0 1341 489 0 1342 479 0 1343 489 0 1344 490 0 1345 479 0 1346 490 0 1347 459 0 1348 479 0 1349 490 0 1350 491 0 1351 459 0 1352 491 0 1353 492 0 1354 459 0 1355 492 0 1356 458 0 1357 459 0 1358 492 0 1359 493 0 1360 458 0 1361 493 0 1362 457 0 1363 458 0 1364 494 0 1365 457 0 1366 493 0 1367 495 0 1368 457 0 1369 494 0 1370 496 0 1371 457 0 1372 495 0 1373 497 0 1374 457 0 1375 496 0 1376 498 0 1377 457 0 1378 497 0 1379 498 0 1380 456 0 1381 457 0 1382 499 0 1383 456 0 1384 498 0 1385 500 0 1386 456 0 1387 499 0 1388 501 0 1389 456 0 1390 500 0 1391 501 0 1392 455 0 1393 456 0 1394 502 0 1395 455 0 1396 501 0 1397 503 0 1398 455 0 1399 502 0 1400 503 0 1401 454 0 1402 455 0 1403 504 0 1404 454 0 1405 503 0 1406 505 0 1407 454 0 1408 504 0 1409 506 0 1410 603 0 1411 505 0 1412 603 0 1413 454 0 1414 505 0 1415 507 0 1416 603 0 1417 506 0 1418 508 0 1419 603 0 1420 507 0 1421 509 0 1422 603 0 1423 508 0 1424 510 0 1425 603 0 1426 509 0 1427 510 0 1428 602 0 1429 603 0 1430 567 0 1431 454 0 1432 603 0 1433 510 0 1434 601 0 1435 602 0 1436 511 0 1437 601 0 1438 510 0 1439 511 0 1440 600 0 1441 601 0 1442 512 0 1443 600 0 1444 511 0 1445 512 0 1446 599 0 1447 600 0 1448 513 0 1449 599 0 1450 512 0 1451 513 0 1452 598 0 1453 599 0 1454 513 0 1455 597 0 1456 598 0 1457 514 0 1458 597 0 1459 513 0 1460 514 0 1461 596 0 1462 597 0 1463 515 0 1464 596 0 1465 514 0 1466 515 0 1467 595 0 1468 596 0 1469 515 0 1470 594 0 1471 595 0 1472 516 0 1473 594 0 1474 515 0 1475 516 0 1476 593 0 1477 594 0 1478 516 0 1479 592 0 1480 593 0 1481 517 0 1482 592 0 1483 516 0 1484 517 0 1485 591 0 1486 592 0 1487 518 0 1488 591 0 1489 517 0 1490 518 0 1491 590 0 1492 591 0 1493 518 0 1494 589 0 1495 590 0 1496 519 0 1497 589 0 1498 518 0 1499 519 0 1500 588 0 1501 589 0 1502 519 0 1503 587 0 1504 588 0 1505 568 0 1506 454 0 1507 567 0 1508 520 0 1509 587 0 1510 519 0 1511 569 0 1512 454 0 1513 568 0 1514 520 0 1515 586 0 1516 587 0 1517 570 0 1518 454 0 1519 569 0 1520 431 0 1521 566 0 1522 430 0 1523 570 0 1524 453 0 1525 454 0 1526 520 0 1527 585 0 1528 586 0 1529 432 0 1530 566 0 1531 431 0 1532 571 0 1533 453 0 1534 570 0 1535 571 0 1536 452 0 1537 453 0 1538 433 0 1539 566 0 1540 432 0 1541 521 0 1542 585 0 1543 520 0 1544 521 0 1545 584 0 1546 585 0 1547 571 0 1548 451 0 1549 452 0 1550 572 0 1551 451 0 1552 571 0 1553 434 0 1554 566 0 1555 433 0 1556 572 0 1557 450 0 1558 451 0 1559 573 0 1560 450 0 1561 572 0 1562 435 0 1563 566 0 1564 434 0 1565 521 0 1566 583 0 1567 584 0 1568 573 0 1569 449 0 1570 450 0 1571 436 0 1572 566 0 1573 435 0 1574 574 0 1575 449 0 1576 573 0 1577 574 0 1578 448 0 1579 449 0 1580 437 0 1581 566 0 1582 436 0 1583 521 0 1584 582 0 1585 583 0 1586 574 0 1587 447 0 1588 448 0 1589 575 0 1590 447 0 1591 574 0 1592 438 0 1593 566 0 1594 437 0 1595 575 0 1596 446 0 1597 447 0 1598 522 0 1599 582 0 1600 521 0 1601 439 0 1602 566 0 1603 438 0 1604 522 0 1605 581 0 1606 582 0 1607 576 0 1608 446 0 1609 575 0 1610 576 0 1611 445 0 1612 446 0 1613 440 0 1614 566 0 1615 439 0 1616 576 0 1617 444 0 1618 445 0 1619 441 0 1620 566 0 1621 440 0 1622 577 0 1623 444 0 1624 576 0 1625 577 0 1626 443 0 1627 444 0 1628 442 0 1629 566 0 1630 441 0 1631 577 0 1632 442 0 1633 443 0 1634 522 0 1635 580 0 1636 581 0 1637 577 0 1638 566 0 1639 442 0 1640 578 0 1641 566 0 1642 577 0 1643 522 0 1644 579 0 1645 580 0 1646 579 0 1647 566 0 1648 578 0 1649 522 0 1650 542 0 1651 579 0 1652 542 0 1653 566 0 1654 579 0 1655 523 0 1656 542 0 1657 522 0 1658 523 0 1659 541 0 1660 542 0 1661 543 0 1662 566 0 1663 542 0 1664 524 0 1665 541 0 1666 523 0 1667 524 0 1668 540 0 1669 541 0 1670 544 0 1671 566 0 1672 543 0 1673 544 0 1674 565 0 1675 566 0 1676 525 0 1677 540 0 1678 524 0 1679 525 0 1680 539 0 1681 540 0 1682 545 0 1683 565 0 1684 544 0 1685 545 0 1686 564 0 1687 565 0 1688 525 0 1689 538 0 1690 539 0 1691 546 0 1692 564 0 1693 545 0 1694 526 0 1695 538 0 1696 525 0 1697 546 0 1698 563 0 1699 564 0 1700 526 0 1701 537 0 1702 538 0 1703 547 0 1704 563 0 1705 546 0 1706 547 0 1707 562 0 1708 563 0 1709 527 0 1710 537 0 1711 526 0 1712 527 0 1713 536 0 1714 537 0 1715 548 0 1716 562 0 1717 547 0 1718 548 0 1719 561 0 1720 562 0 1721 527 0 1722 535 0 1723 536 0 1724 549 0 1725 561 0 1726 548 0 1727 549 0 1728 560 0 1729 561 0 1730 528 0 1731 535 0 1732 527 0 1733 528 0 1734 534 0 1735 535 0 1736 550 0 1737 560 0 1738 549 0 1739 550 0 1740 559 0 1741 560 0 1742 528 0 1743 533 0 1744 534 0 1745 550 0 1746 558 0 1747 559 0 1748 551 0 1749 558 0 1750 550 0 1751 529 0 1752 533 0 1753 528 0 1754 551 0 1755 557 0 1756 558 0 1757 529 0 1758 532 0 1759 533 0 1760 552 0 1761 557 0 1762 551 0 1763 552 0 1764 556 0 1765 557 0 1766 529 0 1767 531 0 1768 532 0 1769 553 0 1770 556 0 1771 552 0 1772 530 0 1773 531 0 1774 529 0 1775 553 0 1776 555 0 1777 556 0 1778 554 0 1779 555 0 1780 553 0 1781 605 0 1782 633 0 1783 604 0 1784 633 0 1785 632 0 1786 604 0 1787 633 0 1788 631 0 1789 632 0 1790 633 0 1791 630 0 1792 631 0 1793 633 0 1794 629 0 1795 630 0 1796 633 0 1797 628 0 1798 629 0 1799 633 0 1800 627 0 1801 628 0 1802 633 0 1803 626 0 1804 627 0 1805 633 0 1806 625 0 1807 626 0 1808 633 0 1809 634 0 1810 625 0 1811 634 0 1812 624 0 1813 625 0 1814 605 0 1815 659 0 1816 633 0 1817 635 0 1818 624 0 1819 634 0 1820 636 0 1821 624 0 1822 635 0 1823 637 0 1824 624 0 1825 636 0 1826 637 0 1827 623 0 1828 624 0 1829 638 0 1830 623 0 1831 637 0 1832 639 0 1833 623 0 1834 638 0 1835 640 0 1836 623 0 1837 639 0 1838 640 0 1839 622 0 1840 623 0 1841 641 0 1842 622 0 1843 640 0 1844 642 0 1845 622 0 1846 641 0 1847 643 0 1848 622 0 1849 642 0 1850 643 0 1851 621 0 1852 622 0 1853 644 0 1854 621 0 1855 643 0 1856 645 0 1857 621 0 1858 644 0 1859 645 0 1860 620 0 1861 621 0 1862 646 0 1863 620 0 1864 645 0 1865 647 0 1866 620 0 1867 646 0 1868 647 0 1869 619 0 1870 620 0 1871 648 0 1872 619 0 1873 647 0 1874 648 0 1875 618 0 1876 619 0 1877 649 0 1878 618 0 1879 648 0 1880 650 0 1881 618 0 1882 649 0 1883 650 0 1884 617 0 1885 618 0 1886 651 0 1887 617 0 1888 650 0 1889 652 0 1890 617 0 1891 651 0 1892 652 0 1893 616 0 1894 617 0 1895 653 0 1896 616 0 1897 652 0 1898 654 0 1899 616 0 1900 653 0 1901 655 0 1902 616 0 1903 654 0 1904 656 0 1905 616 0 1906 655 0 1907 656 0 1908 615 0 1909 616 0 1910 657 0 1911 615 0 1912 656 0 1913 658 0 1914 615 0 1915 657 0 1916 605 0 1917 607 0 1918 659 0 1919 607 0 1920 658 0 1921 659 0 1922 607 0 1923 615 0 1924 658 0 1925 607 0 1926 614 0 1927 615 0 1928 607 0 1929 613 0 1930 614 0 1931 607 0 1932 612 0 1933 613 0 1934 607 0 1935 611 0 1936 612 0 1937 607 0 1938 610 0 1939 611 0 1940 607 0 1941 609 0 1942 610 0 1943 607 0 1944 608 0 1945 609 0 1946 605 0 1947 606 0 1948 607 0 1949 661 0 1950 717 0 1951 660 0 1952 661 0 1953 716 0 1954 717 0 1955 661 0 1956 715 0 1957 716 0 1958 662 0 1959 715 0 1960 661 0 1961 663 0 1962 715 0 1963 662 0 1964 664 0 1965 714 0 1966 663 0 1967 714 0 1968 715 0 1969 663 0 1970 664 0 1971 713 0 1972 714 0 1973 664 0 1974 712 0 1975 713 0 1976 665 0 1977 712 0 1978 664 0 1979 665 0 1980 711 0 1981 712 0 1982 665 0 1983 710 0 1984 711 0 1985 666 0 1986 710 0 1987 665 0 1988 666 0 1989 709 0 1990 710 0 1991 690 0 1992 688 0 1993 689 0 1994 691 0 1995 688 0 1996 690 0 1997 666 0 1998 708 0 1999 709 0 2000 692 0 2001 688 0 2002 691 0 2003 667 0 2004 708 0 2005 666 0 2006 667 0 2007 707 0 2008 708 0 2009 693 0 2010 688 0 2011 692 0 2012 694 0 2013 688 0 2014 693 0 2015 667 0 2016 706 0 2017 707 0 2018 695 0 2019 688 0 2020 694 0 2021 667 0 2022 705 0 2023 706 0 2024 696 0 2025 688 0 2026 695 0 2027 667 0 2028 704 0 2029 705 0 2030 697 0 2031 688 0 2032 696 0 2033 668 0 2034 704 0 2035 667 0 2036 698 0 2037 688 0 2038 697 0 2039 668 0 2040 703 0 2041 704 0 2042 699 0 2043 688 0 2044 698 0 2045 668 0 2046 702 0 2047 703 0 2048 700 0 2049 688 0 2050 699 0 2051 668 0 2052 701 0 2053 702 0 2054 701 0 2055 688 0 2056 700 0 2057 668 0 2058 688 0 2059 701 0 2060 669 0 2061 688 0 2062 668 0 2063 670 0 2064 688 0 2065 669 0 2066 671 0 2067 688 0 2068 670 0 2069 671 0 2070 687 0 2071 688 0 2072 672 0 2073 687 0 2074 671 0 2075 672 0 2076 686 0 2077 687 0 2078 672 0 2079 685 0 2080 686 0 2081 673 0 2082 685 0 2083 672 0 2084 673 0 2085 684 0 2086 685 0 2087 673 0 2088 683 0 2089 684 0 2090 673 0 2091 682 0 2092 683 0 2093 674 0 2094 682 0 2095 673 0 2096 674 0 2097 681 0 2098 682 0 2099 674 0 2100 680 0 2101 681 0 2102 675 0 2103 680 0 2104 674 0 2105 675 0 2106 679 0 2107 680 0 2108 675 0 2109 678 0 2110 679 0 2111 676 0 2112 678 0 2113 675 0 2114 676 0 2115 677 0 2116 678 0 2117 719 0 2118 765 0 2119 718 0 2120 719 0 2121 764 0 2122 765 0 2123 720 0 2124 764 0 2125 719 0 2126 720 0 2127 763 0 2128 764 0 2129 721 0 2130 763 0 2131 720 0 2132 721 0 2133 762 0 2134 763 0 2135 722 0 2136 762 0 2137 721 0 2138 722 0 2139 761 0 2140 762 0 2141 723 0 2142 761 0 2143 722 0 2144 723 0 2145 760 0 2146 761 0 2147 724 0 2148 760 0 2149 723 0 2150 724 0 2151 759 0 2152 760 0 2153 725 0 2154 766 0 2155 724 0 2156 766 0 2157 759 0 2158 724 0 2159 725 0 2160 813 0 2161 766 0 2162 767 0 2163 759 0 2164 766 0 2165 725 0 2166 812 0 2167 813 0 2168 768 0 2169 759 0 2170 767 0 2171 725 0 2172 811 0 2173 812 0 2174 769 0 2175 759 0 2176 768 0 2177 769 0 2178 758 0 2179 759 0 2180 726 0 2181 811 0 2182 725 0 2183 726 0 2184 810 0 2185 811 0 2186 770 0 2187 758 0 2188 769 0 2189 726 0 2190 809 0 2191 810 0 2192 771 0 2193 758 0 2194 770 0 2195 726 0 2196 808 0 2197 809 0 2198 772 0 2199 758 0 2200 771 0 2201 772 0 2202 757 0 2203 758 0 2204 727 0 2205 808 0 2206 726 0 2207 727 0 2208 807 0 2209 808 0 2210 773 0 2211 757 0 2212 772 0 2213 727 0 2214 806 0 2215 807 0 2216 774 0 2217 757 0 2218 773 0 2219 774 0 2220 756 0 2221 757 0 2222 728 0 2223 806 0 2224 727 0 2225 728 0 2226 805 0 2227 806 0 2228 775 0 2229 756 0 2230 774 0 2231 775 0 2232 755 0 2233 756 0 2234 729 0 2235 805 0 2236 728 0 2237 729 0 2238 804 0 2239 805 0 2240 776 0 2241 755 0 2242 775 0 2243 729 0 2244 803 0 2245 804 0 2246 777 0 2247 755 0 2248 776 0 2249 777 0 2250 754 0 2251 755 0 2252 730 0 2253 803 0 2254 729 0 2255 730 0 2256 802 0 2257 803 0 2258 778 0 2259 754 0 2260 777 0 2261 731 0 2262 802 0 2263 730 0 2264 731 0 2265 801 0 2266 802 0 2267 778 0 2268 753 0 2269 754 0 2270 779 0 2271 753 0 2272 778 0 2273 731 0 2274 800 0 2275 801 0 2276 780 0 2277 753 0 2278 779 0 2279 732 0 2280 800 0 2281 731 0 2282 780 0 2283 752 0 2284 753 0 2285 732 0 2286 799 0 2287 800 0 2288 781 0 2289 752 0 2290 780 0 2291 732 0 2292 798 0 2293 799 0 2294 733 0 2295 798 0 2296 732 0 2297 782 0 2298 752 0 2299 781 0 2300 782 0 2301 751 0 2302 752 0 2303 733 0 2304 797 0 2305 798 0 2306 783 0 2307 751 0 2308 782 0 2309 734 0 2310 797 0 2311 733 0 2312 783 0 2313 750 0 2314 751 0 2315 734 0 2316 796 0 2317 797 0 2318 784 0 2319 750 0 2320 783 0 2321 734 0 2322 795 0 2323 796 0 2324 785 0 2325 750 0 2326 784 0 2327 735 0 2328 795 0 2329 734 0 2330 785 0 2331 749 0 2332 750 0 2333 735 0 2334 794 0 2335 795 0 2336 786 0 2337 749 0 2338 785 0 2339 735 0 2340 793 0 2341 794 0 2342 787 0 2343 749 0 2344 786 0 2345 735 0 2346 792 0 2347 793 0 2348 788 0 2349 749 0 2350 787 0 2351 736 0 2352 792 0 2353 735 0 2354 788 0 2355 748 0 2356 749 0 2357 736 0 2358 791 0 2359 792 0 2360 789 0 2361 748 0 2362 788 0 2363 736 0 2364 790 0 2365 791 0 2366 790 0 2367 748 0 2368 789 0 2369 736 0 2370 748 0 2371 790 0 2372 737 0 2373 748 0 2374 736 0 2375 737 0 2376 747 0 2377 748 0 2378 738 0 2379 747 0 2380 737 0 2381 738 0 2382 746 0 2383 747 0 2384 739 0 2385 746 0 2386 738 0 2387 739 0 2388 745 0 2389 746 0 2390 740 0 2391 745 0 2392 739 0 2393 740 0 2394 744 0 2395 745 0 2396 741 0 2397 744 0 2398 740 0 2399 741 0 2400 743 0 2401 744 0 2402 742 0 2403 743 0 2404 741 0 2405 816 0 2406 814 0 2407 815 0 2408 816 0 2409 864 0 2410 814 0 2411 853 0 2412 851 0 2413 852 0 2414 854 0 2415 851 0 2416 853 0 2417 855 0 2418 851 0 2419 854 0 2420 855 0 2421 850 0 2422 851 0 2423 856 0 2424 850 0 2425 855 0 2426 857 0 2427 850 0 2428 856 0 2429 858 0 2430 850 0 2431 857 0 2432 858 0 2433 849 0 2434 850 0 2435 859 0 2436 849 0 2437 858 0 2438 860 0 2439 849 0 2440 859 0 2441 860 0 2442 848 0 2443 849 0 2444 861 0 2445 848 0 2446 860 0 2447 862 0 2448 848 0 2449 861 0 2450 863 0 2451 848 0 2452 862 0 2453 863 0 2454 847 0 2455 848 0 2456 864 0 2457 847 0 2458 863 0 2459 816 0 2460 865 0 2461 864 0 2462 865 0 2463 866 0 2464 864 0 2465 866 0 2466 867 0 2467 864 0 2468 867 0 2469 868 0 2470 864 0 2471 868 0 2472 869 0 2473 864 0 2474 869 0 2475 870 0 2476 864 0 2477 870 0 2478 871 0 2479 864 0 2480 871 0 2481 872 0 2482 864 0 2483 872 0 2484 873 0 2485 864 0 2486 873 0 2487 874 0 2488 864 0 2489 874 0 2490 847 0 2491 864 0 2492 874 0 2493 875 0 2494 847 0 2495 875 0 2496 846 0 2497 847 0 2498 875 0 2499 876 0 2500 846 0 2501 876 0 2502 877 0 2503 846 0 2504 877 0 2505 845 0 2506 846 0 2507 878 0 2508 845 0 2509 877 0 2510 879 0 2511 845 0 2512 878 0 2513 879 0 2514 844 0 2515 845 0 2516 880 0 2517 844 0 2518 879 0 2519 881 0 2520 844 0 2521 880 0 2522 882 0 2523 844 0 2524 881 0 2525 882 0 2526 843 0 2527 844 0 2528 883 0 2529 843 0 2530 882 0 2531 884 0 2532 843 0 2533 883 0 2534 816 0 2535 913 0 2536 865 0 2537 884 0 2538 842 0 2539 843 0 2540 885 0 2541 842 0 2542 884 0 2543 886 0 2544 842 0 2545 885 0 2546 886 0 2547 841 0 2548 842 0 2549 887 0 2550 841 0 2551 886 0 2552 888 0 2553 841 0 2554 887 0 2555 888 0 2556 840 0 2557 841 0 2558 889 0 2559 840 0 2560 888 0 2561 889 0 2562 839 0 2563 840 0 2564 890 0 2565 839 0 2566 889 0 2567 891 0 2568 839 0 2569 890 0 2570 891 0 2571 838 0 2572 839 0 2573 892 0 2574 838 0 2575 891 0 2576 892 0 2577 837 0 2578 838 0 2579 893 0 2580 837 0 2581 892 0 2582 894 0 2583 837 0 2584 893 0 2585 894 0 2586 836 0 2587 837 0 2588 895 0 2589 836 0 2590 894 0 2591 896 0 2592 836 0 2593 895 0 2594 897 0 2595 836 0 2596 896 0 2597 897 0 2598 835 0 2599 836 0 2600 898 0 2601 835 0 2602 897 0 2603 816 0 2604 912 0 2605 913 0 2606 816 0 2607 911 0 2608 912 0 2609 899 0 2610 835 0 2611 898 0 2612 816 0 2613 910 0 2614 911 0 2615 816 0 2616 909 0 2617 910 0 2618 816 0 2619 908 0 2620 909 0 2621 816 0 2622 907 0 2623 908 0 2624 900 0 2625 835 0 2626 899 0 2627 816 0 2628 906 0 2629 907 0 2630 900 0 2631 834 0 2632 835 0 2633 816 0 2634 905 0 2635 906 0 2636 816 0 2637 904 0 2638 905 0 2639 901 0 2640 834 0 2641 900 0 2642 816 0 2643 903 0 2644 904 0 2645 816 0 2646 902 0 2647 903 0 2648 816 0 2649 901 0 2650 902 0 2651 816 0 2652 834 0 2653 901 0 2654 816 0 2655 833 0 2656 834 0 2657 816 0 2658 832 0 2659 833 0 2660 817 0 2661 832 0 2662 816 0 2663 817 0 2664 831 0 2665 832 0 2666 818 0 2667 831 0 2668 817 0 2669 819 0 2670 831 0 2671 818 0 2672 820 0 2673 831 0 2674 819 0 2675 820 0 2676 830 0 2677 831 0 2678 821 0 2679 830 0 2680 820 0 2681 822 0 2682 830 0 2683 821 0 2684 823 0 2685 830 0 2686 822 0 2687 823 0 2688 829 0 2689 830 0 2690 824 0 2691 829 0 2692 823 0 2693 825 0 2694 829 0 2695 824 0 2696 826 0 2697 829 0 2698 825 0 2699 826 0 2700 828 0 2701 829 0 2702 827 0 2703 828 0 2704 826 0 2705 915 0 2706 961 0 2707 914 0 2708 915 0 2709 960 0 2710 961 0 2711 916 0 2712 960 0 2713 915 0 2714 916 0 2715 959 0 2716 960 0 2717 917 0 2718 959 0 2719 916 0 2720 917 0 2721 958 0 2722 959 0 2723 918 0 2724 958 0 2725 917 0 2726 918 0 2727 957 0 2728 958 0 2729 919 0 2730 957 0 2731 918 0 2732 919 0 2733 956 0 2734 957 0 2735 920 0 2736 956 0 2737 919 0 2738 920 0 2739 955 0 2740 956 0 2741 921 0 2742 962 0 2743 920 0 2744 962 0 2745 955 0 2746 920 0 2747 921 0 2748 1009 0 2749 962 0 2750 963 0 2751 955 0 2752 962 0 2753 921 0 2754 1008 0 2755 1009 0 2756 964 0 2757 955 0 2758 963 0 2759 921 0 2760 1007 0 2761 1008 0 2762 965 0 2763 955 0 2764 964 0 2765 965 0 2766 954 0 2767 955 0 2768 922 0 2769 1007 0 2770 921 0 2771 922 0 2772 1006 0 2773 1007 0 2774 966 0 2775 954 0 2776 965 0 2777 922 0 2778 1005 0 2779 1006 0 2780 967 0 2781 954 0 2782 966 0 2783 922 0 2784 1004 0 2785 1005 0 2786 968 0 2787 954 0 2788 967 0 2789 968 0 2790 953 0 2791 954 0 2792 923 0 2793 1004 0 2794 922 0 2795 923 0 2796 1003 0 2797 1004 0 2798 969 0 2799 953 0 2800 968 0 2801 923 0 2802 1002 0 2803 1003 0 2804 970 0 2805 953 0 2806 969 0 2807 970 0 2808 952 0 2809 953 0 2810 924 0 2811 1002 0 2812 923 0 2813 924 0 2814 1001 0 2815 1002 0 2816 971 0 2817 952 0 2818 970 0 2819 971 0 2820 951 0 2821 952 0 2822 925 0 2823 1001 0 2824 924 0 2825 925 0 2826 1000 0 2827 1001 0 2828 972 0 2829 951 0 2830 971 0 2831 925 0 2832 999 0 2833 1000 0 2834 973 0 2835 951 0 2836 972 0 2837 973 0 2838 950 0 2839 951 0 2840 926 0 2841 999 0 2842 925 0 2843 926 0 2844 998 0 2845 999 0 2846 974 0 2847 950 0 2848 973 0 2849 927 0 2850 998 0 2851 926 0 2852 927 0 2853 997 0 2854 998 0 2855 974 0 2856 949 0 2857 950 0 2858 975 0 2859 949 0 2860 974 0 2861 927 0 2862 996 0 2863 997 0 2864 976 0 2865 949 0 2866 975 0 2867 928 0 2868 996 0 2869 927 0 2870 976 0 2871 948 0 2872 949 0 2873 928 0 2874 995 0 2875 996 0 2876 977 0 2877 948 0 2878 976 0 2879 928 0 2880 994 0 2881 995 0 2882 929 0 2883 994 0 2884 928 0 2885 978 0 2886 948 0 2887 977 0 2888 978 0 2889 947 0 2890 948 0 2891 929 0 2892 993 0 2893 994 0 2894 979 0 2895 947 0 2896 978 0 2897 930 0 2898 993 0 2899 929 0 2900 979 0 2901 946 0 2902 947 0 2903 930 0 2904 992 0 2905 993 0 2906 980 0 2907 946 0 2908 979 0 2909 930 0 2910 991 0 2911 992 0 2912 981 0 2913 946 0 2914 980 0 2915 931 0 2916 991 0 2917 930 0 2918 981 0 2919 945 0 2920 946 0 2921 931 0 2922 990 0 2923 991 0 2924 982 0 2925 945 0 2926 981 0 2927 931 0 2928 989 0 2929 990 0 2930 983 0 2931 945 0 2932 982 0 2933 931 0 2934 988 0 2935 989 0 2936 984 0 2937 945 0 2938 983 0 2939 932 0 2940 988 0 2941 931 0 2942 984 0 2943 944 0 2944 945 0 2945 932 0 2946 987 0 2947 988 0 2948 985 0 2949 944 0 2950 984 0 2951 932 0 2952 986 0 2953 987 0 2954 986 0 2955 944 0 2956 985 0 2957 932 0 2958 944 0 2959 986 0 2960 933 0 2961 944 0 2962 932 0 2963 933 0 2964 943 0 2965 944 0 2966 934 0 2967 943 0 2968 933 0 2969 934 0 2970 942 0 2971 943 0 2972 935 0 2973 942 0 2974 934 0 2975 935 0 2976 941 0 2977 942 0 2978 936 0 2979 941 0 2980 935 0 2981 936 0 2982 940 0 2983 941 0 2984 937 0 2985 940 0 2986 936 0 2987 937 0 2988 939 0 2989 940 0 2990 938 0 2991 939 0 2992 937 0 2993 1011 0 2994 1077 0 2995 1010 0 2996 1077 0 2997 1076 0 2998 1010 0 2999 1077 0 3000 1075 0 3001 1076 0 3002 1077 0 3003 1074 0 3004 1075 0 3005 1077 0 3006 1073 0 3007 1074 0 3008 1077 0 3009 1072 0 3010 1073 0 3011 1077 0 3012 1071 0 3013 1072 0 3014 1077 0 3015 1070 0 3016 1071 0 3017 1077 0 3018 1069 0 3019 1070 0 3020 1077 0 3021 1078 0 3022 1069 0 3023 1078 0 3024 1068 0 3025 1069 0 3026 1011 0 3027 1103 0 3028 1077 0 3029 1079 0 3030 1068 0 3031 1078 0 3032 1080 0 3033 1068 0 3034 1079 0 3035 1081 0 3036 1068 0 3037 1080 0 3038 1081 0 3039 1067 0 3040 1068 0 3041 1082 0 3042 1067 0 3043 1081 0 3044 1083 0 3045 1067 0 3046 1082 0 3047 1084 0 3048 1067 0 3049 1083 0 3050 1084 0 3051 1066 0 3052 1067 0 3053 1085 0 3054 1066 0 3055 1084 0 3056 1086 0 3057 1066 0 3058 1085 0 3059 1087 0 3060 1066 0 3061 1086 0 3062 1087 0 3063 1065 0 3064 1066 0 3065 1088 0 3066 1065 0 3067 1087 0 3068 1089 0 3069 1065 0 3070 1088 0 3071 1089 0 3072 1064 0 3073 1065 0 3074 1090 0 3075 1064 0 3076 1089 0 3077 1091 0 3078 1064 0 3079 1090 0 3080 1091 0 3081 1063 0 3082 1064 0 3083 1092 0 3084 1063 0 3085 1091 0 3086 1092 0 3087 1062 0 3088 1063 0 3089 1093 0 3090 1062 0 3091 1092 0 3092 1094 0 3093 1062 0 3094 1093 0 3095 1094 0 3096 1061 0 3097 1062 0 3098 1095 0 3099 1061 0 3100 1094 0 3101 1095 0 3102 1060 0 3103 1061 0 3104 1096 0 3105 1060 0 3106 1095 0 3107 1096 0 3108 1059 0 3109 1060 0 3110 1097 0 3111 1059 0 3112 1096 0 3113 1098 0 3114 1059 0 3115 1097 0 3116 1098 0 3117 1058 0 3118 1059 0 3119 1099 0 3120 1058 0 3121 1098 0 3122 1100 0 3123 1058 0 3124 1099 0 3125 1100 0 3126 1057 0 3127 1058 0 3128 1101 0 3129 1057 0 3130 1100 0 3131 1102 0 3132 1057 0 3133 1101 0 3134 1011 0 3135 1013 0 3136 1103 0 3137 1013 0 3138 1102 0 3139 1103 0 3140 1013 0 3141 1057 0 3142 1102 0 3143 1013 0 3144 1056 0 3145 1057 0 3146 1013 0 3147 1055 0 3148 1056 0 3149 1013 0 3150 1054 0 3151 1055 0 3152 1013 0 3153 1053 0 3154 1054 0 3155 1013 0 3156 1052 0 3157 1053 0 3158 1013 0 3159 1051 0 3160 1052 0 3161 1013 0 3162 1050 0 3163 1051 0 3164 1013 0 3165 1014 0 3166 1050 0 3167 1014 0 3168 1015 0 3169 1050 0 3170 1015 0 3171 1049 0 3172 1050 0 3173 1011 0 3174 1012 0 3175 1013 0 3176 1016 0 3177 1049 0 3178 1015 0 3179 1017 0 3180 1049 0 3181 1016 0 3182 1018 0 3183 1049 0 3184 1017 0 3185 1018 0 3186 1048 0 3187 1049 0 3188 1019 0 3189 1048 0 3190 1018 0 3191 1020 0 3192 1048 0 3193 1019 0 3194 1020 0 3195 1047 0 3196 1048 0 3197 1021 0 3198 1047 0 3199 1020 0 3200 1021 0 3201 1046 0 3202 1047 0 3203 1022 0 3204 1046 0 3205 1021 0 3206 1022 0 3207 1045 0 3208 1046 0 3209 1023 0 3210 1045 0 3211 1022 0 3212 1023 0 3213 1044 0 3214 1045 0 3215 1024 0 3216 1044 0 3217 1023 0 3218 1024 0 3219 1043 0 3220 1044 0 3221 1025 0 3222 1043 0 3223 1024 0 3224 1025 0 3225 1042 0 3226 1043 0 3227 1025 0 3228 1041 0 3229 1042 0 3230 1026 0 3231 1041 0 3232 1025 0 3233 1026 0 3234 1040 0 3235 1041 0 3236 1027 0 3237 1040 0 3238 1026 0 3239 1027 0 3240 1039 0 3241 1040 0 3242 1027 0 3243 1038 0 3244 1039 0 3245 1027 0 3246 1037 0 3247 1038 0 3248 1027 0 3249 1036 0 3250 1037 0 3251 1027 0 3252 1035 0 3253 1036 0 3254 1027 0 3255 1034 0 3256 1035 0 3257 1027 0 3258 1033 0 3259 1034 0 3260 1027 0 3261 1032 0 3262 1033 0 3263 1027 0 3264 1031 0 3265 1032 0 3266 1027 0 3267 1030 0 3268 1031 0 3269 1027 0 3270 1029 0 3271 1030 0 3272 1027 0 3273 1028 0 3274 1029 0 3275</p>
        </triangles>
      </mesh>
    </geometry>
    <geometry id="Cylinder-mesh" name="Cylinder">
      <mesh>
        <source id="Cylinder-mesh-positions">
          <float_array id="Cylinder-mesh-positions-array" count="192">0 0.01627808 -0.4245374 0 0.01627808 0.4245374 0.002918541 0.01596534 -0.4245374 0.002918541 0.01596534 0.4245374 0.005724966 0.01503896 -0.4245374 0.005724966 0.01503896 0.4245374 0.00831139 0.01353478 -0.4245374 0.00831139 0.01353478 0.4245374 0.01057839 0.01151037 -0.4245374 0.01057839 0.01151037 0.4245374 0.01243889 0.009043633 -0.4245374 0.01243889 0.009043633 0.4245374 0.01382136 0.006229341 -0.4245374 0.01382136 0.006229341 0.4245374 0.01467263 0.003175616 -0.4245374 0.01467263 0.003175616 0.4245374 0.01496011 0 -0.4245374 0.01496011 0 0.4245374 0.01467263 -0.003175616 -0.4245374 0.01467263 -0.003175616 0.4245374 0.01382136 -0.006229341 -0.4245374 0.01382136 -0.006229341 0.4245374 0.01243889 -0.009043633 -0.4245374 0.01243889 -0.009043633 0.4245374 0.01057839 -0.01151037 -0.4245374 0.01057839 -0.01151037 0.4245374 0.00831139 -0.01353478 -0.4245374 0.00831139 -0.01353478 0.4245374 0.005724966 -0.01503896 -0.4245374 0.005724966 -0.01503896 0.4245374 0.002918541 -0.01596534 -0.4245374 0.002918541 -0.01596534 0.4245374 0 -0.01627808 -0.4245374 0 -0.01627808 0.4245374 -0.002918541 -0.01596534 -0.4245374 -0.002918541 -0.01596534 0.4245374 -0.005724966 -0.01503896 -0.4245374 -0.005724966 -0.01503896 0.4245374 -0.00831139 -0.01353478 -0.4245374 -0.00831139 -0.01353478 0.4245374 -0.01057839 -0.01151037 -0.4245374 -0.01057839 -0.01151037 0.4245374 -0.01243889 -0.009043633 -0.4245374 -0.01243889 -0.009043633 0.4245374 -0.01382136 -0.006229341 -0.4245374 -0.01382136 -0.006229341 0.4245374 -0.01467263 -0.003175616 -0.4245374 -0.01467263 -0.003175616 0.4245374 -0.01496011 0 -0.4245374 -0.01496011 0 0.4245374 -0.01467263 0.003175616 -0.4245374 -0.01467263 0.003175616 0.4245374 -0.01382136 0.006229341 -0.4245374 -0.01382136 0.006229341 0.4245374 -0.01243889 0.009043633 -0.4245374 -0.01243889 0.009043633 0.4245374 -0.01057839 0.01151037 -0.4245374 -0.01057839 0.01151037 0.4245374 -0.00831139 0.01353478 -0.4245374 -0.00831139 0.01353478 0.4245374 -0.005724966 0.01503896 -0.4245374 -0.005724966 0.01503896 0.4245374 -0.002918541 0.01596534 -0.4245374 -0.002918541 0.01596534 0.4245374</float_array>
          <technique_common>
            <accessor source="#Cylinder-mesh-positions-array" count="64" stride="3">
              <param name="X" type="float"/>
              <param name="Y" type="float"/>
              <param name="Z" type="float"/>
            </accessor>
          </technique_common>
        </source>
        <source id="Cylinder-mesh-normals">
          <float_array id="Cylinder-mesh-normals-array" count="180">0.1065664 0.9943057 0 0.3134385 0.9496085 0 0.5027468 0.8644337 0 0.6660708 0.7458885 0 0.7983741 0.6021619 0 0.897553 0.4409067 0 0.9632663 0.2685483 0 0.9959279 0.09015363 0 0.9959278 -0.09015429 0 0.9632661 -0.2685489 0 0.897553 -0.4409067 0 0.7983744 -0.6021614 0 0.6660712 -0.7458882 0 0.5027467 -0.8644339 0 0.3134386 -0.9496085 0 0.1065664 -0.9943057 0 -0.1065664 -0.9943057 0 -0.3134385 -0.9496085 0 -0.5027468 -0.8644337 0 -0.6660708 -0.7458885 0 -0.7983741 -0.6021619 0 -0.897553 -0.4409067 0 -0.9632663 -0.2685483 0 -0.9959279 -0.09015363 0 -0.9959278 0.09015429 0 -0.9632661 0.2685489 0 -0.897553 0.4409067 0 -0.7983744 0.6021614 0 -0.6660712 0.7458882 0 -0.5027467 0.8644339 0 0 0 1 -0.3134386 0.9496085 0 -0.1065664 0.9943057 0 0 0 -1 0.3134386 0.9496085 0 0.5027467 0.8644339 0 0.6660712 0.7458882 0 0.7983744 0.6021614 0 0.9632661 0.2685489 0 0.9959278 0.09015429 0 0.9959279 -0.09015363 0 0.9632663 -0.2685483 0 0.7983741 -0.6021619 0 0.6660708 -0.7458885 0 0.5027468 -0.8644337 0 0.3134385 -0.9496085 0 -0.3134386 -0.9496085 0 -0.5027467 -0.8644339 0 -0.6660712 -0.7458882 0 -0.7983744 -0.6021614 0 -0.9632661 -0.2685489 0 -0.9959278 -0.09015429 0 -0.9959279 0.09015363 0 -0.9632663 0.2685483 0 -0.7983741 0.6021619 0 -0.6660708 0.7458885 0 -0.5027468 0.8644337 0 1.59415e-5 0 1 -1.59415e-5 0 1 -0.3134385 0.9496085 0</float_array>
          <technique_common>
            <accessor source="#Cylinder-mesh-normals-array" count="60" stride="3">
              <param name="X" type="float"/>
              <param name="Y" type="float"/>
              <param name="Z" type="float"/>
            </accessor>
          </technique_common>
        </source>
        <source id="Cylinder-mesh-map-0">
          <float_array id="Cylinder-mesh-map-0-array" count="744">1 1 0.96875 0.5 1 0.5 0.96875 1 0.9375 0.5 0.96875 0.5 0.9375 1 0.90625 0.5 0.9375 0.5 0.90625 1 0.8750001 0.5 0.90625 0.5 0.8750001 1 0.84375 0.5 0.8750001 0.5 0.84375 1 0.8125 0.5 0.84375 0.5 0.8125 1 0.78125 0.5 0.8125 0.5 0.78125 1 0.75 0.5 0.78125 0.5 0.75 1 0.71875 0.5 0.75 0.5 0.71875 1 0.6875 0.5 0.71875 0.5 0.6875 1 0.65625 0.5 0.6875 0.5 0.65625 1 0.625 0.5 0.65625 0.5 0.625 1 0.59375 0.5 0.625 0.5 0.59375 1 0.5625 0.5 0.59375 0.5 0.5625 1 0.53125 0.5 0.5625 0.5 0.53125 1 0.5 0.5 0.53125 0.5 0.5 1 0.46875 0.5 0.5 0.5 0.46875 1 0.4375 0.5 0.46875 0.5 0.4375 1 0.40625 0.5 0.4375 0.5 0.40625 1 0.375 0.5 0.40625 0.5 0.375 1 0.34375 0.5 0.375 0.5 0.34375 1 0.3125 0.5 0.34375 0.5 0.3125 1 0.28125 0.5 0.3125 0.5 0.28125 1 0.25 0.5 0.28125 0.5 0.25 1 0.21875 0.5 0.25 0.5 0.21875 1 0.1875 0.5 0.21875 0.5 0.1875 1 0.15625 0.5 0.1875 0.5 0.15625 1 0.125 0.5 0.15625 0.5 0.125 1 0.09375 0.5 0.125 0.5 0.09375 1 0.0625 0.5 0.09375 0.5 0.4197056 0.4197056 0.3833369 0.4495527 0.08029437 0.4197056 0.0625 1 0.03125 0.5 0.0625 0.5 0.03125 1 0 0.5 0.03125 0.5 0.6166632 0.4495527 0.658156 0.4717311 0.8833369 0.4495527 1 1 0.96875 1 0.96875 0.5 0.96875 1 0.9375 1 0.9375 0.5 0.9375 1 0.90625 1 0.90625 0.5 0.90625 1 0.8750001 1 0.8750001 0.5 0.8750001 1 0.84375 1 0.84375 0.5 0.84375 1 0.8125 1 0.8125 0.5 0.8125 1 0.78125 1 0.78125 0.5 0.78125 1 0.75 1 0.75 0.5 0.75 1 0.71875 1 0.71875 0.5 0.71875 1 0.6875 1 0.6875 0.5 0.6875 1 0.65625 1 0.65625 0.5 0.65625 1 0.625 1 0.625 0.5 0.625 1 0.59375 1 0.59375 0.5 0.59375 1 0.5625 1 0.5625 0.5 0.5625 1 0.53125 1 0.53125 0.5 0.53125 1 0.5 1 0.5 0.5 0.5 1 0.46875 1 0.46875 0.5 0.46875 1 0.4375 1 0.4375 0.5 0.4375 1 0.40625 1 0.40625 0.5 0.40625 1 0.375 1 0.375 0.5 0.375 1 0.34375 1 0.34375 0.5 0.34375 1 0.3125 1 0.3125 0.5 0.3125 1 0.28125 1 0.28125 0.5 0.28125 1 0.25 1 0.25 0.5 0.25 1 0.21875 1 0.21875 0.5 0.21875 1 0.1875 1 0.1875 0.5 0.1875 1 0.15625 1 0.15625 0.5 0.15625 1 0.125 1 0.125 0.5 0.125 1 0.09375 1 0.09375 0.5 0.09375 1 0.0625 1 0.0625 0.5 0.341844 0.4717311 0.2968217 0.4853885 0.25 0.49 0.25 0.49 0.2031783 0.4853885 0.341844 0.4717311 0.2031783 0.4853885 0.1581559 0.4717311 0.341844 0.4717311 0.1581559 0.4717311 0.116663 0.4495527 0.341844 0.4717311 0.116663 0.4495527 0.08029437 0.4197056 0.3833369 0.4495527 0.341844 0.4717311 0.116663 0.4495527 0.3833369 0.4495527 0.08029437 0.4197056 0.05044728 0.3833369 0.4197056 0.4197056 0.05044728 0.3833369 0.02826887 0.341844 0.4495527 0.3833369 0.4197056 0.4197056 0.05044728 0.3833369 0.4495527 0.3833369 0.02826887 0.341844 0.01461148 0.2968217 0.4853885 0.2968217 0.01461148 0.2968217 0.00999999 0.25 0.49 0.25 0.00999999 0.25 0.01461148 0.2031783 0.4853885 0.2031783 0.01461148 0.2031783 0.02826887 0.1581559 0.4717311 0.1581559 0.02826887 0.1581559 0.05044728 0.116663 0.4717311 0.1581559 0.05044728 0.116663 0.08029437 0.08029437 0.4495527 0.116663 0.4717311 0.1581559 0.05044728 0.116663 0.4495527 0.116663 0.08029437 0.08029437 0.116663 0.05044728 0.4197056 0.08029437 0.116663 0.05044728 0.1581559 0.02826887 0.3833369 0.05044728 0.4197056 0.08029437 0.116663 0.05044728 0.3833369 0.05044728 0.1581559 0.02826887 0.2031783 0.01461148 0.25 0.00999999 0.25 0.00999999 0.2968217 0.01461148 0.1581559 0.02826887 0.2968217 0.01461148 0.341844 0.02826887 0.1581559 0.02826887 0.341844 0.02826887 0.3833369 0.05044728 0.1581559 0.02826887 0.4197056 0.08029437 0.4495527 0.116663 0.08029437 0.08029437 0.4717311 0.1581559 0.4853885 0.2031783 0.01461148 0.2031783 0.4853885 0.2031783 0.49 0.25 0.00999999 0.25 0.49 0.25 0.4853885 0.2968217 0.01461148 0.2968217 0.4853885 0.2968217 0.4717311 0.341844 0.02826887 0.341844 0.4717311 0.341844 0.4495527 0.3833369 0.02826887 0.341844 0.0625 1 0.03125 1 0.03125 0.5 0.03125 1 0 1 0 0.5 0.7031784 0.4853885 0.75 0.49 0.7968217 0.4853885 0.7968217 0.4853885 0.841844 0.4717311 0.7031784 0.4853885 0.841844 0.4717311 0.8833369 0.4495527 0.658156 0.4717311 0.7031784 0.4853885 0.841844 0.4717311 0.658156 0.4717311 0.8833369 0.4495527 0.9197056 0.4197056 0.5802944 0.4197056 0.9197056 0.4197056 0.9495527 0.3833369 0.5504473 0.3833369 0.9495527 0.3833369 0.9717311 0.341844 0.5504473 0.3833369 0.9717311 0.341844 0.9853885 0.2968217 0.5282689 0.341844 0.5504473 0.3833369 0.9717311 0.341844 0.5282689 0.341844 0.9853885 0.2968217 0.99 0.25 0.51 0.25 0.99 0.25 0.9853885 0.2031783 0.5146116 0.2031783 0.9853885 0.2031783 0.9717311 0.1581559 0.5146116 0.2031783 0.9717311 0.1581559 0.9495527 0.116663 0.5282689 0.1581559 0.5146116 0.2031783 0.9717311 0.1581559 0.5282689 0.1581559 0.9495527 0.116663 0.9197056 0.08029437 0.5802944 0.08029437 0.9197056 0.08029437 0.8833369 0.05044728 0.6166632 0.05044728 0.8833369 0.05044728 0.841844 0.02826887 0.6166632 0.05044728 0.841844 0.02826887 0.7968217 0.01461148 0.658156 0.02826887 0.6166632 0.05044728 0.841844 0.02826887 0.658156 0.02826887 0.7968217 0.01461148 0.75 0.00999999 0.7031784 0.01461148 0.7031784 0.01461148 0.658156 0.02826887 0.7968217 0.01461148 0.6166632 0.05044728 0.5802944 0.08029437 0.9197056 0.08029437 0.5802944 0.08029437 0.5504473 0.116663 0.9495527 0.116663 0.5504473 0.116663 0.5282689 0.1581559 0.9495527 0.116663 0.5146116 0.2031783 0.51 0.25 0.99 0.25 0.51 0.25 0.5146116 0.2968217 0.9853885 0.2968217 0.5146116 0.2968217 0.5282689 0.341844 0.9853885 0.2968217 0.5504473 0.3833369 0.5802944 0.4197056 0.9197056 0.4197056 0.5802944 0.4197056 0.6166632 0.4495527 0.8833369 0.4495527</float_array>
          <technique_common>
            <accessor source="#Cylinder-mesh-map-0-array" count="372" stride="2">
              <param name="S" type="float"/>
              <param name="T" type="float"/>
            </accessor>
          </technique_common>
        </source>
        <vertices id="Cylinder-mesh-vertices">
          <input semantic="POSITION" source="#Cylinder-mesh-positions"/>
        </vertices>
        <triangles count="124">
          <input semantic="VERTEX" source="#Cylinder-mesh-vertices" offset="0"/>
          <input semantic="NORMAL" source="#Cylinder-mesh-normals" offset="1"/>
          <input semantic="TEXCOORD" source="#Cylinder-mesh-map-0" offset="2" set="0"/>
          <p>1 0 0 2 0 1 0 0 2 3 1 3 4 1 4 2 1 5 5 2 6 6 2 7 4 2 8 7 3 9 8 3 10 6 3 11 9 4 12 10 4 13 8 4 14 11 5 15 12 5 16 10 5 17 13 6 18 14 6 19 12 6 20 15 7 21 16 7 22 14 7 23 17 8 24 18 8 25 16 8 26 19 9 27 20 9 28 18 9 29 21 10 30 22 10 31 20 10 32 23 11 33 24 11 34 22 11 35 25 12 36 26 12 37 24 12 38 27 13 39 28 13 40 26 13 41 29 14 42 30 14 43 28 14 44 31 15 45 32 15 46 30 15 47 33 16 48 34 16 49 32 16 50 35 17 51 36 17 52 34 17 53 37 18 54 38 18 55 36 18 56 39 19 57 40 19 58 38 19 59 41 20 60 42 20 61 40 20 62 43 21 63 44 21 64 42 21 65 45 22 66 46 22 67 44 22 68 47 23 69 48 23 70 46 23 71 49 24 72 50 24 73 48 24 74 51 25 75 52 25 76 50 25 77 53 26 78 54 26 79 52 26 80 55 27 81 56 27 82 54 27 83 57 28 84 58 28 85 56 28 86 59 29 87 60 29 88 58 29 89 9 30 90 7 30 91 57 30 92 61 31 93 62 31 94 60 31 95 63 32 96 0 32 97 62 32 98 58 33 99 60 33 100 6 33 101 1 0 102 3 0 103 2 0 104 3 34 105 5 34 106 4 34 107 5 35 108 7 35 109 6 35 110 7 36 111 9 36 112 8 36 113 9 37 114 11 37 115 10 37 116 11 5 117 13 5 118 12 5 119 13 38 120 15 38 121 14 38 122 15 39 123 17 39 124 16 39 125 17 40 126 19 40 127 18 40 128 19 41 129 21 41 130 20 41 131 21 10 132 23 10 133 22 10 134 23 42 135 25 42 136 24 42 137 25 43 138 27 43 139 26 43 140 27 44 141 29 44 142 28 44 143 29 45 144 31 45 145 30 45 146 31 15 147 33 15 148 32 15 149 33 16 150 35 16 151 34 16 152 35 46 153 37 46 154 36 46 155 37 47 156 39 47 157 38 47 158 39 48 159 41 48 160 40 48 161 41 49 162 43 49 163 42 49 164 43 21 165 45 21 166 44 21 167 45 50 168 47 50 169 46 50 170 47 51 171 49 51 172 48 51 173 49 52 174 51 52 175 50 52 176 51 53 177 53 53 178 52 53 179 53 26 180 55 26 181 54 26 182 55 54 183 57 54 184 56 54 185 57 55 186 59 55 187 58 55 188 59 56 189 61 56 190 60 56 191 5 57 192 3 57 193 1 57 194 1 30 195 63 30 196 5 30 197 63 30 198 61 30 199 5 30 200 61 30 201 59 30 202 5 30 203 59 30 204 57 30 205 7 30 206 5 30 207 59 30 208 7 30 209 57 30 210 55 30 211 9 30 212 55 30 213 53 30 214 11 30 215 9 30 216 55 30 217 11 30 218 53 30 219 51 30 220 15 30 221 51 30 222 49 30 223 17 30 224 49 30 225 47 30 226 19 30 227 47 30 228 45 30 229 21 30 230 45 30 231 43 30 232 21 30 233 43 30 234 41 30 235 23 30 236 21 30 237 43 30 238 23 30 239 41 30 240 39 30 241 25 30 242 39 30 243 37 30 244 27 30 245 25 30 246 39 30 247 27 30 248 37 58 249 35 58 250 33 58 251 33 30 252 31 30 253 37 30 254 31 30 255 29 30 256 37 30 257 29 30 258 27 30 259 37 30 260 25 30 261 23 30 262 41 30 263 21 30 264 19 30 265 47 30 266 19 30 267 17 30 268 49 30 269 17 30 270 15 30 271 51 30 272 15 30 273 13 30 274 53 30 275 13 30 276 11 30 277 53 30 278 61 59 279 63 59 280 62 59 281 63 32 282 1 32 283 0 32 284 62 33 285 0 33 286 2 33 287 2 33 288 4 33 289 62 33 290 4 33 291 6 33 292 60 33 293 62 33 294 4 33 295 60 33 296 6 33 297 8 33 298 56 33 299 8 33 300 10 33 301 54 33 302 10 33 303 12 33 304 54 33 305 12 33 306 14 33 307 52 33 308 54 33 309 12 33 310 52 33 311 14 33 312 16 33 313 48 33 314 16 33 315 18 33 316 46 33 317 18 33 318 20 33 319 46 33 320 20 33 321 22 33 322 44 33 323 46 33 324 20 33 325 44 33 326 22 33 327 24 33 328 40 33 329 24 33 330 26 33 331 38 33 332 26 33 333 28 33 334 38 33 335 28 33 336 30 33 337 36 33 338 38 33 339 28 33 340 36 33 341 30 33 342 32 33 343 34 33 344 34 33 345 36 33 346 30 33 347 38 33 348 40 33 349 24 33 350 40 33 351 42 33 352 22 33 353 42 33 354 44 33 355 22 33 356 46 33 357 48 33 358 16 33 359 48 33 360 50 33 361 14 33 362 50 33 363 52 33 364 14 33 365 54 33 366 56 33 367 8 33 368 56 33 369 58 33 370 6 33 371</p>
        </triangles>
      </mesh>
    </geometry>
    <geometry id="Cube_001-mesh" name="Cube.001">
      <mesh>
        <source id="Cube_001-mesh-positions">
          <float_array id="Cube_001-mesh-positions-array" count="24">-0.223456 -0.04633688 0 -0.223456 -0.04633688 0 -0.223456 0.04633688 0 -0.223456 0.04633688 0 0.223456 -0.04633688 0 0.223456 -0.04633688 0 0.223456 0.04633688 0 0.223456 0.04633688 0</float_array>
          <technique_common>
            <accessor source="#Cube_001-mesh-positions-array" count="8" stride="3">
              <param name="X" type="float"/>
              <param name="Y" type="float"/>
              <param name="Z" type="float"/>
            </accessor>
          </technique_common>
        </source>
        <source id="Cube_001-mesh-normals">
          <float_array id="Cube_001-mesh-normals-array" count="6">0 0 1 0 0 -1</float_array>
          <technique_common>
            <accessor source="#Cube_001-mesh-normals-array" count="2" stride="3">
              <param name="X" type="float"/>
              <param name="Y" type="float"/>
              <param name="Z" type="float"/>
            </accessor>
          </technique_common>
        </source>
        <source id="Cube_001-mesh-map-0">
          <float_array id="Cube_001-mesh-map-0-array" count="72">0.625 0 0.375 0.25 0.375 0 0.625 0.25 0.375 0.5 0.375 0.25 0.625 0.5 0.375 0.75 0.375 0.5 0.625 0.75 0.375 1 0.375 0.75 0.375 0.5 0.125 0.75 0.125 0.5 0.8750001 0.5 0.625 0.75 0.625 0.5 0.625 0 0.625 0.25 0.375 0.25 0.625 0.25 0.625 0.5 0.375 0.5 0.625 0.5 0.625 0.75 0.375 0.75 0.625 0.75 0.625 1 0.375 1 0.375 0.5 0.375 0.75 0.125 0.75 0.8750001 0.5 0.8750001 0.75 0.625 0.75</float_array>
          <technique_common>
            <accessor source="#Cube_001-mesh-map-0-array" count="36" stride="2">
              <param name="S" type="float"/>
              <param name="T" type="float"/>
            </accessor>
          </technique_common>
        </source>
        <vertices id="Cube_001-mesh-vertices">
          <input semantic="POSITION" source="#Cube_001-mesh-positions"/>
        </vertices>
        <triangles material="Material_001-material" count="12">
          <input semantic="VERTEX" source="#Cube_001-mesh-vertices" offset="0"/>
          <input semantic="NORMAL" source="#Cube_001-mesh-normals" offset="1"/>
          <input semantic="TEXCOORD" source="#Cube_001-mesh-map-0" offset="2" set="0"/>
          <p>1 0 0 2 0 1 0 0 2 3 0 3 6 0 4 2 0 5 7 0 6 4 0 7 6 0 8 5 0 9 0 0 10 4 0 11 6 1 12 0 1 13 2 1 14 3 0 15 5 0 16 7 0 17 1 0 18 3 0 19 2 0 20 3 0 21 7 0 22 6 0 23 7 0 24 5 0 25 4 0 26 5 0 27 1 0 28 0 0 29 6 1 30 4 1 31 0 1 32 3 0 33 1 0 34 5 0 35</p>
        </triangles>
      </mesh>
    </geometry>
  </library_geometries>
  <library_visual_scenes>
    <visual_scene id="Scene" name="Scene">
      <node id="Text" name="Text" type="NODE">
        <matrix sid="transform">0.0134275 1.68423e-9 0.9632658 0.008 0.04816329 -4.69548e-10 -0.2685499 0.01 0 0.04 -4.37114e-8 0.7550536 0 0 0 1</matrix>
        <instance_geometry url="#Text_001-mesh" name="Text">
          <bind_material>
            <technique_common>
              <instance_material symbol="Material_003-material" target="#Material_003-material">
                <bind_vertex_input semantic="UVMap" input_semantic="TEXCOORD" input_set="0"/>
              </instance_material>
            </technique_common>
          </bind_material>
        </instance_geometry>
      </node>
      <node id="Light_001" name="Light.001" type="NODE">
        <matrix sid="transform">-0.2908648 -0.7711008 0.5663932 4.076245 0.9551711 -0.1998834 0.2183913 1.005454 -0.05518911 0.6045247 0.7946723 5.903862 0 0 0 1</matrix>
        <instance_light url="#Light_001-light"/>
      </node>
      <node id="Camera_001" name="Camera.001" type="NODE">
        <matrix sid="transform">0.6859207 -0.3240135 0.6515582 7.358891 0.7276763 0.3054209 -0.6141704 -6.925791 -4.01133e-9 0.8953956 0.4452714 4.958309 0 0 0 1</matrix>
        <instance_camera url="#Camera_001-camera"/>
      </node>
      <node id="Cylinder" name="Cylinder" type="NODE">
        <matrix sid="transform">1 0 0 -0.005850613 0 1 0 -0.01903825 0 0 1 0.4245375 0 0 0 1</matrix>
        <instance_geometry url="#Cylinder-mesh" name="Cylinder"/>
      </node>
      <node id="Cube" name="Cube" type="NODE">
        <matrix sid="transform">0.2094648 9.41617e-8 0.9632672 0.04765908 0.7513483 -2.62509e-8 -0.2685447 0.1552195 0 0.6 -1.62921e-7 0.7650182 0 0 0 1</matrix>
        <instance_geometry url="#Cube_001-mesh" name="Cube">
          <bind_material>
            <technique_common>
              <instance_material symbol="Material_001-material" target="#Material_001-material">
                <bind_vertex_input semantic="Cube_001-mesh-map-0" input_semantic="TEXCOORD" input_set="0"/>
              </instance_material>
            </technique_common>
          </bind_material>
        </instance_geometry>
      </node>
      <node id="Camera" name="Camera" type="NODE">
        <matrix sid="transform">0.6859207 -0.3240135 0.6515582 7.358891 0.7276763 0.3054208 -0.6141704 -6.925791 0 0.8953956 0.4452714 4.958309 0 0 0 1</matrix>
        <instance_camera url="#Camera-camera"/>
      </node>
      <node id="Light" name="Light" type="NODE">
        <matrix sid="transform">-0.2908646 -0.7711008 0.5663932 4.076245 0.9551712 -0.1998834 0.2183912 1.005454 -0.05518906 0.6045247 0.7946723 5.903862 0 0 0 1</matrix>
        <instance_light url="#Light-light"/>
      </node>
    </visual_scene>
  </library_visual_scenes>
  <scene>
    <instance_visual_scene url="#Scene"/>
  </scene>
</COLLADA>