<?xml version="1.0" encoding="utf-8"?>
<COLLADA xmlns="http://www.collada.org/2005/11/COLLADASchema" version="1.4.1" xmlns:xsi="http://www.w3.org/2001/XMLSchema-instance">
  <asset>
    <contributor>
      <author>Blender User</author>
      <authoring_tool>Blender 3.6.23 commit date:2025-06-16, commit time:11:52, hash:e467db79ca8c</authoring_tool>
    </contributor>
    <created>2026-06-09T15:33:55</created>
    <modified>2026-06-09T15:33:55</modified>
    <unit name="meter" meter="1"/>
    <up_axis>Z_UP</up_axis>
  </asset>
  <library_cameras>
    <camera id="Camera_001-camera" name="Camera.001">
      <optics>
        <technique_common>
          <perspective>
            <xfov sid="xfov">9.688765</xfov>
            <aspect_ratio>1.777778</aspect_ratio>
            <znear sid="znear">0.1</znear>
            <zfar sid="zfar">100</zfar>
          </perspective>
        </technique_common>
      </optics>
      <extra>
        <technique profile="blender">
          <shiftx sid="shiftx" type="float">0</shiftx>
          <shifty sid="shifty" type="float">0</shifty>
          <dof_distance sid="dof_distance" type="float">10</dof_distance>
        </technique>
      </extra>
    </camera>
    <camera id="Camera-camera" name="Camera">
      <optics>
        <technique_common>
          <perspective>
            <xfov sid="xfov">39.59775</xfov>
            <aspect_ratio>1.777778</aspect_ratio>
            <znear sid="znear">0.1</znear>
            <zfar sid="zfar">100</zfar>
          </perspective>
        </technique_common>
      </optics>
      <extra>
        <technique profile="blender">
          <shiftx sid="shiftx" type="float">0</shiftx>
          <shifty sid="shifty" type="float">0</shifty>
          <dof_distance sid="dof_distance" type="float">10</dof_distance>
        </technique>
      </extra>
    </camera>
  </library_cameras>
  <library_lights>
    <light id="Point-light" name="Point">
      <technique_common>
        <point>
          <color sid="color">30 30 30</color>
          <constant_attenuation>1</constant_attenuation>
          <linear_attenuation>0</linear_attenuation>
          <quadratic_attenuation>0.001599967</quadratic_attenuation>
        </point>
      </technique_common>
      <extra>
        <technique profile="blender">
          <type sid="type" type="int">0</type>
          <flag sid="flag" type="int">0</flag>
          <mode sid="mode" type="int">1</mode>
          <gamma sid="blender_gamma" type="float">1</gamma>
          <red sid="red" type="float">1</red>
          <green sid="green" type="float">1</green>
          <blue sid="blue" type="float">1</blue>
          <shadow_r sid="blender_shadow_r" type="float">0</shadow_r>
          <shadow_g sid="blender_shadow_g" type="float">0</shadow_g>
          <shadow_b sid="blender_shadow_b" type="float">0</shadow_b>
          <energy sid="blender_energy" type="float">30</energy>
          <dist sid="blender_dist" type="float">25</dist>
          <spotsize sid="spotsize" type="float">45</spotsize>
          <spotblend sid="spotblend" type="float">0.15</spotblend>
          <att1 sid="att1" type="float">0</att1>
          <att2 sid="att2" type="float">1</att2>
          <falloff_type sid="falloff_type" type="int">2</falloff_type>
          <clipsta sid="clipsta" type="float">0.04999995</clipsta>
          <clipend sid="clipend" type="float">40</clipend>
          <bias sid="bias" type="float">1</bias>
          <bufsize sid="bufsize" type="int">512</bufsize>
          <samp sid="samp" type="int">3</samp>
          <buffers sid="buffers" type="int">1</buffers>
          <radius sid="radius" type="float">0.02077949</radius>
          <area_shape sid="area_shape" type="int">0</area_shape>
          <area_size sid="area_size" type="float">0.25</area_size>
          <area_sizey sid="area_sizey" type="float">0.25</area_sizey>
          <area_sizez sid="area_sizez" type="float">0.25</area_sizez>
        </technique>
      </extra>
    </light>
    <light id="Point_001-light" name="Point.001">
      <technique_common>
        <point>
          <color sid="color">30 30 30</color>
          <constant_attenuation>1</constant_attenuation>
          <linear_attenuation>0</linear_attenuation>
          <quadratic_attenuation>0.001599967</quadratic_attenuation>
        </point>
      </technique_common>
      <extra>
        <technique profile="blender">
          <type sid="type" type="int">0</type>
          <flag sid="flag" type="int">0</flag>
          <mode sid="mode" type="int">1</mode>
          <gamma sid="blender_gamma" type="float">1</gamma>
          <red sid="red" type="float">1</red>
          <green sid="green" type="float">1</green>
          <blue sid="blue" type="float">1</blue>
          <shadow_r sid="blender_shadow_r" type="float">0</shadow_r>
          <shadow_g sid="blender_shadow_g" type="float">0</shadow_g>
          <shadow_b sid="blender_shadow_b" type="float">0</shadow_b>
          <energy sid="blender_energy" type="float">30</energy>
          <dist sid="blender_dist" type="float">25</dist>
          <spotsize sid="spotsize" type="float">45</spotsize>
          <spotblend sid="spotblend" type="float">0.15</spotblend>
          <att1 sid="att1" type="float">0</att1>
          <att2 sid="att2" type="float">1</att2>
          <falloff_type sid="falloff_type" type="int">2</falloff_type>
          <clipsta sid="clipsta" type="float">0.04999995</clipsta>
          <clipend sid="clipend" type="float">40</clipend>
          <bias sid="bias" type="float">1</bias>
          <bufsize sid="bufsize" type="int">512</bufsize>
          <samp sid="samp" type="int">3</samp>
          <buffers sid="buffers" type="int">1</buffers>
          <radius sid="radius" type="float">0</radius>
          <area_shape sid="area_shape" type="int">0</area_shape>
          <area_size sid="area_size" type="float">0.25</area_size>
          <area_sizey sid="area_sizey" type="float">0.25</area_sizey>
          <area_sizez sid="area_sizez" type="float">0.25</area_sizez>
        </technique>
      </extra>
    </light>
    <light id="Point_002-light" name="Point.002">
      <technique_common>
        <point>
          <color sid="color">30 30 30</color>
          <constant_attenuation>1</constant_attenuation>
          <linear_attenuation>0</linear_attenuation>
          <quadratic_attenuation>0.001599967</quadratic_attenuation>
        </point>
      </technique_common>
      <extra>
        <technique profile="blender">
          <type sid="type" type="int">0</type>
          <flag sid="flag" type="int">0</flag>
          <mode sid="mode" type="int">1</mode>
          <gamma sid="blender_gamma" type="float">1</gamma>
          <red sid="red" type="float">1</red>
          <green sid="green" type="float">1</green>
          <blue sid="blue" type="float">1</blue>
          <shadow_r sid="blender_shadow_r" type="float">0</shadow_r>
          <shadow_g sid="blender_shadow_g" type="float">0</shadow_g>
          <shadow_b sid="blender_shadow_b" type="float">0</shadow_b>
          <energy sid="blender_energy" type="float">30</energy>
          <dist sid="blender_dist" type="float">25</dist>
          <spotsize sid="spotsize" type="float">45</spotsize>
          <spotblend sid="spotblend" type="float">0.15</spotblend>
          <att1 sid="att1" type="float">0</att1>
          <att2 sid="att2" type="float">1</att2>
          <falloff_type sid="falloff_type" type="int">2</falloff_type>
          <clipsta sid="clipsta" type="float">0.04999995</clipsta>
          <clipend sid="clipend" type="float">40</clipend>
          <bias sid="bias" type="float">1</bias>
          <bufsize sid="bufsize" type="int">512</bufsize>
          <samp sid="samp" type="int">3</samp>
          <buffers sid="buffers" type="int">1</buffers>
          <radius sid="radius" type="float">0</radius>
          <area_shape sid="area_shape" type="int">0</area_shape>
          <area_size sid="area_size" type="float">0.25</area_size>
          <area_sizey sid="area_sizey" type="float">0.25</area_sizey>
          <area_sizez sid="area_sizez" type="float">0.25</area_sizez>
        </technique>
      </extra>
    </light>
    <light id="Light-light" name="Light">
      <technique_common>
        <point>
          <color sid="color">1000 1000 1000</color>
          <constant_attenuation>1</constant_attenuation>
          <linear_attenuation>0</linear_attenuation>
          <quadratic_attenuation>0.00111109</quadratic_attenuation>
        </point>
      </technique_common>
      <extra>
        <technique profile="blender">
          <type sid="type" type="int">0</type>
          <flag sid="flag" type="int">0</flag>
          <mode sid="mode" type="int">1</mode>
          <gamma sid="blender_gamma" type="float">1</gamma>
          <red sid="red" type="float">1</red>
          <green sid="green" type="float">1</green>
          <blue sid="blue" type="float">1</blue>
          <shadow_r sid="blender_shadow_r" type="float">0</shadow_r>
          <shadow_g sid="blender_shadow_g" type="float">0</shadow_g>
          <shadow_b sid="blender_shadow_b" type="float">0</shadow_b>
          <energy sid="blender_energy" type="float">1000</energy>
          <dist sid="blender_dist" type="float">29.99998</dist>
          <spotsize sid="spotsize" type="float">75</spotsize>
          <spotblend sid="spotblend" type="float">0.15</spotblend>
          <att1 sid="att1" type="float">0</att1>
          <att2 sid="att2" type="float">1</att2>
          <falloff_type sid="falloff_type" type="int">2</falloff_type>
          <clipsta sid="clipsta" type="float">0.04999995</clipsta>
          <clipend sid="clipend" type="float">30.002</clipend>
          <bias sid="bias" type="float">1</bias>
          <bufsize sid="bufsize" type="int">2880</bufsize>
          <samp sid="samp" type="int">3</samp>
          <buffers sid="buffers" type="int">1</buffers>
          <radius sid="radius" type="float">0.1</radius>
          <area_shape sid="area_shape" type="int">1</area_shape>
          <area_size sid="area_size" type="float">0.1</area_size>
          <area_sizey sid="area_sizey" type="float">0.1</area_sizey>
          <area_sizez sid="area_sizez" type="float">1</area_sizez>
        </technique>
      </extra>
    </light>
  </library_lights>
  <library_effects>
    <effect id="Black-effect">
      <profile_COMMON>
        <technique sid="common">
          <lambert>
            <emission>
              <color sid="emission">0 0 0 1</color>
            </emission>
            <diffuse>
              <color sid="diffuse">0 0 0 1</color>
            </diffuse>
            <index_of_refraction>
              <float sid="ior">1.45</float>
            </index_of_refraction>
          </lambert>
        </technique>
      </profile_COMMON>
    </effect>
    <effect id="white-effect">
      <profile_COMMON>
        <technique sid="common">
          <lambert>
            <emission>
              <color sid="emission">0.5 0.5 0.5 1</color>
            </emission>
            <diffuse>
              <color sid="diffuse">0.8 0.8 0.8 1</color>
            </diffuse>
            <index_of_refraction>
              <float sid="ior">1.45</float>
            </index_of_refraction>
          </lambert>
        </technique>
      </profile_COMMON>
    </effect>
    <effect id="glossy_plastic_white-effect">
      <profile_COMMON>
        <technique sid="common">
          <lambert>
            <emission>
              <color sid="emission">0 0 0 1</color>
            </emission>
            <diffuse>
              <color sid="diffuse">0.8829251 0.8829251 0.8829251 1</color>
            </diffuse>
            <index_of_refraction>
              <float sid="ior">1.45</float>
            </index_of_refraction>
          </lambert>
        </technique>
      </profile_COMMON>
    </effect>
    <effect id="metallic_gray-effect">
      <profile_COMMON>
        <technique sid="common">
          <lambert>
            <emission>
              <color sid="emission">0 0 0 1</color>
            </emission>
            <diffuse>
              <color sid="diffuse">0.5 0.5 0.5 1</color>
            </diffuse>
            <reflectivity>
              <float sid="specular">1</float>
            </reflectivity>
            <index_of_refraction>
              <float sid="ior">1.45</float>
            </index_of_refraction>
          </lambert>
        </technique>
      </profile_COMMON>
    </effect>
    <effect id="dark_gray-effect">
      <profile_COMMON>
        <technique sid="common">
          <lambert>
            <emission>
              <color sid="emission">0 0 0 1</color>
            </emission>
            <diffuse>
              <color sid="diffuse">0.04954934 0.04954934 0.04954934 1</color>
            </diffuse>
            <index_of_refraction>
              <float sid="ior">1.45</float>
            </index_of_refraction>
          </lambert>
        </technique>
      </profile_COMMON>
    </effect>
    <effect id="gray-effect">
      <profile_COMMON>
        <technique sid="common">
          <lambert>
            <emission>
              <color sid="emission">0 0 0 1</color>
            </emission>
            <diffuse>
              <color sid="diffuse">0.1282395 0.1282395 0.1282395 1</color>
            </diffuse>
            <index_of_refraction>
              <float sid="ior">1.45</float>
            </index_of_refraction>
          </lambert>
        </technique>
      </profile_COMMON>
    </effect>
    <effect id="metallic_black-effect">
      <profile_COMMON>
        <technique sid="common">
          <lambert>
            <emission>
              <color sid="emission">0 0 0 1</color>
            </emission>
            <diffuse>
              <color sid="diffuse">0 0 0 1</color>
            </diffuse>
            <reflectivity>
              <float sid="specular">0.9606299</float>
            </reflectivity>
            <index_of_refraction>
              <float sid="ior">1.45</float>
            </index_of_refraction>
          </lambert>
        </technique>
      </profile_COMMON>
    </effect>
  </library_effects>
  <library_images/>
  <library_materials>
    <material id="Black-material" name="Black">
      <instance_effect url="#Black-effect"/>
    </material>
    <material id="white-material" name="white">
      <instance_effect url="#white-effect"/>
    </material>
    <material id="glossy_plastic_white-material" name="glossy plastic white">
      <instance_effect url="#glossy_plastic_white-effect"/>
    </material>
    <material id="metallic_gray-material" name="metallic gray">
      <instance_effect url="#metallic_gray-effect"/>
    </material>
    <material id="dark_gray-material" name="dark gray">
      <instance_effect url="#dark_gray-effect"/>
    </material>
    <material id="gray-material" name="gray">
      <instance_effect url="#gray-effect"/>
    </material>
    <material id="metallic_black-material" name="metallic black">
      <instance_effect url="#metallic_black-effect"/>
    </material>
  </library_materials>
  <library_geometries>
    <geometry id="bcr_bot_logo-mesh" name="bcr_bot_logo">
      <mesh>
        <source id="bcr_bot_logo-mesh-positions">
          <float_array id="bcr_bot_logo-mesh-positions-array" count="20958">-74.75176 279.6215 110.1893 -74.75176 329.6215 110.1893 -75.17665 279.6215 102.2173 -75.17665 329.6215 102.2173 -74.75176 279.6215 94.24533 -74.75176 329.6215 94.24533 -73.4819 279.6215 86.36364 -73.4819 329.6215 86.36364 -71.38146 279.6215 78.66159 -71.38146 329.6215 78.66159 -68.47425 279.6215 71.22643 -68.47425 329.6215 71.22643 -64.7932 279.6215 64.14241 -64.7932 329.6215 64.14241 -60.38002 279.6215 57.48978 -60.38002 329.6215 57.48978 -55.2847 279.6215 51.34395 -55.2847 329.6215 51.34395 -49.56499 279.6215 45.77453 -49.56499 329.6215 45.77453 -43.2857 279.6215 40.84463 -43.2857 329.6215 40.84463 -36.51796 279.6215 36.6101 -36.51796 329.6215 36.6101 -29.33846 279.6215 33.11894 -29.33846 329.6215 33.11894 -21.82854 279.6215 30.41068 -21.82854 329.6215 30.41068 -14.0733 279.6215 28.51603 -14.0733 329.6215 28.51603 -6.160601 279.6215 27.45644 -6.160601 329.6215 27.45644 1.819896 279.6215 27.24392 1.819896 329.6215 27.24392 9.777771 279.6215 27.88088 9.777771 329.6215 27.88088 17.62286 279.6215 29.36009 17.62286 329.6215 29.36009 25.26627 279.6215 31.66482 25.26627 329.6215 31.66482 32.62141 279.6215 34.76892 32.62141 329.6215 34.76892 39.60492 279.6215 38.63725 39.60492 329.6215 38.63725 46.1377 279.6215 43.22597 46.1377 329.6215 43.22597 52.14572 279.6215 48.48308 52.14572 329.6215 48.48308 57.5609 279.6215 54.34902 57.5609 329.6215 54.34902 62.3219 279.6215 60.75733 62.3219 329.6215 60.75733 66.37477 279.6215 67.6354 66.37477 329.6215 67.6354 69.67357 279.6215 74.9053 69.67357 329.6215 74.9053 72.18095 279.6215 82.48464 72.18095 329.6215 82.48464 73.86849 279.6215 90.28758 73.86849 329.6215 90.28758 74.71706 279.6215 98.22567 74.71706 329.6215 98.22567 74.71706 279.6215 106.209 74.71706 329.6215 106.209 73.86849 279.6215 114.1471 73.86849 329.6215 114.1471 72.18095 279.6215 121.95 72.18095 329.6215 121.95 69.67357 279.6215 129.5294 69.67357 329.6215 129.5294 66.37477 279.6215 136.7993 66.37477 329.6215 136.7993 62.3219 279.6215 143.6773 62.3219 329.6215 143.6773 57.5609 279.6215 150.0856 57.5609 329.6215 150.0856 52.14572 279.6215 155.9516 52.14572 329.6215 155.9516 46.1377 279.6215 161.2087 46.1377 329.6215 161.2087 39.60492 279.6215 165.7974 39.60492 329.6215 165.7974 32.62141 279.6215 169.6657 32.62141 329.6215 169.6657 25.26627 279.6215 172.7698 25.26627 329.6215 172.7698 17.62286 279.6215 175.0746 17.62286 329.6215 175.0746 9.777771 279.6215 176.5538 9.777771 329.6215 176.5538 1.819896 279.6215 177.1907 1.819896 329.6215 177.1907 -6.160601 279.6215 176.9782 -6.160601 329.6215 176.9782 -14.0733 279.6215 175.9186 -14.0733 329.6215 175.9186 -21.82854 279.6215 174.024 -21.82854 329.6215 174.024 -29.33846 279.6215 171.3157 -29.33846 329.6215 171.3157 -36.51796 279.6215 167.8246 -36.51796 329.6215 167.8246 -43.2857 279.6215 163.59 -43.2857 329.6215 163.59 -49.56499 279.6215 158.6601 -49.56499 329.6215 158.6601 -55.2847 279.6215 153.0907 -55.2847 329.6215 153.0907 -60.38002 279.6215 146.9449 -60.38002 329.6215 146.9449 -64.7932 279.6215 140.2923 -64.7932 329.6215 140.2923 -68.47425 279.6215 133.2082 -68.47425 329.6215 133.2082 -71.38146 279.6215 125.7731 -71.38146 329.6215 125.7731 -73.4819 279.6215 118.071 -73.4819 329.6215 118.071 -99.75006 279.6215 111.4442 -99.75006 329.6215 111.4442 -100.1766 279.6215 102.2173 -100.1766 329.6215 102.2173 -99.75006 279.6215 92.9905 -99.75006 329.6215 92.9905 -98.47396 279.6215 83.84239 -98.47396 329.6215 83.84239 -96.35921 279.6215 74.85104 -96.35921 329.6215 74.85104 -93.42387 279.6215 66.09317 -93.42387 329.6215 66.09317 -89.69297 279.6215 57.6435 -89.69297 329.6215 57.6435 -85.19836 279.6215 49.57412 -85.19836 329.6215 49.57412 -79.97837 279.6215 41.95387 -79.97837 329.6215 41.95387 -74.07754 279.6215 34.84777 -74.07754 329.6215 34.84777 -67.54621 279.6215 28.31645 -67.54621 329.6215 28.31645 -60.4401 279.6215 22.41561 -60.4401 329.6215 22.41561 -52.81986 279.6215 17.19562 -52.81986 329.6215 17.19562 -44.75048 279.6215 12.70101 -44.75048 329.6215 12.70101 -36.30081 279.6215 8.970113 -36.30081 329.6215 8.970113 -27.54294 279.6215 6.034772 -27.54294 329.6215 6.034772 -18.5516 279.6215 3.920026 -18.5516 329.6215 3.920026 -9.40348 279.6215 2.643918 -9.40348 329.6215 2.643918 -0.1766433 279.6215 2.217336 -0.1766433 329.6215 2.217336 9.050193 279.6215 2.643918 9.050193 329.6215 2.643918 18.19831 279.6215 3.920026 18.19831 329.6215 3.920026 27.18966 279.6215 6.034772 27.18966 329.6215 6.034772 35.94752 279.6215 8.970113 35.94752 329.6215 8.970113 44.39719 279.6215 12.70101 44.39719 329.6215 12.70101 52.46657 279.6215 17.19562 52.46657 329.6215 17.19562 60.08682 279.6215 22.41561 60.08682 329.6215 22.41561 67.19293 279.6215 28.31645 67.19293 329.6215 28.31645 73.72425 279.6215 34.84777 73.72425 329.6215 34.84777 79.62508 279.6215 41.95387 79.62508 329.6215 41.95387 84.84507 279.6215 49.57412 84.84507 329.6215 49.57412 89.33969 279.6215 57.6435 89.33969 329.6215 57.6435 93.07058 279.6215 66.09317 93.07058 329.6215 66.09317 96.00592 279.6215 74.85104 96.00592 329.6215 74.85104 98.12067 279.6215 83.84239 98.12067 329.6215 83.84239 99.39678 279.6215 92.9905 99.39678 329.6215 92.9905 99.82336 279.6215 102.2173 99.82336 329.6215 102.2173 99.39678 279.6215 111.4442 99.39678 329.6215 111.4442 98.12067 279.6215 120.5923 98.12067 329.6215 120.5923 96.00592 279.6215 129.5836 96.00592 329.6215 129.5836 93.07058 279.6215 138.3415 93.07058 329.6215 138.3415 89.33969 279.6215 146.7912 89.33969 329.6215 146.7912 84.84507 279.6215 154.8605 84.84507 329.6215 154.8605 79.62508 279.6215 162.4808 79.62508 329.6215 162.4808 73.72425 279.6215 169.5869 73.72425 329.6215 169.5869 67.19293 279.6215 176.1182 67.19293 329.6215 176.1182 60.08682 279.6215 182.0191 60.08682 329.6215 182.0191 52.46657 279.6215 187.239 52.46657 329.6215 187.239 44.39719 279.6215 191.7337 44.39719 329.6215 191.7337 35.94752 279.6215 195.4645 35.94752 329.6215 195.4645 27.18966 279.6215 198.3999 27.18966 329.6215 198.3999 18.19831 279.6215 200.5146 18.19831 329.6215 200.5146 9.050193 279.6215 201.7908 9.050193 329.6215 201.7908 -0.1766433 279.6215 202.2173 -0.1766433 329.6215 202.2173 -9.40348 279.6215 201.7908 -9.40348 329.6215 201.7908 -18.5516 279.6215 200.5146 -18.5516 329.6215 200.5146 -27.54294 279.6215 198.3999 -27.54294 329.6215 198.3999 -36.30081 279.6215 195.4645 -36.30081 329.6215 195.4645 -44.75048 279.6215 191.7337 -44.75048 329.6215 191.7337 -52.81986 279.6215 187.239 -52.81986 329.6215 187.239 -60.4401 279.6215 182.0191 -60.4401 329.6215 182.0191 -67.54621 279.6215 176.1182 -67.54621 329.6215 176.1182 -74.07754 279.6215 169.5869 -74.07754 329.6215 169.5869 -79.97837 279.6215 162.4808 -79.97837 329.6215 162.4808 -85.19836 279.6215 154.8605 -85.19836 329.6215 154.8605 -89.69297 279.6215 146.7912 -89.69297 329.6215 146.7912 -93.42387 279.6215 138.3415 -93.42387 329.6215 138.3415 -96.35921 279.6215 129.5836 -96.35921 329.6215 129.5836 -98.47396 279.6215 120.5923 -98.47396 329.6215 120.5923 -451.9797 279.6215 65.59416 -451.9797 243.6215 65.59416 -450.2502 279.6215 65.66702 -451.9797 207.6215 65.59416 -451.9797 171.6215 65.59416 -453.6335 171.6215 65.08314 -453.6335 135.6215 65.08314 -455.1026 135.6215 64.16767 -455.1026 99.62154 64.16767 -456.29 99.62154 62.90817 -456.29 63.62153 62.90817 -457.1173 63.62153 61.38773 -457.1173 27.62153 61.38773 -457.53 27.62153 59.70669 -457.53 -8.378467 59.70669 -457.5009 -8.378467 57.97596 -457.5009 -44.37847 57.97596 -457.0319 -44.37847 56.30976 -457.0319 -80.37847 56.30976 -456.1538 -80.37847 54.81801 -456.1538 -116.3785 54.81801 -454.9247 -116.3785 53.59917 -454.9247 -152.3785 53.59917 -453.4257 -152.3785 52.73364 -453.4257 -188.3785 52.73364 -451.7556 -188.3785 52.27855 -451.7556 -224.3785 52.27855 -450.0247 -260.3785 52.26392 -451.7556 -260.3785 52.27855 -453.6335 243.6215 65.08314 -453.6335 279.6215 65.08314 -455.1026 243.6215 64.16767 -455.1026 279.6215 64.16767 -456.29 243.6215 62.90817 -456.29 279.6215 62.90817 -457.1173 243.6215 61.38773 -457.1173 279.6215 61.38773 -457.53 243.6215 59.70669 -457.53 279.6215 59.70669 -457.5009 243.6215 57.97596 -457.5009 279.6215 57.97596 -457.0319 243.6215 56.30976 -457.0319 279.6215 56.30976 -456.1538 243.6215 54.81801 -456.1538 279.6215 54.81801 -454.9247 243.6215 53.59917 -454.9247 279.6215 53.59917 -453.4257 243.6215 52.73364 -453.4257 279.6215 52.73364 -451.7556 243.6215 52.27855 -451.7556 279.6215 52.27855 -450.0247 279.6215 52.26392 -451.7556 27.62153 52.27855 -451.7556 63.62153 52.27855 -451.7556 99.62154 52.27855 -453.4257 99.62154 52.73364 -453.4257 135.6215 52.73364 -454.9247 135.6215 53.59917 -454.9247 171.6215 53.59917 -456.1538 171.6215 54.81801 -456.1538 207.6215 54.81801 -457.0319 207.6215 56.30976 -453.4257 -224.3785 52.73364 -453.4257 -260.3785 52.73364 -454.9247 -224.3785 53.59917 -454.9247 -260.3785 53.59917 -456.1538 -224.3785 54.81801 -456.1538 -260.3785 54.81801 -457.0319 -224.3785 56.30976 -457.0319 -260.3785 56.30976 -457.5009 -224.3785 57.97596 -457.5009 -260.3785 57.97596 -457.53 -224.3785 59.70669 -457.53 -260.3785 59.70669 -457.1173 -224.3785 61.38773 -457.1173 -260.3785 61.38773 -456.29 -224.3785 62.90817 -456.29 -260.3785 62.90817 -455.1026 -224.3785 64.16767 -455.1026 -260.3785 64.16767 -453.6335 -224.3785 65.08314 -453.6335 -260.3785 65.08314 -451.9797 -224.3785 65.59416 -451.9797 -260.3785 65.59416 -450.2502 -260.3785 65.66702 -451.9797 -8.378467 65.59416 -451.9797 -44.37847 65.59416 -451.9797 -80.37847 65.59416 -453.6335 -80.37847 65.08314 -453.6335 -116.3785 65.08314 -455.1026 -116.3785 64.16767 -455.1026 -152.3785 64.16767 -456.29 -152.3785 62.90817 -456.29 -188.3785 62.90817 -457.1173 -188.3785 61.38773 -453.6335 207.6215 65.08314 -455.1026 207.6215 64.16767 -456.29 207.6215 62.90817 -457.1173 207.6215 61.38773 -457.53 207.6215 59.70669 -457.5009 207.6215 57.97596 -451.9797 135.6215 65.59416 -451.9797 99.62154 65.59416 -451.9797 63.62153 65.59416 -453.6335 63.62153 65.08314 -453.6335 27.62153 65.08314 -455.1026 27.62153 64.16767 -455.1026 -8.378467 64.16767 -456.29 -8.378467 62.90817 -456.29 -44.37847 62.90817 -457.1173 -44.37847 61.38773 -457.1173 -80.37847 61.38773 -457.53 -80.37847 59.70669 -457.53 -116.3785 59.70669 -457.5009 -116.3785 57.97596 -457.5009 -152.3785 57.97596 -457.0319 -152.3785 56.30976 -457.0319 -188.3785 56.30976 -456.1538 -188.3785 54.81801 -453.6335 99.62154 65.08314 -451.9797 27.62153 65.59416 -453.6335 -8.378467 65.08314 -453.6335 -44.37847 65.08314 -455.1026 -44.37847 64.16767 -451.9797 -116.3785 65.59416 -451.9797 -152.3785 65.59416 -451.9797 -188.3785 65.59416 -453.6335 -188.3785 65.08314 -453.6335 -152.3785 65.08314 -455.1026 171.6215 64.16767 -456.29 135.6215 62.90817 -457.1173 99.62154 61.38773 -457.53 63.62153 59.70669 -457.5009 27.62153 57.97596 -457.0319 -8.378467 56.30976 -456.1538 -44.37847 54.81801 -454.9247 -80.37847 53.59917 -453.4257 -116.3785 52.73364 -451.7556 -152.3785 52.27855 -455.1026 63.62153 64.16767 -455.1026 -80.37847 64.16767 -456.29 -116.3785 62.90817 -457.1173 -152.3785 61.38773 -457.53 -188.3785 59.70669 -455.1026 -188.3785 64.16767 -456.29 171.6215 62.90817 -457.1173 171.6215 61.38773 -457.53 171.6215 59.70669 -457.5009 171.6215 57.97596 -457.0319 171.6215 56.30976 -456.29 27.62153 62.90817 -456.29 -80.37847 62.90817 -457.1173 135.6215 61.38773 -457.53 99.62154 59.70669 -457.5009 63.62153 57.97596 -457.0319 27.62153 56.30976 -456.1538 -8.378467 54.81801 -454.9247 -44.37847 53.59917 -453.4257 -80.37847 52.73364 -451.7556 -116.3785 52.27855 -457.1173 -8.378467 61.38773 -457.1173 -116.3785 61.38773 -457.53 -152.3785 59.70669 -457.5009 -188.3785 57.97596 -457.53 135.6215 59.70669 -457.5009 135.6215 57.97596 -457.0319 135.6215 56.30976 -456.1538 135.6215 54.81801 -457.53 -44.37847 59.70669 -457.5009 99.62154 57.97596 -457.0319 63.62153 56.30976 -456.1538 27.62153 54.81801 -454.9247 -8.378467 53.59917 -453.4257 -44.37847 52.73364 -451.7556 -80.37847 52.27855 -457.5009 -80.37847 57.97596 -457.0319 99.62154 56.30976 -456.1538 99.62154 54.81801 -454.9247 99.62154 53.59917 -457.0319 -116.3785 56.30976 -456.1538 63.62153 54.81801 -454.9247 27.62153 53.59917 -453.4257 -8.378467 52.73364 -451.7556 -44.37847 52.27855 -456.1538 -152.3785 54.81801 -454.9247 207.6215 53.59917 -453.4257 207.6215 52.73364 -451.7556 207.6215 52.27855 -454.9247 63.62153 53.59917 -453.4257 63.62153 52.73364 -454.9247 -188.3785 53.59917 -453.4257 171.6215 52.73364 -451.7556 135.6215 52.27855 -453.4257 27.62153 52.73364 -451.7556 -8.378467 52.27855 -451.7556 171.6215 52.27855 -400.1766 329.4696 52.26392 -400.1766 329.6951 65.66702 -406.6831 329.0431 52.26392 -406.7126 329.2667 65.66702 -413.0783 327.7711 52.26392 -413.1366 327.9889 65.66702 -419.2527 325.6752 52.26392 -419.339 325.8835 65.66702 -425.1007 322.7912 52.26392 -425.2135 322.9865 65.66702 -430.5222 319.1687 52.26392 -430.6595 319.3476 65.66702 -435.4245 314.8694 52.26392 -435.584 315.0289 65.66702 -439.7238 309.9671 52.26392 -439.9027 310.1044 65.66702 -443.3463 304.5456 52.26392 -443.5416 304.6583 65.66702 -446.2302 298.6976 52.26392 -446.4386 298.7839 65.66702 -448.3262 292.5232 52.26392 -448.544 292.5815 65.66702 -449.5982 286.128 52.26392 -449.8218 286.1575 65.66702 -406.4208 331.0469 65.59416 -400.1766 331.4245 65.59416 -400.1766 333.0784 65.08314 -406.6202 332.6886 65.08314 -400.1766 334.5474 64.16767 -406.7973 334.147 64.16767 -400.1766 335.7348 62.90817 -406.9403 335.3257 62.90817 -400.1766 336.5622 61.38773 -407.0401 336.147 61.38773 -400.1766 336.9749 59.70669 -407.0899 336.5568 59.70669 -400.1766 336.9458 57.97596 -407.0863 336.5278 57.97596 -400.1766 336.4768 56.30976 -407.0298 336.0622 56.30976 -400.1766 335.5987 54.81801 -406.924 335.1906 54.81801 -400.1766 334.3696 53.59917 -406.7758 333.9704 53.59917 -400.1766 332.8706 52.73364 -406.5951 332.4823 52.73364 -400.1766 331.2005 52.27855 -406.3938 330.8244 52.27855 -412.5203 329.7017 52.27855 -418.4668 327.8487 52.27855 -424.1466 325.2924 52.27855 -429.4768 322.0702 52.27855 -434.3798 318.229 52.27855 -438.7841 313.8247 52.27855 -442.6253 308.9217 52.27855 -445.8475 303.5915 52.27855 -448.4038 297.9117 52.27855 -450.2568 291.9652 52.27855 -451.3796 285.8387 52.27855 -453.0375 286.04 52.73364 -451.8784 292.3649 52.73364 -449.9654 298.5039 52.73364 -447.3263 304.3676 52.73364 -443.9997 309.8704 52.73364 -440.0341 314.9322 52.73364 -435.4873 319.479 52.73364 -430.4255 323.4447 52.73364 -424.9227 326.7712 52.73364 -419.059 329.4103 52.73364 -412.92 331.3233 52.73364 -454.5256 286.2207 53.59917 -453.3338 292.7236 53.59917 -451.367 299.0355 53.59917 -448.6537 305.0643 53.59917 -445.2334 310.722 53.59917 -441.1562 315.9262 53.59917 -436.4813 320.6011 53.59917 -431.2771 324.6783 53.59917 -425.6194 328.0986 53.59917 -419.5906 330.8119 53.59917 -413.2787 332.7787 53.59917 -455.7457 286.3688 54.81801 -454.5272 293.0177 54.81801 -452.5162 299.4713 54.81801 -449.742 305.6354 54.81801 -446.2449 311.4202 54.81801 -442.0762 316.7413 54.81801 -437.2964 321.5211 54.81801 -431.9753 325.6899 54.81801 -426.1905 329.1869 54.81801 -420.0264 331.9611 54.81801 -413.5729 333.9721 54.81801 -456.6173 286.4747 56.30976 -455.3798 293.2279 56.30976 -453.3372 299.7827 56.30976 -450.5195 306.0435 56.30976 -446.9676 311.919 56.30976 -442.7334 317.3235 56.30976 -437.8786 322.1783 56.30976 -432.4741 326.4125 56.30976 -426.5986 329.9643 56.30976 -420.3378 332.7821 56.30976 -413.783 334.8247 56.30976 -457.083 286.5312 57.97596 -455.8352 293.3401 57.97596 -453.7758 299.949 57.97596 -450.9348 306.2615 57.97596 -447.3536 312.1854 57.97596 -443.0845 317.6346 57.97596 -438.1897 322.5294 57.97596 -432.7406 326.7985 57.97596 -426.8166 330.3797 57.97596 -420.5041 333.2207 57.97596 -413.8952 335.2801 57.97596 -457.1119 286.5347 59.70669 -455.8635 293.3471 59.70669 -453.803 299.9593 59.70669 -450.9606 306.275 59.70669 -447.3776 312.202 59.70669 -443.1063 317.6539 59.70669 -438.209 322.5512 59.70669 -432.7571 326.8225 59.70669 -426.8301 330.4054 59.70669 -420.5144 333.2479 59.70669 -413.9022 335.3084 59.70669 -456.7022 286.485 61.38773 -455.4627 293.2483 61.38773 -453.4171 299.813 61.38773 -450.5951 306.0832 61.38773 -447.0379 311.9675 61.38773 -442.7973 317.3802 61.38773 -437.9353 322.2422 61.38773 -432.5226 326.4828 61.38773 -426.6383 330.04 61.38773 -420.3681 332.862 61.38773 -413.8034 334.9076 61.38773 -455.8808 286.3853 62.90817 -454.6594 293.0503 62.90817 -452.6435 299.5196 62.90817 -449.8625 305.6987 62.90817 -446.357 311.4975 62.90817 -442.1781 316.8316 62.90817 -437.3866 321.6229 62.90817 -432.0526 325.8019 62.90817 -426.2538 329.3074 62.90817 -420.0747 332.0884 62.90817 -413.6054 334.1043 62.90817 -454.7021 286.2421 64.16767 -453.5065 292.7662 64.16767 -451.5333 299.0985 64.16767 -448.8111 305.1469 64.16767 -445.3798 310.823 64.16767 -441.2893 316.0441 64.16767 -436.5993 320.7342 64.16767 -431.3781 324.8247 64.16767 -425.702 328.256 64.16767 -419.6536 330.9782 64.16767 -413.3213 332.9514 64.16767 -453.2437 286.065 65.08314 -452.0801 292.4146 65.08314 -450.1596 298.5776 65.08314 -447.5103 304.4642 65.08314 -444.1708 309.9885 65.08314 -440.1897 315.07 65.08314 -435.6251 319.6346 65.08314 -430.5436 323.6156 65.08314 -425.0193 326.9552 65.08314 -419.1327 329.6045 65.08314 -412.9697 331.525 65.08314 -451.602 285.8657 65.59416 -450.4743 292.0188 65.59416 -448.6133 297.9911 65.59416 -446.0459 303.6956 65.59416 -442.8097 309.049 65.59416 -438.9518 313.9733 65.59416 -434.5284 318.3966 65.59416 -429.6041 322.2546 65.59416 -424.2507 325.4908 65.59416 -418.5462 328.0582 65.59416 -412.5739 329.9193 65.59416 -86.77919 330.1084 52.21733 -86.77546 330.2786 52.21519 -86.77753 330.2218 52.21829 -86.77753 330.3353 52.21829 -86.77919 330.4487 52.21733 -86.85984 329.4696 52.26392 -97.21858 329.5763 58.60779 -107.5773 329.6951 65.66702 -86.91129 331.304 52.29366 -121.5978 331.2005 52.27855 -226.0649 331.2005 52.27855 -191.2425 331.2005 52.27855 -191.2425 332.8706 52.73364 -156.4202 332.8706 52.73364 -156.4202 334.3696 53.59917 -121.5978 334.3696 53.59917 -121.5978 335.5987 54.81801 -90.78272 335.4067 54.58227 -92.38997 336.1011 55.56167 -121.5978 336.4768 56.30976 -94.14128 336.6107 56.64868 -121.5978 336.9458 57.97596 -97.74168 337.0171 58.94712 -121.5978 336.9749 59.70669 -97.75187 337.0171 58.95375 -97.76207 337.0171 58.96038 -101.0094 336.6635 61.10815 -121.5978 336.5622 61.38773 -102.5861 336.1967 62.17642 -121.5978 335.7348 62.90817 -104.0894 335.5026 63.21023 -121.5978 334.5474 64.16767 -105.4809 334.5317 64.18064 -106.6539 333.2359 65.00874 -121.5978 333.0784 65.08314 -107.1097 332.4499 65.33292 -121.5978 331.4245 65.59416 -107.4354 331.58 65.56546 -107.5988 330.6445 65.68238 -156.4202 331.4245 65.59416 -191.2425 331.4245 65.59416 -226.0649 331.4245 65.59416 -226.0649 333.0784 65.08314 -260.8872 333.0784 65.08314 -260.8872 334.5474 64.16767 -295.7096 334.5474 64.16767 -295.7096 335.7348 62.90817 -330.5319 335.7348 62.90817 -330.5319 336.5622 61.38773 -365.3543 336.5622 61.38773 -365.3543 336.9749 59.70669 -365.3543 336.9458 57.97596 -365.3543 336.4768 56.30976 -365.3543 335.5987 54.81801 -365.3543 334.3696 53.59917 -365.3543 332.8706 52.73364 -365.3543 331.2005 52.27855 -330.5319 331.2005 52.27855 -295.7096 331.2005 52.27855 -295.7096 332.8706 52.73364 -260.8872 332.8706 52.73364 -260.8872 334.3696 53.59917 -226.0649 334.3696 53.59917 -226.0649 335.5987 54.81801 -191.2425 335.5987 54.81801 -191.2425 336.4768 56.30976 -156.4202 336.4768 56.30976 -156.4202 336.9458 57.97596 -365.3543 335.7348 62.90817 -330.5319 334.5474 64.16767 -295.7096 333.0784 65.08314 -260.8872 331.4245 65.59416 -365.3543 334.5474 64.16767 -330.5319 333.0784 65.08314 -295.7096 331.4245 65.59416 -365.3543 333.0784 65.08314 -330.5319 331.4245 65.59416 -365.3543 331.4245 65.59416 -89.38227 334.5511 53.74282 -88.1619 333.476 53.02204 -121.5978 332.8706 52.73364 -87.6414 332.8318 52.71761 -87.21202 332.1065 52.46786 -330.5319 332.8706 52.73364 -330.5319 334.3696 53.59917 -330.5319 335.5987 54.81801 -330.5319 336.4768 56.30976 -330.5319 336.9458 57.97596 -330.5319 336.9749 59.70669 -260.8872 331.2005 52.27855 -226.0649 332.8706 52.73364 -156.4202 331.2005 52.27855 -295.7096 334.3696 53.59917 -260.8872 335.5987 54.81801 -226.0649 336.4768 56.30976 -191.2425 336.9458 57.97596 -156.4202 336.9749 59.70669 -191.2425 334.3696 53.59917 -156.4202 335.5987 54.81801 -295.7096 335.5987 54.81801 -295.7096 336.4768 56.30976 -295.7096 336.9458 57.97596 -295.7096 336.9749 59.70669 -295.7096 336.5622 61.38773 -260.8872 336.4768 56.30976 -226.0649 336.9458 57.97596 -191.2425 336.9749 59.70669 -156.4202 336.5622 61.38773 -260.8872 336.9458 57.97596 -260.8872 336.9749 59.70669 -260.8872 336.5622 61.38773 -260.8872 335.7348 62.90817 -226.0649 336.9749 59.70669 -191.2425 336.5622 61.38773 -156.4202 335.7348 62.90817 -226.0649 336.5622 61.38773 -226.0649 335.7348 62.90817 -226.0649 334.5474 64.16767 -191.2425 335.7348 62.90817 -156.4202 334.5474 64.16767 -191.2425 334.5474 64.16767 -191.2425 333.0784 65.08314 -156.4202 333.0784 65.08314 86.4259 330.4487 52.21733 86.42218 330.2786 52.21519 86.42424 330.3353 52.21829 86.42424 330.2218 52.21829 86.4259 330.1084 52.21733 86.50656 329.4696 52.26392 90.50962 331.2005 59.92964 90.92207 332.8706 59.73731 94.27779 332.8706 67.83874 95.09112 334.3696 67.54271 97.75069 334.3696 75.97779 98.928 335.5987 75.66233 100.8653 335.5987 84.40092 102.3344 336.4768 84.14188 103.5197 336.4768 93.14508 105.1795 336.9458 92.99987 105.582 336.9458 102.2173 107.3127 336.9749 102.2173 106.9037 336.9749 111.5857 108.5783 336.5622 111.7322 107.3352 336.5622 121.1746 108.8325 335.7348 121.4386 106.7425 335.7348 130.8662 107.9591 334.5474 131.1922 105.0223 334.5474 140.5066 105.8825 333.0784 140.8197 102.1145 333.0784 149.9165 102.5777 331.4245 150.1324 98.01057 331.4245 158.9057 102.0396 329.6951 151.438 97.41613 329.6951 160.0661 92.69622 331.4245 167.2476 92.06611 329.6951 168.2636 86.67504 331.4245 175.0946 86.02938 329.6951 175.9693 79.99288 331.4245 182.3869 79.35086 329.6951 183.126 72.69878 331.4245 189.0705 72.08027 329.6951 189.6803 64.85363 331.4245 195.0902 64.27175 329.6951 195.5835 56.51177 331.4245 200.4045 55.98341 329.6951 200.7916 47.73847 331.4245 204.9716 47.27698 329.6951 205.2658 38.60051 331.4245 208.7567 38.21727 329.6951 208.9728 29.16744 331.4245 211.7309 28.87173 329.6951 211.8851 19.51104 331.4245 213.8717 19.30992 329.6951 213.9809 9.704798 331.4245 215.1627 9.603043 329.6951 215.2447 -0.1766433 331.4245 215.5942 -0.1766433 329.6951 215.667 -9.95633 329.6951 215.2447 -10.05808 331.4245 215.1627 -19.66321 329.6951 213.9809 -19.86432 331.4245 213.8717 -29.22501 329.6951 211.8851 -29.52073 331.4245 211.7309 -38.57056 329.6951 208.9728 -38.9538 331.4245 208.7567 -47.63027 329.6951 205.2658 -48.09176 331.4245 204.9716 -56.3367 329.6951 200.7916 -56.86505 331.4245 200.4045 -64.62503 329.6951 195.5835 -65.20692 331.4245 195.0902 -72.43356 329.6951 189.6803 -73.05207 331.4245 189.0705 -79.70414 329.6951 183.126 -80.34616 331.4245 182.3869 -86.38266 329.6951 175.9693 -87.02833 331.4245 175.0946 -92.4194 329.6951 168.2636 -93.0495 331.4245 167.2476 -97.76941 329.6951 160.0661 -98.36386 331.4245 158.9057 -102.3929 329.6951 151.438 -102.9309 331.4245 150.1324 -106.2553 329.6951 142.4435 -106.716 331.4245 140.9945 -109.3281 329.6951 133.1494 -109.6902 331.4245 131.5614 -111.5882 329.6951 123.6251 -111.831 331.4245 121.905 -113.0189 329.6951 113.9415 -113.122 331.4245 112.0988 -113.6095 329.6951 104.1705 -113.5535 331.4245 102.2173 -113.3556 329.6951 94.38498 -113.122 331.4245 92.33589 -112.2592 329.6951 84.65779 -111.831 331.4245 82.52966 -110.3283 329.6951 75.06131 -109.6902 331.4245 72.87326 -109.1966 333.0784 73.00552 -108.3124 334.5474 73.24246 -107.0958 335.7348 73.56845 -104.192 335.7348 64.35884 -105.6271 336.5622 73.96196 -102.7633 336.5622 64.87886 -104.0034 336.9749 74.39704 -101.1836 336.9749 65.45381 -102.3316 336.9458 74.84499 -99.55725 336.9458 66.04576 -100.7222 336.4768 75.27624 -97.99153 336.4768 66.61563 -99.28129 335.5987 75.66233 -96.58975 335.5987 67.12584 -98.10398 334.3696 75.97779 -95.44441 334.3696 67.54271 -97.26795 332.8706 76.2018 -94.63108 332.8706 67.83874 -96.82836 331.2005 76.31959 -94.20343 331.2005 67.99439 -94.60576 329.4696 69.16493 -91.12624 329.4696 60.53411 90.77295 329.4696 60.53411 93.85015 331.2005 67.99439 96.91466 332.8706 76.2018 99.66497 334.3696 84.61257 102.0336 335.5987 93.2751 103.9158 336.4768 102.2173 105.1795 336.9458 111.4348 105.6797 336.9749 120.8827 105.2739 336.5622 130.4727 103.8387 335.7348 140.0758 101.2848 334.5474 149.5296 97.56801 333.0784 158.6502 94.25247 329.4696 69.16493 96.47507 331.2005 76.31959 98.8126 332.8706 84.76287 100.8194 334.3696 93.38133 102.424 335.5987 102.2173 103.5197 336.4768 111.2896 103.9753 336.9458 120.5821 103.6501 336.9749 130.0376 102.41 336.5622 139.5558 100.1433 335.7348 148.9973 96.77519 334.5474 158.1925 92.27761 333.0784 166.9545 96.91503 329.4696 78.08172 98.36442 331.2005 84.84189 99.95717 332.8706 93.45677 101.2052 334.3696 102.2173 102.0336 335.5987 111.1596 102.3344 336.4768 120.2928 101.9784 336.9458 129.5897 100.8303 336.9749 138.9809 98.76534 336.5622 148.3547 95.68444 335.7348 157.5628 91.5277 334.5474 166.4294 86.28358 333.0784 174.7661 98.73756 329.4696 87.20732 99.50381 331.2005 93.49643 100.3397 332.8706 102.2173 100.8194 334.3696 111.0533 100.8653 335.5987 120.0338 100.3689 336.4768 129.1584 99.20396 336.9458 138.3889 97.24179 336.9749 147.6443 94.36769 336.5622 156.8025 90.49598 335.7348 165.707 85.58229 334.5474 174.1776 79.63153 333.0784 182.0255 99.70431 329.4696 96.46279 99.88458 331.2005 102.2173 99.95717 332.8706 110.9779 99.66497 334.3696 119.8221 98.928 335.5987 128.7723 97.63824 336.4768 137.819 95.67323 336.9458 146.9129 92.91187 336.9749 155.962 89.25051 336.5622 164.8349 84.61746 335.7348 173.368 78.9842 334.5474 181.3782 72.36853 333.0784 188.6806 99.80692 329.4696 105.768 99.50381 331.2005 110.9383 98.8126 332.8706 119.6718 97.75069 334.3696 128.4569 96.23646 335.5987 137.3088 94.16313 336.4768 146.2087 91.41302 336.9458 155.0966 87.87348 336.9749 163.8707 83.45273 336.5622 172.3907 78.0936 335.7348 180.4876 71.77833 334.5474 187.9807 64.56053 333.0784 194.6716 99.04449 329.4696 115.0426 98.36442 331.2005 119.5928 96.91466 332.8706 128.2329 95.09112 334.3696 136.892 92.81115 335.5987 145.5783 89.97004 336.4768 154.2635 86.45575 336.9458 162.878 82.16498 336.9749 171.3102 77.01849 336.5622 179.4125 70.96704 335.7348 187.0173 64.03543 334.5474 193.9217 56.25626 333.0784 199.962 97.42362 329.4696 124.2061 96.47507 331.2005 128.1151 94.27779 332.8706 136.5959 91.70651 334.3696 145.0632 88.67816 335.5987 153.5177 85.09088 336.4768 161.9223 80.83917 336.9458 170.1977 75.82981 336.9749 178.2238 69.98809 336.5622 185.854 63.31301 335.7348 192.8899 55.79853 334.5474 199.1692 47.52251 333.0784 204.5085 94.95835 329.4696 133.1795 93.85015 331.2005 136.4403 90.92207 332.8706 144.6974 87.6226 334.3696 152.9082 83.86891 335.5987 161.0667 79.56278 336.4768 169.1266 74.60601 336.9458 177 68.90597 336.9749 184.5675 62.44092 336.5622 191.6445 55.16877 335.7348 198.0784 47.13561 334.5474 203.6788 38.42573 333.0784 208.2765 91.66999 329.4696 141.8849 90.50962 331.2005 144.505 86.87303 332.8706 152.4755 82.87049 334.3696 160.3676 78.42004 335.5987 168.1678 73.42781 336.4768 175.8218 67.79197 336.9458 183.243 61.47671 336.9749 190.2675 54.40855 336.5622 196.7617 46.60332 335.7348 202.5373 38.11263 334.5474 207.4162 29.03518 333.0784 211.2373 87.58699 329.4696 150.2472 86.47891 331.2005 152.2479 82.1615 332.8706 159.8711 77.48635 334.3696 167.3843 72.373 335.5987 174.767 66.71949 336.4768 181.9678 60.48401 336.9458 188.8497 53.56803 336.9749 195.3058 45.96076 336.5622 201.1593 37.68185 335.7348 206.2327 28.79824 334.5474 210.3531 19.4223 333.0784 213.3684 82.74468 329.4696 158.1939 81.78871 331.2005 159.6101 76.82332 332.8706 166.828 71.51114 334.3696 173.9051 65.75918 335.5987 180.8263 59.52832 336.4768 187.4848 52.70267 336.9458 193.807 45.25032 336.9749 199.6358 37.16183 336.5622 204.804 28.47225 335.7348 209.1365 19.26333 334.5474 212.4669 9.660262 333.0784 214.6537 77.18496 329.4696 165.6563 76.4747 331.2005 166.5354 70.89912 332.8706 173.2931 64.97428 334.3696 179.8938 58.67269 335.5987 186.2629 51.86957 336.4768 192.364 44.51888 336.9458 198.0672 36.58688 336.9749 203.2243 28.07873 336.5622 207.6678 19.04462 335.7348 211.2265 9.580472 334.5474 213.7417 -0.1766433 333.0784 215.0831 70.95592 329.4696 172.5699 70.57733 331.2005 172.9713 64.41648 332.8706 179.232 57.97359 334.3696 185.2645 51.12369 335.5987 191.0721 43.81472 336.4768 196.5571 35.99494 336.9458 201.5979 27.64365 336.9749 206.0441 18.7806 336.5622 209.7292 9.4707 335.7348 212.4869 -0.1766433 334.5474 214.1677 -10.01355 333.0784 214.6537 64.11146 329.4696 178.8748 64.12245 331.2005 178.8846 57.47714 332.8706 184.5555 50.51427 334.3696 190.0166 43.18428 335.5987 195.2051 35.42506 336.4768 200.0322 27.1957 336.9458 204.3723 18.48869 336.9749 208.0737 9.338185 336.5622 210.9723 -0.1766433 335.7348 212.9082 -9.933758 334.5474 213.7417 -19.77559 333.0784 213.3684 57.21611 331.2005 184.1827 56.7108 329.4696 184.5164 49.85396 331.2005 188.8729 48.81796 329.4696 189.446 42.11105 331.2005 192.9036 40.50123 329.4696 193.621 34.04631 331.2005 196.2441 31.83257 329.4696 197.0052 25.72111 331.2005 198.869 22.88697 329.4696 199.5692 17.19881 331.2005 200.7584 13.74182 329.4696 201.291 8.544267 331.2005 201.8978 4.476264 329.4696 202.1557 -0.1766433 331.2005 202.2785 -4.829551 329.4696 202.1557 -8.897554 331.2005 201.8978 -14.09511 329.4696 201.291 -17.55209 331.2005 200.7584 -23.24025 329.4696 199.5692 -26.07439 331.2005 198.869 -32.18585 329.4696 197.0052 -34.39959 331.2005 196.2441 -40.85451 329.4696 193.621 -42.46434 331.2005 192.9036 -49.17124 329.4696 189.446 -50.20725 331.2005 188.8729 -57.06408 329.4696 184.5164 -57.5694 331.2005 184.1827 -64.46475 329.4696 178.8748 -64.47573 331.2005 178.8846 -70.93061 331.2005 172.9713 -64.76977 332.8706 179.232 -71.25241 332.8706 173.2931 -65.32757 334.3696 179.8938 -71.86443 334.3696 173.9051 -66.11247 335.5987 180.8263 -72.72628 335.5987 174.767 -73.7811 336.4768 175.8218 -79.91606 336.4768 169.1266 -81.19245 336.9458 170.1977 -86.80904 336.9458 162.878 -88.22677 336.9749 163.8707 -93.26515 336.9749 155.962 -94.72098 336.5622 156.8025 -99.11862 336.5622 148.3547 -100.4966 335.7348 148.9973 -104.192 335.7348 140.0758 -105.3756 334.5474 140.5066 -108.3124 334.5474 131.1922 -109.1966 333.0784 131.4291 -111.3278 333.0784 121.8163 -71.30921 329.4696 172.5699 -76.82798 331.2005 166.5354 -77.17661 332.8706 166.828 -82.51479 332.8706 159.8711 -83.22378 334.3696 160.3676 -87.97589 334.3696 152.9082 -89.03144 335.5987 153.5177 -93.16444 335.5987 145.5783 -94.51642 336.4768 146.2087 -97.99153 336.4768 137.819 -99.55725 336.9458 138.3889 -102.3316 336.9458 129.5897 -104.0034 336.9749 130.0376 -106.033 336.9749 120.8827 -107.6885 336.5622 121.1746 -108.9316 336.5622 111.7322 -110.4463 335.7348 111.8647 -110.8675 335.7348 102.2173 -112.127 334.5474 102.2173 -111.701 334.5474 92.46022 -112.613 333.0784 92.38043 -111.3278 333.0784 82.6184 -77.53825 329.4696 165.6563 -82.14199 331.2005 159.6101 -87.22632 332.8706 152.4755 -92.05979 334.3696 145.0632 -96.58975 335.5987 137.3088 -100.7222 336.4768 129.1584 -104.3286 336.9458 120.5821 -107.257 336.9749 111.5857 -109.347 336.5622 102.2173 -110.4463 335.7348 92.56999 -110.4262 334.5474 82.77737 -83.09796 329.4696 158.1939 -86.8322 331.2005 152.2479 -91.27536 332.8706 144.6974 -95.44441 334.3696 136.892 -99.28129 335.5987 128.7723 -102.6877 336.4768 120.2928 -105.5328 336.9458 111.4348 -107.666 336.9749 102.2173 -108.9316 336.5622 92.70251 -109.1858 335.7348 82.99608 -87.94027 329.4696 150.2472 -90.8629 331.2005 144.505 -94.63108 332.8706 136.5959 -98.10398 334.3696 128.4569 -101.2186 335.5987 120.0338 -103.873 336.4768 111.2896 -105.9353 336.9458 102.2173 -107.257 336.9749 92.84902 -107.6885 336.5622 83.2601 -92.02327 329.4696 141.8849 -94.20343 331.2005 136.4403 -97.26795 332.8706 128.2329 -100.0183 334.3696 119.8221 -102.3869 335.5987 111.1596 -104.2691 336.4768 102.2173 -105.5328 336.9458 92.99987 -106.033 336.9749 83.55201 -95.31163 329.4696 133.1795 -96.82836 331.2005 128.1151 -99.16589 332.8706 119.6718 -101.1727 334.3696 111.0533 -102.7773 335.5987 102.2173 -103.873 336.4768 93.14508 -104.3286 336.9458 83.85255 -97.77691 329.4696 124.2061 -98.71771 331.2005 119.5928 -100.3105 332.8706 110.9779 -101.5585 334.3696 102.2173 -102.3869 335.5987 93.2751 -102.6877 336.4768 84.14188 -99.39778 329.4696 115.0426 -99.8571 331.2005 110.9383 -100.693 332.8706 102.2173 -101.1727 334.3696 93.38133 -101.2186 335.5987 84.40092 -100.1602 329.4696 105.768 -100.2379 331.2005 102.2173 -100.3105 332.8706 93.45677 -100.0183 334.3696 84.61257 -100.0576 329.4696 96.46279 -99.8571 331.2005 93.49643 -99.16589 332.8706 84.76287 -99.09085 329.4696 87.20732 -98.71771 331.2005 84.84189 -97.26831 329.4696 78.08172 -90.8629 331.2005 59.92964 -91.27536 332.8706 59.73731 -92.05979 334.3696 59.37152 -93.16444 335.5987 58.85641 -94.51642 336.4768 58.22598 105.902 329.6951 142.4435 106.3627 331.4245 140.9945 108.8434 333.0784 131.4291 110.0729 334.5474 121.6573 110.093 335.7348 111.8647 108.9938 336.5622 102.2173 106.9037 336.9749 92.84902 103.9753 336.9458 83.85255 100.3689 336.4768 75.27624 96.23646 335.5987 67.12584 91.70651 334.3696 59.37152 87.2933 332.8392 52.72064 86.86132 332.1119 52.46936 108.9748 329.6951 133.1494 109.337 331.4245 131.5614 110.9745 333.0784 121.8163 111.3477 334.5474 111.9745 110.5142 335.7348 102.2173 108.5783 336.5622 92.70251 105.6797 336.9749 83.55201 101.9784 336.9458 74.84499 97.63824 336.4768 66.61563 92.81115 335.5987 58.85641 89.04511 334.5628 53.75241 87.81652 333.4845 53.02668 111.2349 329.6951 123.6251 111.4777 331.4245 121.905 112.2597 333.0784 112.0542 111.7737 334.5474 102.2173 110.093 335.7348 92.56999 107.3352 336.5622 83.2601 103.6501 336.9749 74.39704 99.20396 336.9458 66.04576 94.16313 336.4768 58.22598 92.0343 336.1003 55.56024 90.43939 335.4118 54.5883 112.6656 329.6951 113.9415 112.7687 331.4245 112.0988 112.6892 333.0784 102.2173 111.3477 334.5474 92.46022 108.8325 335.7348 82.99608 105.2739 336.5622 73.96196 100.8303 336.9749 65.45381 97.38634 337.0171 58.94578 93.7796 336.6087 56.64333 113.2562 329.6951 104.1705 113.2002 331.4245 102.2173 112.2597 333.0784 92.38043 110.0729 334.5474 82.77737 106.7425 335.7348 73.56845 102.41 336.5622 64.87886 99.21322 336.911 60.14549 97.41084 337.0171 58.96172 113.0024 329.6951 94.38498 112.7687 331.4245 92.33589 110.9745 333.0784 82.6184 107.9591 334.5474 73.24246 103.9534 335.3762 63.36098 103.8387 335.7348 64.35884 102.5119 336.0886 62.36725 100.9252 336.5994 61.28973 111.9059 329.6951 84.65779 111.4777 331.4245 82.52966 108.8434 333.0784 73.00552 106.3764 333.1232 65.06251 105.2734 334.4025 64.28308 109.975 329.6951 75.06131 109.337 331.4245 72.87326 106.8005 332.3551 65.36439 107.224 329.6951 65.66702 107.2481 330.6086 65.68423 107.1005 331.5113 65.57861 97.39859 337.0171 58.95375 86.55877 331.3069 52.2941 50.08151 332.8706 189.267 42.66917 334.3696 194.1005 34.91485 335.5987 198.6304 26.76446 336.4768 202.7629 18.18815 336.9458 206.3692 9.191673 336.9749 209.2976 -0.1766433 336.5622 211.3877 -9.823987 335.7348 212.4869 -19.61662 334.5474 212.4669 -29.38846 333.0784 211.2373 42.30338 332.8706 193.3161 34.49798 334.3696 197.4851 26.37837 335.5987 201.322 17.89882 336.4768 204.7284 9.040829 336.9458 207.5735 -0.1766433 336.9749 209.7067 -9.691472 336.5622 210.9723 -19.39791 335.7348 211.2265 -29.15152 334.5474 210.3531 -38.77902 333.0784 208.2765 34.20196 332.8706 196.6718 26.06291 334.3696 200.1447 17.63978 335.5987 203.2593 8.895609 336.4768 205.9136 -0.1766433 336.9458 207.976 -9.544959 336.9749 209.2976 -19.13388 336.5622 209.7292 -28.82554 335.7348 209.1365 -38.46591 334.5474 207.4162 -47.87579 333.0784 204.5085 25.83889 332.8706 199.3086 17.42813 334.3696 202.0589 8.765597 335.5987 204.4276 -0.1766433 336.4768 206.3097 -9.394116 336.9458 207.5735 -18.84197 336.9749 208.0737 -28.43202 336.5622 207.6678 -38.03514 335.7348 206.2327 -47.4889 334.5474 203.6788 -56.60955 333.0784 199.962 17.27783 332.8706 201.2066 8.659366 334.3696 203.2134 -0.1766433 335.5987 204.818 -9.248896 336.4768 205.9136 -18.54144 336.9458 206.3692 -27.99694 336.9749 206.0441 -37.51512 336.5622 204.804 -46.95661 335.7348 202.5373 -56.15181 334.5474 199.1692 -64.91381 333.0784 194.6716 -72.72181 333.0784 188.6806 -79.98482 333.0784 182.0255 8.58393 332.8706 202.3511 -0.1766433 334.3696 203.5992 -9.118883 335.5987 204.4276 -18.2521 336.4768 204.7284 -27.54899 336.9458 204.3723 -36.94017 336.9749 203.2243 -46.31404 336.5622 201.1593 -55.52206 335.7348 198.0784 -64.38872 334.5474 193.9217 -72.13162 334.5474 187.9807 -79.33749 334.5474 181.3782 -86.63687 333.0784 174.7661 -0.1766433 332.8706 202.7336 -9.012654 334.3696 203.2134 -17.99307 335.5987 203.2593 -27.11775 336.4768 202.7629 -36.34822 336.9458 201.5979 -45.60361 336.9749 199.6358 -54.76184 336.5622 196.7617 -63.6663 335.7348 192.8899 -71.32033 335.7348 187.0173 -78.44689 335.7348 180.4876 -85.93558 334.5474 174.1776 -92.6309 333.0784 166.9545 -8.937217 332.8706 202.3511 -17.78141 334.3696 202.0589 -26.73165 335.5987 201.322 -35.77835 336.4768 200.0322 -44.87217 336.9458 198.0672 -53.92132 336.9749 195.3058 -62.79421 336.5622 191.6445 -70.34138 336.5622 185.854 -77.37178 336.5622 179.4125 -84.97074 335.7348 173.368 -91.88099 334.5474 166.4294 -97.9213 333.0784 158.6502 -17.63112 332.8706 201.2066 -26.41619 334.3696 200.1447 -35.26814 335.5987 198.6304 -44.168 336.4768 196.5571 -53.05596 336.9458 193.807 -61.83 336.9749 190.2675 -69.25926 336.9749 184.5675 -76.18309 336.9749 178.2238 -83.80602 336.5622 172.3907 -90.84927 335.7348 165.707 -97.12848 334.5474 158.1925 -102.4678 333.0784 149.9165 -26.19218 332.8706 199.3086 -34.85127 334.3696 197.4851 -43.53756 335.5987 195.2051 -52.22285 336.4768 192.364 -60.8373 336.9458 188.8497 -68.14525 336.9458 183.243 -74.95928 336.9458 177 -82.51827 336.9749 171.3102 -89.6038 336.5622 164.8349 -96.03771 335.7348 157.5628 -101.6381 334.5474 149.5296 -106.2358 333.0784 140.8197 -34.55524 332.8706 196.6718 -43.02246 334.3696 194.1005 -51.47698 335.5987 191.0721 -59.8816 336.4768 187.4848 -67.07277 336.4768 181.9678 -42.65667 332.8706 193.3161 -50.86756 334.3696 190.0166 -59.02597 335.5987 186.2629 -50.4348 332.8706 189.267 -58.32687 334.3696 185.2645 -57.83043 332.8706 184.5555 -77.83963 334.3696 167.3843 -78.77333 335.5987 168.1678 -84.2222 335.5987 161.0667 -85.44416 336.4768 161.9223 -90.32333 336.4768 154.2635 -91.76631 336.9458 155.0966 -96.02651 336.9458 146.9129 -97.59508 336.9749 147.6443 -101.1836 336.9749 138.9809 -102.7633 336.5622 139.5558 -105.6271 336.5622 130.4727 -107.0958 335.7348 130.8662 -109.1858 335.7348 121.4386 -110.4262 334.5474 121.6573 -111.701 334.5474 111.9745 -112.613 333.0784 112.0542 -113.0425 333.0784 102.2173 96.86529 329.5763 58.60779 399.8234 329.6951 65.66702 399.8234 329.4696 52.26392 121.2445 331.2005 52.27855 156.0669 331.2005 52.27855 190.8892 331.2005 52.27855 190.8892 332.8706 52.73364 225.7116 332.8706 52.73364 225.7116 334.3696 53.59917 260.5339 334.3696 53.59917 260.5339 335.5987 54.81801 295.3563 335.5987 54.81801 295.3563 336.4768 56.30976 330.1787 336.4768 56.30976 330.1787 336.9458 57.97596 365.001 336.9458 57.97596 365.001 336.9749 59.70669 399.8234 336.9749 59.70669 399.8234 336.5622 61.38773 365.001 336.5622 61.38773 399.8234 335.7348 62.90817 365.001 335.7348 62.90817 399.8234 334.5474 64.16767 365.001 334.5474 64.16767 399.8234 333.0784 65.08314 365.001 333.0784 65.08314 399.8234 331.4245 65.59416 365.001 331.4245 65.59416 330.1787 331.4245 65.59416 295.3563 331.4245 65.59416 295.3563 333.0784 65.08314 260.5339 333.0784 65.08314 260.5339 334.5474 64.16767 225.7116 334.5474 64.16767 225.7116 335.7348 62.90817 190.8892 335.7348 62.90817 190.8892 336.5622 61.38773 156.0669 336.5622 61.38773 156.0669 336.9749 59.70669 121.2445 336.9749 59.70669 121.2445 336.9458 57.97596 121.2445 336.4768 56.30976 121.2445 335.5987 54.81801 121.2445 334.3696 53.59917 121.2445 332.8706 52.73364 121.2445 336.5622 61.38773 121.2445 335.7348 62.90817 121.2445 334.5474 64.16767 121.2445 333.0784 65.08314 121.2445 331.4245 65.59416 225.7116 331.4245 65.59416 190.8892 331.4245 65.59416 190.8892 333.0784 65.08314 156.0669 333.0784 65.08314 156.0669 334.5474 64.16767 399.8234 336.9458 57.97596 365.001 336.4768 56.30976 330.1787 335.5987 54.81801 295.3563 334.3696 53.59917 260.5339 332.8706 52.73364 225.7116 331.2005 52.27855 399.8234 336.4768 56.30976 365.001 335.5987 54.81801 330.1787 334.3696 53.59917 295.3563 332.8706 52.73364 260.5339 331.2005 52.27855 399.8234 335.5987 54.81801 365.001 334.3696 53.59917 330.1787 332.8706 52.73364 295.3563 331.2005 52.27855 399.8234 334.3696 53.59917 365.001 332.8706 52.73364 330.1787 331.2005 52.27855 399.8234 332.8706 52.73364 365.001 331.2005 52.27855 399.8234 331.2005 52.27855 156.0669 332.8706 52.73364 156.0669 334.3696 53.59917 156.0669 335.5987 54.81801 156.0669 336.4768 56.30976 156.0669 336.9458 57.97596 190.8892 334.3696 53.59917 225.7116 335.5987 54.81801 260.5339 336.4768 56.30976 295.3563 336.9458 57.97596 330.1787 336.9749 59.70669 190.8892 335.5987 54.81801 190.8892 336.4768 56.30976 190.8892 336.9458 57.97596 190.8892 336.9749 59.70669 225.7116 336.4768 56.30976 260.5339 336.9458 57.97596 295.3563 336.9749 59.70669 330.1787 336.5622 61.38773 225.7116 336.9458 57.97596 225.7116 336.9749 59.70669 225.7116 336.5622 61.38773 260.5339 336.9749 59.70669 295.3563 336.5622 61.38773 330.1787 335.7348 62.90817 260.5339 336.5622 61.38773 260.5339 335.7348 62.90817 156.0669 335.7348 62.90817 190.8892 334.5474 64.16767 225.7116 333.0784 65.08314 260.5339 331.4245 65.59416 295.3563 335.7348 62.90817 330.1787 334.5474 64.16767 295.3563 334.5474 64.16767 330.1787 333.0784 65.08314 156.0669 331.4245 65.59416 449.6714 279.6215 52.26392 449.897 279.6215 65.66702 449.2449 286.128 52.26392 449.4685 286.1575 65.66702 447.9729 292.5232 52.26392 448.1907 292.5815 65.66702 445.877 298.6976 52.26392 446.0853 298.7839 65.66702 442.9931 304.5456 52.26392 443.1884 304.6583 65.66702 439.3705 309.9671 52.26392 439.5494 310.1044 65.66702 435.0713 314.8694 52.26392 435.2307 315.0289 65.66702 430.1689 319.1687 52.26392 430.3062 319.3476 65.66702 424.7474 322.7912 52.26392 424.8601 322.9865 65.66702 418.8994 325.6752 52.26392 418.9857 325.8835 65.66702 412.725 327.7711 52.26392 412.7834 327.9889 65.66702 406.3298 329.0431 52.26392 406.3593 329.2667 65.66702 451.2487 285.8657 65.59416 451.6264 279.6215 65.59416 453.2802 279.6215 65.08314 452.8904 286.065 65.08314 454.7493 279.6215 64.16767 454.3488 286.2421 64.16767 455.9367 279.6215 62.90817 455.5275 286.3853 62.90817 456.764 279.6215 61.38773 456.3489 286.485 61.38773 457.1768 279.6215 59.70669 456.7586 286.5347 59.70669 457.1476 279.6215 57.97596 456.7297 286.5312 57.97596 456.6786 279.6215 56.30976 456.264 286.4747 56.30976 455.8005 279.6215 54.81801 455.3924 286.3688 54.81801 454.5715 279.6215 53.59917 454.1723 286.2207 53.59917 453.0724 279.6215 52.73364 452.6842 286.04 52.73364 451.4023 279.6215 52.27855 451.0263 285.8387 52.27855 449.9035 291.9652 52.27855 448.0505 297.9117 52.27855 445.4943 303.5915 52.27855 442.272 308.9217 52.27855 438.4308 313.8247 52.27855 434.0265 318.229 52.27855 429.1235 322.0702 52.27855 423.7933 325.2924 52.27855 418.1135 327.8487 52.27855 412.167 329.7017 52.27855 406.0405 330.8244 52.27855 406.2418 332.4823 52.73364 412.5667 331.3233 52.73364 418.7057 329.4103 52.73364 424.5694 326.7712 52.73364 430.0723 323.4447 52.73364 435.134 319.479 52.73364 439.6808 314.9322 52.73364 443.6465 309.8704 52.73364 446.973 304.3676 52.73364 449.6121 298.5039 52.73364 451.5251 292.3649 52.73364 406.4225 333.9704 53.59917 412.9254 332.7787 53.59917 419.2373 330.8119 53.59917 425.2661 328.0986 53.59917 430.9238 324.6783 53.59917 436.1281 320.6011 53.59917 440.8029 315.9262 53.59917 444.8801 310.722 53.59917 448.3004 305.0643 53.59917 451.0137 299.0355 53.59917 452.9806 292.7236 53.59917 406.5707 335.1906 54.81801 413.2196 333.9721 54.81801 419.6731 331.9611 54.81801 425.8373 329.1869 54.81801 431.622 325.6899 54.81801 436.9431 321.5211 54.81801 441.7229 316.7413 54.81801 445.8917 311.4202 54.81801 449.3887 305.6354 54.81801 452.1629 299.4713 54.81801 454.1739 293.0177 54.81801 406.6765 336.0622 56.30976 413.4297 334.8247 56.30976 419.9845 332.7821 56.30976 426.2453 329.9643 56.30976 432.1208 326.4125 56.30976 437.5253 322.1783 56.30976 442.3801 317.3235 56.30976 446.6143 311.919 56.30976 450.1661 306.0435 56.30976 452.9839 299.7827 56.30976 455.0265 293.2279 56.30976 406.733 336.5278 57.97596 413.542 335.2801 57.97596 420.1508 333.2207 57.97596 426.4633 330.3797 57.97596 432.3873 326.7985 57.97596 437.8364 322.5294 57.97596 442.7312 317.6346 57.97596 447.0003 312.1854 57.97596 450.5815 306.2615 57.97596 453.4225 299.949 57.97596 455.4819 293.3401 57.97596 406.7366 336.5568 59.70669 413.5489 335.3084 59.70669 420.1612 333.2479 59.70669 426.4768 330.4054 59.70669 432.4038 326.8225 59.70669 437.8557 322.5512 59.70669 442.753 317.6539 59.70669 447.0243 312.202 59.70669 450.6073 306.275 59.70669 453.4497 299.9593 59.70669 455.5102 293.3471 59.70669 406.6868 336.147 61.38773 413.4501 334.9076 61.38773 420.0148 332.862 61.38773 426.285 330.04 61.38773 432.1694 326.4828 61.38773 437.582 322.2422 61.38773 442.4441 317.3802 61.38773 446.6846 311.9675 61.38773 450.2418 306.0832 61.38773 453.0638 299.813 61.38773 455.1094 293.2483 61.38773 406.5871 335.3257 62.90817 413.2521 334.1043 62.90817 419.7214 332.0884 62.90817 425.9005 329.3074 62.90817 431.6994 325.8019 62.90817 437.0334 321.6229 62.90817 441.8248 316.8316 62.90817 446.0037 311.4975 62.90817 449.5092 305.6987 62.90817 452.2902 299.5196 62.90817 454.3061 293.0503 62.90817 406.444 334.147 64.16767 412.968 332.9514 64.16767 419.3004 330.9782 64.16767 425.3487 328.256 64.16767 431.0248 324.8247 64.16767 436.246 320.7342 64.16767 440.936 316.0441 64.16767 445.0265 310.823 64.16767 448.4578 305.1469 64.16767 451.18 299.0985 64.16767 453.1532 292.7662 64.16767 406.2669 332.6886 65.08314 412.6164 331.525 65.08314 418.7794 329.6045 65.08314 424.666 326.9552 65.08314 430.1903 323.6156 65.08314 435.2718 319.6346 65.08314 439.8364 315.07 65.08314 443.8175 309.9885 65.08314 447.157 304.4642 65.08314 449.8064 298.5776 65.08314 451.7268 292.4146 65.08314 406.0675 331.0469 65.59416 412.2207 329.9193 65.59416 418.193 328.0582 65.59416 423.8974 325.4908 65.59416 429.2508 322.2546 65.59416 434.1751 318.3966 65.59416 438.5985 313.9733 65.59416 442.4564 309.049 65.59416 445.6926 303.6956 65.59416 448.26 297.9911 65.59416 450.1211 292.0188 65.59416 449.6714 -260.3785 52.26392 449.897 -260.3785 65.66702 451.6264 -260.3785 65.59416 451.6264 -224.3785 65.59416 451.6264 -188.3785 65.59416 451.6264 -152.3785 65.59416 453.2802 -152.3785 65.08314 453.2802 -116.3785 65.08314 454.7493 -116.3785 64.16767 454.7493 -80.37847 64.16767 455.9367 -80.37847 62.90817 455.9367 -44.37847 62.90817 456.764 -44.37847 61.38773 456.764 -8.378467 61.38773 457.1768 -8.378467 59.70669 457.1768 27.62153 59.70669 457.1476 27.62153 57.97596 457.1476 63.62153 57.97596 456.6786 63.62153 56.30976 456.6786 99.62154 56.30976 455.8005 99.62154 54.81801 455.8005 135.6215 54.81801 454.5715 135.6215 53.59917 454.5715 171.6215 53.59917 453.0724 171.6215 52.73364 453.0724 207.6215 52.73364 451.4023 207.6215 52.27855 451.4023 243.6215 52.27855 453.2802 -224.3785 65.08314 453.2802 -260.3785 65.08314 454.7493 -224.3785 64.16767 454.7493 -260.3785 64.16767 455.9367 -224.3785 62.90817 455.9367 -260.3785 62.90817 456.764 -224.3785 61.38773 456.764 -260.3785 61.38773 457.1768 -224.3785 59.70669 457.1768 -260.3785 59.70669 457.1476 -224.3785 57.97596 457.1476 -260.3785 57.97596 456.6786 -224.3785 56.30976 456.6786 -260.3785 56.30976 455.8005 -224.3785 54.81801 455.8005 -260.3785 54.81801 454.5715 -224.3785 53.59917 454.5715 -260.3785 53.59917 453.0724 -224.3785 52.73364 453.0724 -260.3785 52.73364 451.4023 -224.3785 52.27855 451.4023 -260.3785 52.27855 451.4023 -8.378467 52.27855 451.4023 -44.37847 52.27855 451.4023 -80.37847 52.27855 453.0724 -80.37847 52.73364 453.0724 -116.3785 52.73364 454.5715 -116.3785 53.59917 454.5715 -152.3785 53.59917 455.8005 -152.3785 54.81801 455.8005 -188.3785 54.81801 456.6786 -188.3785 56.30976 453.0724 243.6215 52.73364 454.5715 243.6215 53.59917 455.8005 243.6215 54.81801 456.6786 243.6215 56.30976 457.1476 243.6215 57.97596 457.1768 243.6215 59.70669 456.764 243.6215 61.38773 455.9367 243.6215 62.90817 454.7493 243.6215 64.16767 453.2802 243.6215 65.08314 451.6264 243.6215 65.59416 451.6264 27.62153 65.59416 451.6264 63.62153 65.59416 451.6264 99.62154 65.59416 453.2802 99.62154 65.08314 453.2802 135.6215 65.08314 454.7493 135.6215 64.16767 454.7493 171.6215 64.16767 455.9367 171.6215 62.90817 455.9367 207.6215 62.90817 456.764 207.6215 61.38773 453.2802 -188.3785 65.08314 454.7493 -188.3785 64.16767 455.9367 -188.3785 62.90817 456.764 -188.3785 61.38773 457.1768 -188.3785 59.70669 457.1476 -188.3785 57.97596 451.6264 -116.3785 65.59416 451.6264 -80.37847 65.59416 451.6264 -44.37847 65.59416 453.2802 -44.37847 65.08314 453.2802 -8.378467 65.08314 454.7493 -8.378467 64.16767 454.7493 27.62153 64.16767 455.9367 27.62153 62.90817 455.9367 63.62153 62.90817 456.764 63.62153 61.38773 456.764 99.62154 61.38773 457.1768 99.62154 59.70669 457.1768 135.6215 59.70669 457.1476 135.6215 57.97596 457.1476 171.6215 57.97596 456.6786 171.6215 56.30976 456.6786 207.6215 56.30976 455.8005 207.6215 54.81801 453.2802 -80.37847 65.08314 451.6264 -8.378467 65.59416 453.2802 27.62153 65.08314 453.2802 63.62153 65.08314 454.7493 63.62153 64.16767 451.6264 135.6215 65.59416 451.6264 171.6215 65.59416 451.6264 207.6215 65.59416 453.2802 207.6215 65.08314 453.2802 171.6215 65.08314 454.7493 -152.3785 64.16767 455.9367 -116.3785 62.90817 456.764 -80.37847 61.38773 457.1768 -44.37847 59.70669 457.1476 -8.378467 57.97596 456.6786 27.62153 56.30976 455.8005 63.62153 54.81801 454.5715 99.62154 53.59917 453.0724 135.6215 52.73364 451.4023 171.6215 52.27855 454.7493 -44.37847 64.16767 454.7493 99.62154 64.16767 455.9367 135.6215 62.90817 456.764 171.6215 61.38773 457.1768 207.6215 59.70669 454.7493 207.6215 64.16767 455.9367 -152.3785 62.90817 456.764 -152.3785 61.38773 457.1768 -152.3785 59.70669 457.1476 -152.3785 57.97596 456.6786 -152.3785 56.30976 455.9367 -8.378467 62.90817 455.9367 99.62154 62.90817 456.764 -116.3785 61.38773 457.1768 -80.37847 59.70669 457.1476 -44.37847 57.97596 456.6786 -8.378467 56.30976 455.8005 27.62153 54.81801 454.5715 63.62153 53.59917 453.0724 99.62154 52.73364 451.4023 135.6215 52.27855 456.764 27.62153 61.38773 456.764 135.6215 61.38773 457.1768 171.6215 59.70669 457.1476 207.6215 57.97596 457.1768 -116.3785 59.70669 457.1476 -116.3785 57.97596 456.6786 -116.3785 56.30976 455.8005 -116.3785 54.81801 457.1768 63.62153 59.70669 457.1476 -80.37847 57.97596 456.6786 -44.37847 56.30976 455.8005 -8.378467 54.81801 454.5715 27.62153 53.59917 453.0724 63.62153 52.73364 451.4023 99.62154 52.27855 457.1476 99.62154 57.97596 456.6786 -80.37847 56.30976 455.8005 -80.37847 54.81801 454.5715 -80.37847 53.59917 456.6786 135.6215 56.30976 455.8005 -44.37847 54.81801 454.5715 -8.378467 53.59917 453.0724 27.62153 52.73364 451.4023 63.62153 52.27855 455.8005 171.6215 54.81801 454.5715 -188.3785 53.59917 453.0724 -188.3785 52.73364 451.4023 -188.3785 52.27855 454.5715 -44.37847 53.59917 453.0724 -44.37847 52.73364 454.5715 207.6215 53.59917 453.0724 -152.3785 52.73364 451.4023 -116.3785 52.27855 453.0724 -8.378467 52.73364 451.4023 27.62153 52.27855 451.4023 -152.3785 52.27855 399.8234 -310.2265 52.26392 399.8234 -310.452 65.66702 406.3298 -309.8001 52.26392 406.3593 -310.0237 65.66702 412.725 -308.528 52.26392 412.7834 -308.7458 65.66702 418.8994 -306.4321 52.26392 418.9857 -306.6404 65.66702 424.7474 -303.5482 52.26392 424.8601 -303.7434 65.66702 430.1689 -299.9256 52.26392 430.3062 -300.1045 65.66702 435.0713 -295.6264 52.26392 435.2307 -295.7858 65.66702 439.3705 -290.724 52.26392 439.5494 -290.8613 65.66702 442.9931 -285.3025 52.26392 443.1884 -285.4153 65.66702 445.877 -279.4545 52.26392 446.0853 -279.5408 65.66702 447.9729 -273.2801 52.26392 448.1907 -273.3385 65.66702 449.2449 -266.885 52.26392 449.4685 -266.9144 65.66702 406.0675 -311.8038 65.59416 399.8234 -312.1815 65.59416 399.8234 -313.8353 65.08314 406.2669 -313.4455 65.08314 399.8234 -315.3044 64.16767 406.444 -314.9039 64.16767 399.8234 -316.4918 62.90817 406.5871 -316.0827 62.90817 399.8234 -317.3191 61.38773 406.6868 -316.904 61.38773 399.8234 -317.7319 59.70669 406.7366 -317.3137 59.70669 399.8234 -317.7027 57.97596 406.733 -317.2848 57.97596 399.8234 -317.2337 56.30976 406.6765 -316.8192 56.30976 399.8234 -316.3556 54.81801 406.5707 -315.9475 54.81801 399.8234 -315.1265 53.59917 406.4225 -314.7274 53.59917 399.8234 -313.6275 52.73364 406.2418 -313.2393 52.73364 399.8234 -311.9574 52.27855 406.0405 -311.5814 52.27855 412.167 -310.4587 52.27855 418.1135 -308.6056 52.27855 423.7933 -306.0494 52.27855 429.1235 -302.8271 52.27855 434.0265 -298.9859 52.27855 438.4308 -294.5816 52.27855 442.272 -289.6787 52.27855 445.4943 -284.3484 52.27855 448.0505 -278.6686 52.27855 449.9035 -272.7221 52.27855 451.0263 -266.5956 52.27855 452.6842 -266.7969 52.73364 451.5251 -273.1218 52.73364 449.6121 -279.2608 52.73364 446.973 -285.1245 52.73364 443.6465 -290.6274 52.73364 439.6808 -295.6891 52.73364 435.134 -300.2359 52.73364 430.0723 -304.2016 52.73364 424.5694 -307.5281 52.73364 418.7057 -310.1672 52.73364 412.5667 -312.0802 52.73364 454.1723 -266.9776 53.59917 452.9806 -273.4805 53.59917 451.0137 -279.7924 53.59917 448.3004 -285.8212 53.59917 444.8801 -291.4789 53.59917 440.8029 -296.6832 53.59917 436.1281 -301.358 53.59917 430.9238 -305.4353 53.59917 425.2661 -308.8555 53.59917 419.2373 -311.5688 53.59917 412.9254 -313.5357 53.59917 455.3924 -267.1258 54.81801 454.1739 -273.7747 54.81801 452.1629 -280.2283 54.81801 449.3887 -286.3924 54.81801 445.8917 -292.1771 54.81801 441.7229 -297.4982 54.81801 436.9431 -302.278 54.81801 431.622 -306.4468 54.81801 425.8373 -309.9438 54.81801 419.6731 -312.718 54.81801 413.2196 -314.729 54.81801 456.264 -267.2316 56.30976 455.0265 -273.9848 56.30976 452.9839 -280.5396 56.30976 450.1661 -286.8004 56.30976 446.6143 -292.6759 56.30976 442.3801 -298.0805 56.30976 437.5253 -302.9352 56.30976 432.1208 -307.1694 56.30976 426.2453 -310.7213 56.30976 419.9845 -313.539 56.30976 413.4297 -315.5816 56.30976 456.7297 -267.2882 57.97596 455.4819 -274.0971 57.97596 453.4225 -280.7059 57.97596 450.5815 -287.0184 57.97596 447.0003 -292.9424 57.97596 442.7312 -298.3915 57.97596 437.8364 -303.2863 57.97596 432.3873 -307.5554 57.97596 426.4633 -311.1366 57.97596 420.1508 -313.9776 57.97596 413.542 -316.037 57.97596 456.7586 -267.2917 59.70669 455.5102 -274.104 59.70669 453.4497 -280.7163 59.70669 450.6073 -287.0319 59.70669 447.0243 -292.9589 59.70669 442.753 -298.4108 59.70669 437.8557 -303.3081 59.70669 432.4038 -307.5794 59.70669 426.4768 -311.1624 59.70669 420.1612 -314.0048 59.70669 413.5489 -316.0653 59.70669 456.3489 -267.2419 61.38773 455.1094 -274.0053 61.38773 453.0638 -280.5699 61.38773 450.2418 -286.8401 61.38773 446.6846 -292.7245 61.38773 442.4441 -298.1371 61.38773 437.582 -302.9992 61.38773 432.1694 -307.2397 61.38773 426.285 -310.7969 61.38773 420.0148 -313.6189 61.38773 413.4501 -315.6645 61.38773 455.5275 -267.1422 62.90817 454.3061 -273.8073 62.90817 452.2902 -280.2765 62.90817 449.5092 -286.4556 62.90817 446.0037 -292.2545 62.90817 441.8248 -297.5885 62.90817 437.0334 -302.3799 62.90817 431.6994 -306.5588 62.90817 425.9005 -310.0643 62.90817 419.7214 -312.8453 62.90817 413.2521 -314.8612 62.90817 454.3488 -266.9991 64.16767 453.1532 -273.5231 64.16767 451.18 -279.8555 64.16767 448.4578 -285.9038 64.16767 445.0265 -291.5799 64.16767 440.936 -296.8011 64.16767 436.246 -301.4911 64.16767 431.0248 -305.5816 64.16767 425.3487 -309.013 64.16767 419.3004 -311.7351 64.16767 412.968 -313.7083 64.16767 452.8904 -266.822 65.08314 451.7268 -273.1715 65.08314 449.8064 -279.3345 65.08314 447.157 -285.2211 65.08314 443.8175 -290.7454 65.08314 439.8364 -295.8269 65.08314 435.2718 -300.3915 65.08314 430.1903 -304.3726 65.08314 424.666 -307.7121 65.08314 418.7794 -310.3615 65.08314 412.6164 -312.2819 65.08314 451.2487 -266.6226 65.59416 450.1211 -272.7757 65.59416 448.26 -278.7481 65.59416 445.6926 -284.4525 65.59416 442.4564 -289.8059 65.59416 438.5985 -294.7302 65.59416 434.1751 -299.1536 65.59416 429.2508 -303.0115 65.59416 423.8974 -306.2478 65.59416 418.193 -308.8151 65.59416 412.2207 -310.6762 65.59416 86.4259 -310.8653 52.21733 86.42218 -311.0355 52.21519 86.42424 -310.9788 52.21829 86.42424 -311.0922 52.21829 86.4259 -311.2057 52.21733 86.50656 -310.2265 52.26392 96.86529 -310.3333 58.60779 107.224 -310.452 65.66702 86.55801 -312.0609 52.29366 121.2445 -311.9574 52.27855 225.7116 -311.9574 52.27855 190.8892 -311.9574 52.27855 190.8892 -313.6275 52.73364 156.0669 -313.6275 52.73364 156.0669 -315.1265 53.59917 121.2445 -315.1265 53.59917 121.2445 -316.3556 54.81801 90.42943 -316.1636 54.58227 92.03668 -316.858 55.56167 121.2445 -317.2337 56.30976 93.78799 -317.3676 56.64868 121.2445 -317.7027 57.97596 97.38839 -317.7741 58.94712 121.2445 -317.7319 59.70669 97.39859 -317.7741 58.95375 97.40879 -317.7741 58.96038 100.6561 -317.4204 61.10815 121.2445 -317.3191 61.38773 102.2328 -316.9536 62.17642 121.2445 -316.4918 62.90817 103.7361 -316.2596 63.21023 121.2445 -315.3044 64.16767 105.1276 -315.2886 64.18064 106.3007 -313.9928 65.00874 121.2445 -313.8353 65.08314 106.7564 -313.2068 65.33292 121.2445 -312.1815 65.59416 107.0821 -312.3369 65.56546 107.2455 -311.4014 65.68238 156.0669 -312.1815 65.59416 190.8892 -312.1815 65.59416 225.7116 -312.1815 65.59416 225.7116 -313.8353 65.08314 260.5339 -313.8353 65.08314 260.5339 -315.3044 64.16767 295.3563 -315.3044 64.16767 295.3563 -316.4918 62.90817 330.1787 -316.4918 62.90817 330.1787 -317.3191 61.38773 365.001 -317.3191 61.38773 365.001 -317.7319 59.70669 365.001 -317.7027 57.97596 365.001 -317.2337 56.30976 365.001 -316.3556 54.81801 365.001 -315.1265 53.59917 365.001 -313.6275 52.73364 365.001 -311.9574 52.27855 330.1787 -311.9574 52.27855 295.3563 -311.9574 52.27855 295.3563 -313.6275 52.73364 260.5339 -313.6275 52.73364 260.5339 -315.1265 53.59917 225.7116 -315.1265 53.59917 225.7116 -316.3556 54.81801 190.8892 -316.3556 54.81801 190.8892 -317.2337 56.30976 156.0669 -317.2337 56.30976 156.0669 -317.7027 57.97596 365.001 -316.4918 62.90817 330.1787 -315.3044 64.16767 295.3563 -313.8353 65.08314 260.5339 -312.1815 65.59416 365.001 -315.3044 64.16767 330.1787 -313.8353 65.08314 295.3563 -312.1815 65.59416 365.001 -313.8353 65.08314 330.1787 -312.1815 65.59416 365.001 -312.1815 65.59416 89.02899 -315.308 53.74282 87.80861 -314.2329 53.02204 121.2445 -313.6275 52.73364 87.28811 -313.5887 52.71761 86.85874 -312.8635 52.46786 330.1787 -313.6275 52.73364 330.1787 -315.1265 53.59917 330.1787 -316.3556 54.81801 330.1787 -317.2337 56.30976 330.1787 -317.7027 57.97596 330.1787 -317.7319 59.70669 260.5339 -311.9574 52.27855 225.7116 -313.6275 52.73364 156.0669 -311.9574 52.27855 295.3563 -315.1265 53.59917 260.5339 -316.3556 54.81801 225.7116 -317.2337 56.30976 190.8892 -317.7027 57.97596 156.0669 -317.7319 59.70669 190.8892 -315.1265 53.59917 156.0669 -316.3556 54.81801 295.3563 -316.3556 54.81801 295.3563 -317.2337 56.30976 295.3563 -317.7027 57.97596 295.3563 -317.7319 59.70669 295.3563 -317.3191 61.38773 260.5339 -317.2337 56.30976 225.7116 -317.7027 57.97596 190.8892 -317.7319 59.70669 156.0669 -317.3191 61.38773 260.5339 -317.7027 57.97596 260.5339 -317.7319 59.70669 260.5339 -317.3191 61.38773 260.5339 -316.4918 62.90817 225.7116 -317.7319 59.70669 190.8892 -317.3191 61.38773 156.0669 -316.4918 62.90817 225.7116 -317.3191 61.38773 225.7116 -316.4918 62.90817 225.7116 -315.3044 64.16767 190.8892 -316.4918 62.90817 156.0669 -315.3044 64.16767 190.8892 -315.3044 64.16767 190.8892 -313.8353 65.08314 156.0669 -313.8353 65.08314 -86.77919 -311.2057 52.21733 -86.77546 -311.0355 52.21519 -86.77753 -311.0922 52.21829 -86.77753 -310.9788 52.21829 -86.77919 -310.8653 52.21733 -86.85984 -310.2265 52.26392 -90.8629 -311.9574 59.92964 -91.27536 -313.6275 59.73731 -94.63108 -313.6275 67.83874 -95.44441 -315.1265 67.54271 -98.10398 -315.1265 75.97779 -99.28129 -316.3556 75.66233 -101.2186 -316.3556 84.40092 -102.6877 -317.2337 84.14188 -103.873 -317.2337 93.14508 -105.5328 -317.7027 92.99987 -105.9353 -317.7027 102.2173 -107.666 -317.7319 102.2173 -107.257 -317.7319 111.5857 -108.9316 -317.3191 111.7322 -107.6885 -317.3191 121.1746 -109.1858 -316.4918 121.4386 -107.0958 -316.4918 130.8662 -108.3124 -315.3044 131.1922 -105.3756 -315.3044 140.5066 -106.2358 -313.8353 140.8197 -102.4678 -313.8353 149.9165 -102.9309 -312.1815 150.1324 -98.36386 -312.1815 158.9057 -102.3929 -310.452 151.438 -97.76941 -310.452 160.0661 -93.0495 -312.1815 167.2476 -92.4194 -310.452 168.2636 -87.02833 -312.1815 175.0946 -86.38266 -310.452 175.9693 -80.34616 -312.1815 182.3869 -79.70414 -310.452 183.126 -73.05207 -312.1815 189.0705 -72.43356 -310.452 189.6803 -65.20692 -312.1815 195.0902 -64.62503 -310.452 195.5835 -56.86505 -312.1815 200.4045 -56.3367 -310.452 200.7916 -48.09176 -312.1815 204.9716 -47.63027 -310.452 205.2658 -38.9538 -312.1815 208.7567 -38.57056 -310.452 208.9728 -29.52073 -312.1815 211.7309 -29.22501 -310.452 211.8851 -19.86432 -312.1815 213.8717 -19.66321 -310.452 213.9809 -10.05808 -312.1815 215.1627 -9.95633 -310.452 215.2447 -0.1766433 -312.1815 215.5942 -0.1766433 -310.452 215.667 9.603043 -310.452 215.2447 9.704798 -312.1815 215.1627 19.30992 -310.452 213.9809 19.51104 -312.1815 213.8717 28.87173 -310.452 211.8851 29.16744 -312.1815 211.7309 38.21727 -310.452 208.9728 38.60051 -312.1815 208.7567 47.27698 -310.452 205.2658 47.73847 -312.1815 204.9716 55.98341 -310.452 200.7916 56.51177 -312.1815 200.4045 64.27175 -310.452 195.5835 64.85363 -312.1815 195.0902 72.08027 -310.452 189.6803 72.69878 -312.1815 189.0705 79.35086 -310.452 183.126 79.99288 -312.1815 182.3869 86.02938 -310.452 175.9693 86.67504 -312.1815 175.0946 92.06611 -310.452 168.2636 92.69622 -312.1815 167.2476 97.41613 -310.452 160.0661 98.01057 -312.1815 158.9057 102.0396 -310.452 151.438 102.5777 -312.1815 150.1324 105.902 -310.452 142.4435 106.3627 -312.1815 140.9945 108.9748 -310.452 133.1494 109.337 -312.1815 131.5614 111.2349 -310.452 123.6251 111.4777 -312.1815 121.905 112.6656 -310.452 113.9415 112.7687 -312.1815 112.0988 113.2562 -310.452 104.1705 113.2002 -312.1815 102.2173 113.0024 -310.452 94.38498 112.7687 -312.1815 92.33589 111.9059 -310.452 84.65779 111.4777 -312.1815 82.52966 109.975 -310.452 75.06131 109.337 -312.1815 72.87326 108.8434 -313.8353 73.00552 107.9591 -315.3044 73.24246 106.7425 -316.4918 73.56845 103.8387 -316.4918 64.35884 105.2739 -317.3191 73.96196 102.41 -317.3191 64.87886 103.6501 -317.7319 74.39704 100.8303 -317.7319 65.45381 101.9784 -317.7027 74.84499 99.20396 -317.7027 66.04576 100.3689 -317.2337 75.27624 97.63824 -317.2337 66.61563 98.928 -316.3556 75.66233 96.23646 -316.3556 67.12584 97.75069 -315.1265 75.97779 95.09112 -315.1265 67.54271 96.91466 -313.6275 76.2018 94.27779 -313.6275 67.83874 96.47507 -311.9574 76.31959 93.85015 -311.9574 67.99439 94.25247 -310.2265 69.16493 90.77295 -310.2265 60.53411 -91.12624 -310.2265 60.53411 -94.20343 -311.9574 67.99439 -97.26795 -313.6275 76.2018 -100.0183 -315.1265 84.61257 -102.3869 -316.3556 93.2751 -104.2691 -317.2337 102.2173 -105.5328 -317.7027 111.4348 -106.033 -317.7319 120.8827 -105.6271 -317.3191 130.4727 -104.192 -316.4918 140.0758 -101.6381 -315.3044 149.5296 -97.9213 -313.8353 158.6502 -94.60576 -310.2265 69.16493 -96.82836 -311.9574 76.31959 -99.16589 -313.6275 84.76287 -101.1727 -315.1265 93.38133 -102.7773 -316.3556 102.2173 -103.873 -317.2337 111.2896 -104.3286 -317.7027 120.5821 -104.0034 -317.7319 130.0376 -102.7633 -317.3191 139.5558 -100.4966 -316.4918 148.9973 -97.12848 -315.3044 158.1925 -92.6309 -313.8353 166.9545 -97.26831 -310.2265 78.08172 -98.71771 -311.9574 84.84189 -100.3105 -313.6275 93.45677 -101.5585 -315.1265 102.2173 -102.3869 -316.3556 111.1596 -102.6877 -317.2337 120.2928 -102.3316 -317.7027 129.5897 -101.1836 -317.7319 138.9809 -99.11862 -317.3191 148.3547 -96.03771 -316.4918 157.5628 -91.88099 -315.3044 166.4294 -86.63687 -313.8353 174.7661 -99.09085 -310.2265 87.20732 -99.8571 -311.9574 93.49643 -100.693 -313.6275 102.2173 -101.1727 -315.1265 111.0533 -101.2186 -316.3556 120.0338 -100.7222 -317.2337 129.1584 -99.55725 -317.7027 138.3889 -97.59508 -317.7319 147.6443 -94.72098 -317.3191 156.8025 -90.84927 -316.4918 165.707 -85.93558 -315.3044 174.1776 -79.98482 -313.8353 182.0255 -100.0576 -310.2265 96.46279 -100.2379 -311.9574 102.2173 -100.3105 -313.6275 110.9779 -100.0183 -315.1265 119.8221 -99.28129 -316.3556 128.7723 -97.99153 -317.2337 137.819 -96.02651 -317.7027 146.9129 -93.26515 -317.7319 155.962 -89.6038 -317.3191 164.8349 -84.97074 -316.4918 173.368 -79.33749 -315.3044 181.3782 -72.72181 -313.8353 188.6806 -100.1602 -310.2265 105.768 -99.8571 -311.9574 110.9383 -99.16589 -313.6275 119.6718 -98.10398 -315.1265 128.4569 -96.58975 -316.3556 137.3088 -94.51642 -317.2337 146.2087 -91.76631 -317.7027 155.0966 -88.22677 -317.7319 163.8707 -83.80602 -317.3191 172.3907 -78.44689 -316.4918 180.4876 -72.13162 -315.3044 187.9807 -64.91381 -313.8353 194.6716 -99.39778 -310.2265 115.0426 -98.71771 -311.9574 119.5928 -97.26795 -313.6275 128.2329 -95.44441 -315.1265 136.892 -93.16444 -316.3556 145.5783 -90.32333 -317.2337 154.2635 -86.80904 -317.7027 162.878 -82.51827 -317.7319 171.3102 -77.37178 -317.3191 179.4125 -71.32033 -316.4918 187.0173 -64.38872 -315.3044 193.9217 -56.60955 -313.8353 199.962 -97.77691 -310.2265 124.2061 -96.82836 -311.9574 128.1151 -94.63108 -313.6275 136.5959 -92.05979 -315.1265 145.0632 -89.03144 -316.3556 153.5177 -85.44416 -317.2337 161.9223 -81.19245 -317.7027 170.1977 -76.18309 -317.7319 178.2238 -70.34138 -317.3191 185.854 -63.6663 -316.4918 192.8899 -56.15181 -315.3044 199.1692 -47.87579 -313.8353 204.5085 -95.31163 -310.2265 133.1795 -94.20343 -311.9574 136.4403 -91.27536 -313.6275 144.6974 -87.97589 -315.1265 152.9082 -84.2222 -316.3556 161.0667 -79.91606 -317.2337 169.1266 -74.95928 -317.7027 177 -69.25926 -317.7319 184.5675 -62.79421 -317.3191 191.6445 -55.52206 -316.4918 198.0784 -47.4889 -315.3044 203.6788 -38.77902 -313.8353 208.2765 -92.02327 -310.2265 141.8849 -90.8629 -311.9574 144.505 -87.22632 -313.6275 152.4755 -83.22378 -315.1265 160.3676 -78.77333 -316.3556 168.1678 -73.7811 -317.2337 175.8218 -68.14525 -317.7027 183.243 -61.83 -317.7319 190.2675 -54.76184 -317.3191 196.7617 -46.95661 -316.4918 202.5373 -38.46591 -315.3044 207.4162 -29.38846 -313.8353 211.2373 -87.94027 -310.2265 150.2472 -86.8322 -311.9574 152.2479 -82.51479 -313.6275 159.8711 -77.83963 -315.1265 167.3843 -72.72628 -316.3556 174.767 -67.07277 -317.2337 181.9678 -60.8373 -317.7027 188.8497 -53.92132 -317.7319 195.3058 -46.31404 -317.3191 201.1593 -38.03514 -316.4918 206.2327 -29.15152 -315.3044 210.3531 -19.77559 -313.8353 213.3684 -83.09796 -310.2265 158.1939 -82.14199 -311.9574 159.6101 -77.17661 -313.6275 166.828 -71.86443 -315.1265 173.9051 -66.11247 -316.3556 180.8263 -59.8816 -317.2337 187.4848 -53.05596 -317.7027 193.807 -45.60361 -317.7319 199.6358 -37.51512 -317.3191 204.804 -28.82554 -316.4918 209.1365 -19.61662 -315.3044 212.4669 -10.01355 -313.8353 214.6537 -77.53825 -310.2265 165.6563 -76.82798 -311.9574 166.5354 -71.25241 -313.6275 173.2931 -65.32757 -315.1265 179.8938 -59.02597 -316.3556 186.2629 -52.22285 -317.2337 192.364 -44.87217 -317.7027 198.0672 -36.94017 -317.7319 203.2243 -28.43202 -317.3191 207.6678 -19.39791 -316.4918 211.2265 -9.933758 -315.3044 213.7417 -0.1766433 -313.8353 215.0831 -71.30921 -310.2265 172.5699 -70.93061 -311.9574 172.9713 -64.76977 -313.6275 179.232 -58.32687 -315.1265 185.2645 -51.47698 -316.3556 191.0721 -44.168 -317.2337 196.5571 -36.34822 -317.7027 201.5979 -27.99694 -317.7319 206.0441 -19.13388 -317.3191 209.7292 -9.823987 -316.4918 212.4869 -0.1766433 -315.3044 214.1677 9.660262 -313.8353 214.6537 -64.46475 -310.2265 178.8748 -64.47573 -311.9574 178.8846 -57.83043 -313.6275 184.5555 -50.86756 -315.1265 190.0166 -43.53756 -316.3556 195.2051 -35.77835 -317.2337 200.0322 -27.54899 -317.7027 204.3723 -18.84197 -317.7319 208.0737 -9.691472 -317.3191 210.9723 -0.1766433 -316.4918 212.9082 9.580472 -315.3044 213.7417 19.4223 -313.8353 213.3684 -57.5694 -311.9574 184.1827 -57.06408 -310.2265 184.5164 -50.20725 -311.9574 188.8729 -49.17124 -310.2265 189.446 -42.46434 -311.9574 192.9036 -40.85451 -310.2265 193.621 -34.39959 -311.9574 196.2441 -32.18585 -310.2265 197.0052 -26.07439 -311.9574 198.869 -23.24025 -310.2265 199.5692 -17.55209 -311.9574 200.7584 -14.09511 -310.2265 201.291 -8.897554 -311.9574 201.8978 -4.829551 -310.2265 202.1557 -0.1766433 -311.9574 202.2785 4.476264 -310.2265 202.1557 8.544267 -311.9574 201.8978 13.74182 -310.2265 201.291 17.19881 -311.9574 200.7584 22.88697 -310.2265 199.5692 25.72111 -311.9574 198.869 31.83257 -310.2265 197.0052 34.04631 -311.9574 196.2441 40.50123 -310.2265 193.621 42.11105 -311.9574 192.9036 48.81796 -310.2265 189.446 49.85396 -311.9574 188.8729 56.7108 -310.2265 184.5164 57.21611 -311.9574 184.1827 64.11146 -310.2265 178.8748 64.12245 -311.9574 178.8846 70.57733 -311.9574 172.9713 64.41648 -313.6275 179.232 70.89912 -313.6275 173.2931 64.97428 -315.1265 179.8938 71.51114 -315.1265 173.9051 65.75918 -316.3556 180.8263 72.373 -316.3556 174.767 73.42781 -317.2337 175.8218 79.56278 -317.2337 169.1266 80.83917 -317.7027 170.1977 86.45575 -317.7027 162.878 87.87348 -317.7319 163.8707 92.91187 -317.7319 155.962 94.36769 -317.3191 156.8025 98.76534 -317.3191 148.3547 100.1433 -316.4918 148.9973 103.8387 -316.4918 140.0758 105.0223 -315.3044 140.5066 107.9591 -315.3044 131.1922 108.8434 -313.8353 131.4291 110.9745 -313.8353 121.8163 70.95592 -310.2265 172.5699 76.4747 -311.9574 166.5354 76.82332 -313.6275 166.828 82.1615 -313.6275 159.8711 82.87049 -315.1265 160.3676 87.6226 -315.1265 152.9082 88.67816 -316.3556 153.5177 92.81115 -316.3556 145.5783 94.16313 -317.2337 146.2087 97.63824 -317.2337 137.819 99.20396 -317.7027 138.3889 101.9784 -317.7027 129.5897 103.6501 -317.7319 130.0376 105.6797 -317.7319 120.8827 107.3352 -317.3191 121.1746 108.5783 -317.3191 111.7322 110.093 -316.4918 111.8647 110.5142 -316.4918 102.2173 111.7737 -315.3044 102.2173 111.3477 -315.3044 92.46022 112.2597 -313.8353 92.38043 110.9745 -313.8353 82.6184 77.18496 -310.2265 165.6563 81.78871 -311.9574 159.6101 86.87303 -313.6275 152.4755 91.70651 -315.1265 145.0632 96.23646 -316.3556 137.3088 100.3689 -317.2337 129.1584 103.9753 -317.7027 120.5821 106.9037 -317.7319 111.5857 108.9938 -317.3191 102.2173 110.093 -316.4918 92.56999 110.0729 -315.3044 82.77737 82.74468 -310.2265 158.1939 86.47891 -311.9574 152.2479 90.92207 -313.6275 144.6974 95.09112 -315.1265 136.892 98.928 -316.3556 128.7723 102.3344 -317.2337 120.2928 105.1795 -317.7027 111.4348 107.3127 -317.7319 102.2173 108.5783 -317.3191 92.70251 108.8325 -316.4918 82.99608 87.58699 -310.2265 150.2472 90.50962 -311.9574 144.505 94.27779 -313.6275 136.5959 97.75069 -315.1265 128.4569 100.8653 -316.3556 120.0338 103.5197 -317.2337 111.2896 105.582 -317.7027 102.2173 106.9037 -317.7319 92.84902 107.3352 -317.3191 83.2601 91.66999 -310.2265 141.8849 93.85015 -311.9574 136.4403 96.91466 -313.6275 128.2329 99.66497 -315.1265 119.8221 102.0336 -316.3556 111.1596 103.9158 -317.2337 102.2173 105.1795 -317.7027 92.99987 105.6797 -317.7319 83.55201 94.95835 -310.2265 133.1795 96.47507 -311.9574 128.1151 98.8126 -313.6275 119.6718 100.8194 -315.1265 111.0533 102.424 -316.3556 102.2173 103.5197 -317.2337 93.14508 103.9753 -317.7027 83.85255 97.42362 -310.2265 124.2061 98.36442 -311.9574 119.5928 99.95717 -313.6275 110.9779 101.2052 -315.1265 102.2173 102.0336 -316.3556 93.2751 102.3344 -317.2337 84.14188 99.04449 -310.2265 115.0426 99.50381 -311.9574 110.9383 100.3397 -313.6275 102.2173 100.8194 -315.1265 93.38133 100.8653 -316.3556 84.40092 99.80692 -310.2265 105.768 99.88458 -311.9574 102.2173 99.95717 -313.6275 93.45677 99.66497 -315.1265 84.61257 99.70431 -310.2265 96.46279 99.50381 -311.9574 93.49643 98.8126 -313.6275 84.76287 98.73756 -310.2265 87.20732 98.36442 -311.9574 84.84189 96.91503 -310.2265 78.08172 90.50962 -311.9574 59.92964 90.92207 -313.6275 59.73731 91.70651 -315.1265 59.37152 92.81115 -316.3556 58.85641 94.16313 -317.2337 58.22598 -106.2553 -310.452 142.4435 -106.716 -312.1815 140.9945 -109.1966 -313.8353 131.4291 -110.4262 -315.3044 121.6573 -110.4463 -316.4918 111.8647 -109.347 -317.3191 102.2173 -107.257 -317.7319 92.84902 -104.3286 -317.7027 83.85255 -100.7222 -317.2337 75.27624 -96.58975 -316.3556 67.12584 -92.05979 -315.1265 59.37152 -87.64659 -313.5961 52.72064 -87.21461 -312.8688 52.46936 -109.3281 -310.452 133.1494 -109.6902 -312.1815 131.5614 -111.3278 -313.8353 121.8163 -111.701 -315.3044 111.9745 -110.8675 -316.4918 102.2173 -108.9316 -317.3191 92.70251 -106.033 -317.7319 83.55201 -102.3316 -317.7027 74.84499 -97.99153 -317.2337 66.61563 -93.16444 -316.3556 58.85641 -89.39839 -315.3197 53.75241 -88.1698 -314.2415 53.02668 -111.5882 -310.452 123.6251 -111.831 -312.1815 121.905 -112.613 -313.8353 112.0542 -112.127 -315.3044 102.2173 -110.4463 -316.4918 92.56999 -107.6885 -317.3191 83.2601 -104.0034 -317.7319 74.39704 -99.55725 -317.7027 66.04576 -94.51642 -317.2337 58.22598 -92.38758 -316.8572 55.56024 -90.79268 -316.1688 54.5883 -113.0189 -310.452 113.9415 -113.122 -312.1815 112.0988 -113.0425 -313.8353 102.2173 -111.701 -315.3044 92.46022 -109.1858 -316.4918 82.99608 -105.6271 -317.3191 73.96196 -101.1836 -317.7319 65.45381 -97.73963 -317.7741 58.94578 -94.13289 -317.3656 56.64333 -113.6095 -310.452 104.1705 -113.5535 -312.1815 102.2173 -112.613 -313.8353 92.38043 -110.4262 -315.3044 82.77737 -107.0958 -316.4918 73.56845 -102.7633 -317.3191 64.87886 -99.56652 -317.6679 60.1455 -97.76412 -317.7741 58.96172 -113.3556 -310.452 94.38498 -113.122 -312.1815 92.33589 -111.3278 -313.8353 82.6184 -108.3124 -315.3044 73.24246 -104.3068 -316.1331 63.36099 -104.192 -316.4918 64.35884 -102.8652 -316.8456 62.36726 -101.2785 -317.3563 61.28974 -112.2592 -310.452 84.65779 -111.831 -312.1815 82.52966 -109.1966 -313.8353 73.00552 -106.7297 -313.8801 65.06251 -105.6267 -315.1595 64.28308 -110.3283 -310.452 75.06131 -109.6902 -312.1815 72.87326 -107.1538 -313.112 65.3644 -107.5773 -310.452 65.66702 -107.6014 -311.3655 65.68424 -107.4538 -312.2683 65.57861 -97.75187 -317.7741 58.95375 -86.91206 -312.0638 52.2941 -50.4348 -313.6275 189.267 -43.02246 -315.1265 194.1005 -35.26814 -316.3556 198.6304 -27.11775 -317.2337 202.7629 -18.54144 -317.7027 206.3692 -9.544959 -317.7319 209.2976 -0.1766433 -317.3191 211.3877 9.4707 -316.4918 212.4869 19.26333 -315.3044 212.4669 29.03518 -313.8353 211.2373 -42.65667 -313.6275 193.3161 -34.85127 -315.1265 197.4851 -26.73165 -316.3556 201.322 -18.2521 -317.2337 204.7284 -9.394116 -317.7027 207.5735 -0.1766433 -317.7319 209.7067 9.338185 -317.3191 210.9723 19.04462 -316.4918 211.2265 28.79824 -315.3044 210.3531 38.42573 -313.8353 208.2765 -34.55524 -313.6275 196.6718 -26.41619 -315.1265 200.1447 -17.99307 -316.3556 203.2593 -9.248896 -317.2337 205.9136 -0.1766433 -317.7027 207.976 9.191673 -317.7319 209.2976 18.7806 -317.3191 209.7292 28.47225 -316.4918 209.1365 38.11263 -315.3044 207.4162 47.52251 -313.8353 204.5085 -26.19218 -313.6275 199.3086 -17.78141 -315.1265 202.0589 -9.118883 -316.3556 204.4276 -0.1766433 -317.2337 206.3097 9.040829 -317.7027 207.5735 18.48869 -317.7319 208.0737 28.07873 -317.3191 207.6678 37.68185 -316.4918 206.2327 47.13561 -315.3044 203.6788 56.25626 -313.8353 199.962 -17.63112 -313.6275 201.2066 -9.012654 -315.1265 203.2134 -0.1766433 -316.3556 204.818 8.895609 -317.2337 205.9136 18.18815 -317.7027 206.3692 27.64365 -317.7319 206.0441 37.16183 -317.3191 204.804 46.60332 -316.4918 202.5373 55.79853 -315.3044 199.1692 64.56053 -313.8353 194.6716 72.36853 -313.8353 188.6806 79.63153 -313.8353 182.0255 -8.937217 -313.6275 202.3511 -0.1766433 -315.1265 203.5992 8.765597 -316.3556 204.4276 17.89882 -317.2337 204.7284 27.1957 -317.7027 204.3723 36.58688 -317.7319 203.2243 45.96076 -317.3191 201.1593 55.16877 -316.4918 198.0784 64.03543 -315.3044 193.9217 71.77833 -315.3044 187.9807 78.9842 -315.3044 181.3782 86.28358 -313.8353 174.7661 -0.1766433 -313.6275 202.7336 8.659366 -315.1265 203.2134 17.63978 -316.3556 203.2593 26.76446 -317.2337 202.7629 35.99494 -317.7027 201.5979 45.25032 -317.7319 199.6358 54.40855 -317.3191 196.7617 63.31301 -316.4918 192.8899 70.96704 -316.4918 187.0173 78.0936 -316.4918 180.4876 85.58229 -315.3044 174.1776 92.27761 -313.8353 166.9545 8.58393 -313.6275 202.3511 17.42813 -315.1265 202.0589 26.37837 -316.3556 201.322 35.42506 -317.2337 200.0322 44.51888 -317.7027 198.0672 53.56803 -317.7319 195.3058 62.44092 -317.3191 191.6445 69.98809 -317.3191 185.854 77.01849 -317.3191 179.4125 84.61746 -316.4918 173.368 91.5277 -315.3044 166.4294 97.56801 -313.8353 158.6502 17.27783 -313.6275 201.2066 26.06291 -315.1265 200.1447 34.91485 -316.3556 198.6304 43.81472 -317.2337 196.5571 52.70267 -317.7027 193.807 61.47671 -317.7319 190.2675 68.90597 -317.7319 184.5675 75.82981 -317.7319 178.2238 83.45273 -317.3191 172.3907 90.49598 -316.4918 165.707 96.77519 -315.3044 158.1925 102.1145 -313.8353 149.9165 25.83889 -313.6275 199.3086 34.49798 -315.1265 197.4851 43.18428 -316.3556 195.2051 51.86957 -317.2337 192.364 60.48401 -317.7027 188.8497 67.79197 -317.7027 183.243 74.60601 -317.7027 177 82.16498 -317.7319 171.3102 89.25051 -317.3191 164.8349 95.68444 -316.4918 157.5628 101.2848 -315.3044 149.5296 105.8825 -313.8353 140.8197 34.20196 -313.6275 196.6718 42.66917 -315.1265 194.1005 51.12369 -316.3556 191.0721 59.52832 -317.2337 187.4848 66.71949 -317.2337 181.9678 42.30338 -313.6275 193.3161 50.51427 -315.1265 190.0166 58.67269 -316.3556 186.2629 50.08151 -313.6275 189.267 57.97359 -315.1265 185.2645 57.47714 -313.6275 184.5555 77.48635 -315.1265 167.3843 78.42004 -316.3556 168.1678 83.86891 -316.3556 161.0667 85.09088 -317.2337 161.9223 89.97004 -317.2337 154.2635 91.41302 -317.7027 155.0966 95.67323 -317.7027 146.9129 97.24179 -317.7319 147.6443 100.8303 -317.7319 138.9809 102.41 -317.3191 139.5558 105.2739 -317.3191 130.4727 106.7425 -316.4918 130.8662 108.8325 -316.4918 121.4386 110.0729 -315.3044 121.6573 111.3477 -315.3044 111.9745 112.2597 -313.8353 112.0542 112.6892 -313.8353 102.2173 -97.21858 -310.3333 58.60779 -400.1766 -310.452 65.66702 -400.1766 -310.2265 52.26392 -121.5978 -311.9574 52.27855 -156.4202 -311.9574 52.27855 -191.2425 -311.9574 52.27855 -191.2425 -313.6275 52.73364 -226.0649 -313.6275 52.73364 -226.0649 -315.1265 53.59917 -260.8872 -315.1265 53.59917 -260.8872 -316.3556 54.81801 -295.7096 -316.3556 54.81801 -295.7096 -317.2337 56.30976 -330.5319 -317.2337 56.30976 -330.5319 -317.7027 57.97596 -365.3543 -317.7027 57.97596 -365.3543 -317.7319 59.70669 -400.1766 -317.7319 59.70669 -400.1766 -317.3191 61.38773 -365.3543 -317.3191 61.38773 -400.1766 -316.4918 62.90817 -365.3543 -316.4918 62.90817 -400.1766 -315.3044 64.16767 -365.3543 -315.3044 64.16767 -400.1766 -313.8353 65.08314 -365.3543 -313.8353 65.08314 -400.1766 -312.1815 65.59416 -365.3543 -312.1815 65.59416 -330.5319 -312.1815 65.59416 -295.7096 -312.1815 65.59416 -295.7096 -313.8353 65.08314 -260.8872 -313.8353 65.08314 -260.8872 -315.3044 64.16767 -226.0649 -315.3044 64.16767 -226.0649 -316.4918 62.90817 -191.2425 -316.4918 62.90817 -191.2425 -317.3191 61.38773 -156.4202 -317.3191 61.38773 -156.4202 -317.7319 59.70669 -121.5978 -317.7319 59.70669 -121.5978 -317.7027 57.97596 -121.5978 -317.2337 56.30976 -121.5978 -316.3556 54.81801 -121.5978 -315.1265 53.59917 -121.5978 -313.6275 52.73364 -121.5978 -317.3191 61.38773 -121.5978 -316.4918 62.90817 -121.5978 -315.3044 64.16767 -121.5978 -313.8353 65.08314 -121.5978 -312.1815 65.59416 -226.0649 -312.1815 65.59416 -191.2425 -312.1815 65.59416 -191.2425 -313.8353 65.08314 -156.4202 -313.8353 65.08314 -156.4202 -315.3044 64.16767 -400.1766 -317.7027 57.97596 -365.3543 -317.2337 56.30976 -330.5319 -316.3556 54.81801 -295.7096 -315.1265 53.59917 -260.8872 -313.6275 52.73364 -226.0649 -311.9574 52.27855 -400.1766 -317.2337 56.30976 -365.3543 -316.3556 54.81801 -330.5319 -315.1265 53.59917 -295.7096 -313.6275 52.73364 -260.8872 -311.9574 52.27855 -400.1766 -316.3556 54.81801 -365.3543 -315.1265 53.59917 -330.5319 -313.6275 52.73364 -295.7096 -311.9574 52.27855 -400.1766 -315.1265 53.59917 -365.3543 -313.6275 52.73364 -330.5319 -311.9574 52.27855 -400.1766 -313.6275 52.73364 -365.3543 -311.9574 52.27855 -400.1766 -311.9574 52.27855 -156.4202 -313.6275 52.73364 -156.4202 -315.1265 53.59917 -156.4202 -316.3556 54.81801 -156.4202 -317.2337 56.30976 -156.4202 -317.7027 57.97596 -191.2425 -315.1265 53.59917 -226.0649 -316.3556 54.81801 -260.8872 -317.2337 56.30976 -295.7096 -317.7027 57.97596 -330.5319 -317.7319 59.70669 -191.2425 -316.3556 54.81801 -191.2425 -317.2337 56.30976 -191.2425 -317.7027 57.97596 -191.2425 -317.7319 59.70669 -226.0649 -317.2337 56.30976 -260.8872 -317.7027 57.97596 -295.7096 -317.7319 59.70669 -330.5319 -317.3191 61.38773 -226.0649 -317.7027 57.97596 -226.0649 -317.7319 59.70669 -226.0649 -317.3191 61.38773 -260.8872 -317.7319 59.70669 -295.7096 -317.3191 61.38773 -330.5319 -316.4918 62.90817 -260.8872 -317.3191 61.38773 -260.8872 -316.4918 62.90817 -156.4202 -316.4918 62.90817 -191.2425 -315.3044 64.16767 -226.0649 -313.8353 65.08314 -260.8872 -312.1815 65.59416 -295.7096 -316.4918 62.90817 -330.5319 -315.3044 64.16767 -295.7096 -315.3044 64.16767 -330.5319 -313.8353 65.08314 -156.4202 -312.1815 65.59416 -449.5982 -266.885 52.26392 -449.8218 -266.9144 65.66702 -448.3262 -273.2801 52.26392 -448.544 -273.3385 65.66702 -446.2302 -279.4545 52.26392 -446.4386 -279.5408 65.66702 -443.3463 -285.3025 52.26392 -443.5416 -285.4153 65.66702 -439.7238 -290.724 52.26392 -439.9027 -290.8613 65.66702 -435.4245 -295.6264 52.26392 -435.584 -295.7858 65.66702 -430.5222 -299.9256 52.26392 -430.6595 -300.1045 65.66702 -425.1007 -303.5482 52.26392 -425.2135 -303.7434 65.66702 -419.2527 -306.4321 52.26392 -419.339 -306.6404 65.66702 -413.0783 -308.528 52.26392 -413.1366 -308.7458 65.66702 -406.6831 -309.8001 52.26392 -406.7126 -310.0237 65.66702 -451.602 -266.6226 65.59416 -453.2437 -266.822 65.08314 -454.7021 -266.9991 64.16767 -455.8808 -267.1422 62.90817 -456.7022 -267.2419 61.38773 -457.1119 -267.2917 59.70669 -457.083 -267.2882 57.97596 -456.6173 -267.2316 56.30976 -455.7457 -267.1258 54.81801 -454.5256 -266.9776 53.59917 -453.0375 -266.7969 52.73364 -451.3796 -266.5956 52.27855 -450.2568 -272.7221 52.27855 -448.4038 -278.6686 52.27855 -445.8475 -284.3484 52.27855 -442.6253 -289.6787 52.27855 -438.7841 -294.5816 52.27855 -434.3798 -298.9859 52.27855 -429.4768 -302.8271 52.27855 -424.1466 -306.0494 52.27855 -418.4668 -308.6056 52.27855 -412.5203 -310.4587 52.27855 -406.3938 -311.5814 52.27855 -406.5951 -313.2393 52.73364 -412.92 -312.0802 52.73364 -419.059 -310.1672 52.73364 -424.9227 -307.5281 52.73364 -430.4255 -304.2016 52.73364 -435.4873 -300.2359 52.73364 -440.0341 -295.6891 52.73364 -443.9997 -290.6274 52.73364 -447.3263 -285.1245 52.73364 -449.9654 -279.2608 52.73364 -451.8784 -273.1218 52.73364 -406.7758 -314.7274 53.59917 -413.2787 -313.5357 53.59917 -419.5906 -311.5688 53.59917 -425.6194 -308.8555 53.59917 -431.2771 -305.4353 53.59917 -436.4813 -301.358 53.59917 -441.1562 -296.6832 53.59917 -445.2334 -291.4789 53.59917 -448.6537 -285.8212 53.59917 -451.367 -279.7924 53.59917 -453.3338 -273.4805 53.59917 -406.924 -315.9475 54.81801 -413.5729 -314.729 54.81801 -420.0264 -312.718 54.81801 -426.1905 -309.9438 54.81801 -431.9753 -306.4468 54.81801 -437.2964 -302.278 54.81801 -442.0762 -297.4982 54.81801 -446.2449 -292.1771 54.81801 -449.742 -286.3924 54.81801 -452.5162 -280.2283 54.81801 -454.5272 -273.7747 54.81801 -407.0298 -316.8192 56.30976 -413.783 -315.5816 56.30976 -420.3378 -313.539 56.30976 -426.5986 -310.7213 56.30976 -432.4741 -307.1694 56.30976 -437.8786 -302.9352 56.30976 -442.7334 -298.0805 56.30976 -446.9676 -292.6759 56.30976 -450.5195 -286.8004 56.30976 -453.3372 -280.5396 56.30976 -455.3798 -273.9848 56.30976 -407.0863 -317.2848 57.97596 -413.8952 -316.037 57.97596 -420.5041 -313.9776 57.97596 -426.8166 -311.1366 57.97596 -432.7406 -307.5554 57.97596 -438.1897 -303.2863 57.97596 -443.0845 -298.3915 57.97596 -447.3536 -292.9424 57.97596 -450.9348 -287.0184 57.97596 -453.7758 -280.7059 57.97596 -455.8352 -274.0971 57.97596 -407.0899 -317.3137 59.70669 -413.9022 -316.0653 59.70669 -420.5144 -314.0048 59.70669 -426.8301 -311.1624 59.70669 -432.7571 -307.5794 59.70669 -438.209 -303.3081 59.70669 -443.1063 -298.4108 59.70669 -447.3776 -292.9589 59.70669 -450.9606 -287.0319 59.70669 -453.803 -280.7163 59.70669 -455.8635 -274.104 59.70669 -407.0401 -316.904 61.38773 -413.8034 -315.6645 61.38773 -420.3681 -313.6189 61.38773 -426.6383 -310.7969 61.38773 -432.5226 -307.2397 61.38773 -437.9353 -302.9992 61.38773 -442.7973 -298.1371 61.38773 -447.0379 -292.7245 61.38773 -450.5951 -286.8401 61.38773 -453.4171 -280.5699 61.38773 -455.4627 -274.0053 61.38773 -406.9403 -316.0827 62.90817 -413.6054 -314.8612 62.90817 -420.0747 -312.8453 62.90817 -426.2538 -310.0643 62.90817 -432.0526 -306.5588 62.90817 -437.3866 -302.3799 62.90817 -442.1781 -297.5885 62.90817 -446.357 -292.2545 62.90817 -449.8625 -286.4556 62.90817 -452.6435 -280.2765 62.90817 -454.6594 -273.8073 62.90817 -406.7973 -314.9039 64.16767 -413.3213 -313.7083 64.16767 -419.6536 -311.7351 64.16767 -425.702 -309.013 64.16767 -431.3781 -305.5816 64.16767 -436.5993 -301.4911 64.16767 -441.2893 -296.8011 64.16767 -445.3798 -291.5799 64.16767 -448.8111 -285.9038 64.16767 -451.5333 -279.8555 64.16767 -453.5065 -273.5231 64.16767 -406.6202 -313.4455 65.08314 -412.9697 -312.2819 65.08314 -419.1327 -310.3615 65.08314 -425.0193 -307.7121 65.08314 -430.5436 -304.3726 65.08314 -435.6251 -300.3915 65.08314 -440.1897 -295.8269 65.08314 -444.1708 -290.7454 65.08314 -447.5103 -285.2211 65.08314 -450.1596 -279.3345 65.08314 -452.0801 -273.1715 65.08314 -406.4208 -311.8038 65.59416 -412.5739 -310.6762 65.59416 -418.5462 -308.8151 65.59416 -424.2507 -306.2478 65.59416 -429.6041 -303.0115 65.59416 -434.5284 -299.1536 65.59416 -438.9518 -294.7302 65.59416 -442.8097 -289.8059 65.59416 -446.0459 -284.4525 65.59416 -448.6133 -278.7481 65.59416 -450.4743 -272.7757 65.59416 442.4116 -260.3785 251.8766 442.4116 -206.3785 251.8766 439.8234 -260.3785 252.2173 442.4116 -152.3785 251.8766 442.4116 -98.37847 251.8766 444.8234 -98.37847 250.8776 444.8234 -44.37847 250.8776 446.8945 -44.37847 249.2884 446.8945 9.621535 249.2884 448.4836 9.621535 247.2173 448.4836 63.62153 247.2173 449.4826 63.62153 244.8055 449.4826 117.6215 244.8055 449.8234 279.6215 242.2173 449.4826 171.6215 244.8055 449.4826 225.6215 244.8055 448.4836 171.6215 247.2173 448.4836 225.6215 247.2173 446.8945 171.6215 249.2884 446.8945 225.6215 249.2884 444.8234 171.6215 250.8776 444.8234 225.6215 250.8776 442.4116 171.6215 251.8766 442.4116 225.6215 251.8766 439.8234 279.6215 252.2173 442.4116 279.6215 251.8766 444.8234 279.6215 250.8776 446.8945 279.6215 249.2884 448.4836 279.6215 247.2173 449.4826 279.6215 244.8055 444.8234 -206.3785 250.8776 444.8234 -260.3785 250.8776 446.8945 -206.3785 249.2884 446.8945 -260.3785 249.2884 448.4836 -206.3785 247.2173 448.4836 -260.3785 247.2173 449.4826 -206.3785 244.8055 449.4826 -260.3785 244.8055 449.8234 -260.3785 242.2173 449.4826 9.621535 244.8055 449.4826 -44.37847 244.8055 449.4826 -98.37847 244.8055 448.4836 -98.37847 247.2173 448.4836 -152.3785 247.2173 446.8945 -152.3785 249.2884 442.4116 9.621535 251.8766 442.4116 63.62153 251.8766 442.4116 117.6215 251.8766 444.8234 117.6215 250.8776 444.8234 -152.3785 250.8776 442.4116 -44.37847 251.8766 444.8234 9.621535 250.8776 444.8234 63.62153 250.8776 446.8945 63.62153 249.2884 446.8945 -98.37847 249.2884 448.4836 -44.37847 247.2173 446.8945 117.6215 249.2884 448.4836 117.6215 247.2173 449.4826 -152.3785 244.8055 399.8234 329.6215 242.2173 399.8234 329.2808 244.8055 406.3497 329.1938 242.2173 406.3052 328.856 244.8055 412.7643 327.9178 242.2173 412.6761 327.5887 244.8055 418.9575 325.8155 242.2173 418.8271 325.5007 244.8055 424.8234 322.9228 242.2173 424.653 322.6277 244.8055 430.2614 319.2892 242.2173 430.054 319.0189 244.8055 435.1787 314.9769 242.2173 434.9378 314.7359 244.8055 439.491 310.0596 242.2173 439.2207 309.8522 244.8055 443.1246 304.6215 242.2173 442.8295 304.4512 244.8055 446.0173 298.7557 242.2173 445.7025 298.6253 244.8055 448.1197 292.5625 242.2173 447.7905 292.4743 244.8055 449.3956 286.1479 242.2173 449.0578 286.1034 244.8055 448.0673 285.973 247.2173 446.4917 285.7655 249.2884 444.4384 285.4952 250.8776 442.0472 285.1804 251.8766 439.4162 285.3141 252.2173 440.9604 290.6442 251.8766 438.2031 290.8908 252.2173 439.1697 295.9194 251.8766 436.2087 296.2381 252.2173 436.7058 300.9156 251.8766 433.4735 301.2472 252.2173 433.6109 305.5476 251.8766 430.0534 305.816 252.2173 429.9378 309.7359 251.8766 426.0178 309.8515 252.2173 425.7494 313.409 251.8766 421.449 313.2717 252.2173 421.1175 316.504 251.8766 416.44 316.0068 252.2173 416.1212 318.9679 251.8766 411.0927 318.0013 252.2173 410.846 320.7586 251.8766 405.516 319.2144 252.2173 405.3822 321.8454 251.8766 399.8234 319.6215 252.2173 399.8234 322.2097 251.8766 405.697 324.2366 250.8776 399.8234 324.6215 250.8776 405.9674 326.2899 249.2884 399.8234 326.6926 249.2884 406.1748 327.8655 247.2173 399.8234 328.2818 247.2173 411.4702 323.0882 250.8776 417.0441 321.1961 250.8776 422.3234 318.5927 250.8776 427.2176 315.3224 250.8776 431.6432 311.4414 250.8776 435.5243 307.0158 250.8776 438.7945 302.1215 250.8776 441.398 296.8423 250.8776 443.29 291.2684 250.8776 412.0063 325.0887 249.2884 417.8367 323.1095 249.2884 423.3589 320.3863 249.2884 428.4784 316.9655 249.2884 433.1076 312.9058 249.2884 437.1674 308.2766 249.2884 440.5881 303.1571 249.2884 443.3114 297.6349 249.2884 445.2905 291.8044 249.2884 412.4176 326.6237 247.2173 418.4448 324.5778 247.2173 424.1535 321.7626 247.2173 429.4458 318.2263 247.2173 434.2314 314.0296 247.2173 438.4281 309.244 247.2173 441.9644 303.9517 247.2173 444.7796 298.243 247.2173 446.8256 292.2157 247.2173 -400.1766 329.2808 244.8055 -346.8433 329.2808 244.8055 -400.1766 329.6215 242.2173 -293.51 329.2808 244.8055 -240.1766 329.2808 244.8055 -240.1766 328.2818 247.2173 -186.8433 328.2818 247.2173 -186.8433 326.6926 249.2884 -133.51 326.6926 249.2884 -133.51 324.6215 250.8776 -80.17665 324.6215 250.8776 -80.17665 322.2097 251.8766 -26.84331 322.2097 251.8766 -400.1766 319.6215 252.2173 -346.8433 328.2818 247.2173 -400.1766 328.2818 247.2173 -346.8433 326.6926 249.2884 -400.1766 326.6926 249.2884 -346.8433 324.6215 250.8776 -400.1766 324.6215 250.8776 -346.8433 322.2097 251.8766 -400.1766 322.2097 251.8766 346.49 322.2097 251.8766 293.1567 322.2097 251.8766 239.8234 322.2097 251.8766 239.8234 324.6215 250.8776 186.49 324.6215 250.8776 186.49 326.6926 249.2884 133.1567 326.6926 249.2884 133.1567 328.2818 247.2173 79.82336 328.2818 247.2173 79.82336 329.2808 244.8055 26.49002 329.2808 244.8055 346.49 324.6215 250.8776 346.49 326.6926 249.2884 346.49 328.2818 247.2173 346.49 329.2808 244.8055 -293.51 328.2818 247.2173 -293.51 326.6926 249.2884 -293.51 324.6215 250.8776 -293.51 322.2097 251.8766 -186.8433 329.2808 244.8055 -133.51 329.2808 244.8055 -80.17665 329.2808 244.8055 -80.17665 328.2818 247.2173 -26.84331 328.2818 247.2173 -26.84331 326.6926 249.2884 26.49002 326.6926 249.2884 26.49002 324.6215 250.8776 79.82336 324.6215 250.8776 79.82336 322.2097 251.8766 133.1567 322.2097 251.8766 186.49 322.2097 251.8766 -133.51 328.2818 247.2173 -26.84331 329.2808 244.8055 26.49002 328.2818 247.2173 133.1567 329.2808 244.8055 186.49 329.2808 244.8055 239.8234 329.2808 244.8055 239.8234 328.2818 247.2173 293.1567 328.2818 247.2173 293.1567 326.6926 249.2884 186.49 328.2818 247.2173 293.1567 329.2808 244.8055 -240.1766 326.6926 249.2884 -186.8433 324.6215 250.8776 -133.51 322.2097 251.8766 -80.17665 326.6926 249.2884 79.82336 326.6926 249.2884 133.1567 324.6215 250.8776 239.8234 326.6926 249.2884 -240.1766 324.6215 250.8776 -240.1766 322.2097 251.8766 -26.84331 324.6215 250.8776 293.1567 324.6215 250.8776 -186.8433 322.2097 251.8766 26.49002 322.2097 251.8766 -450.1766 279.6215 242.2173 -449.8359 279.6215 244.8055 -449.7489 286.1479 242.2173 -449.4111 286.1034 244.8055 -448.4729 292.5625 242.2173 -448.1438 292.4743 244.8055 -446.3706 298.7557 242.2173 -446.0558 298.6253 244.8055 -443.4779 304.6215 242.2173 -443.1828 304.4512 244.8055 -439.8443 310.0596 242.2173 -439.574 309.8522 244.8055 -435.532 314.9769 242.2173 -435.2911 314.7359 244.8055 -430.6147 319.2892 242.2173 -430.4073 319.0189 244.8055 -425.1766 322.9228 242.2173 -425.0063 322.6277 244.8055 -419.3108 325.8155 242.2173 -419.1804 325.5007 244.8055 -413.1176 327.9178 242.2173 -413.0294 327.5887 244.8055 -406.703 329.1938 242.2173 -406.6585 328.856 244.8055 -406.5281 327.8655 247.2173 -406.3207 326.2899 249.2884 -406.0503 324.2366 250.8776 -405.7355 321.8454 251.8766 -405.8692 319.2144 252.2173 -411.1993 320.7586 251.8766 -411.446 318.0013 252.2173 -416.4744 318.9679 251.8766 -416.7933 316.0068 252.2173 -421.4707 316.504 251.8766 -421.8023 313.2717 252.2173 -426.1027 313.409 251.8766 -426.3711 309.8515 252.2173 -430.2911 309.7359 251.8766 -430.4066 305.816 252.2173 -433.9641 305.5476 251.8766 -433.8268 301.2472 252.2173 -437.0591 300.9156 251.8766 -436.5619 296.2381 252.2173 -439.523 295.9194 251.8766 -438.5564 290.8908 252.2173 -441.3137 290.6442 251.8766 -439.7695 285.3141 252.2173 -442.4005 285.1804 251.8766 -440.1766 279.6215 252.2173 -442.7648 279.6215 251.8766 -444.7917 285.4952 250.8776 -445.1766 279.6215 250.8776 -446.845 285.7655 249.2884 -447.2477 279.6215 249.2884 -448.4206 285.973 247.2173 -448.8369 279.6215 247.2173 -443.6433 291.2684 250.8776 -441.7512 296.8423 250.8776 -439.1478 302.1215 250.8776 -435.8775 307.0158 250.8776 -431.9965 311.4414 250.8776 -427.5709 315.3224 250.8776 -422.6766 318.5927 250.8776 -417.3974 321.1961 250.8776 -411.8235 323.0882 250.8776 -445.6438 291.8044 249.2884 -443.6647 297.6349 249.2884 -440.9414 303.1571 249.2884 -437.5206 308.2766 249.2884 -433.4609 312.9058 249.2884 -428.8317 316.9655 249.2884 -423.7122 320.3863 249.2884 -418.19 323.1095 249.2884 -412.3595 325.0887 249.2884 -447.1788 292.2157 247.2173 -445.1329 298.243 247.2173 -442.3177 303.9517 247.2173 -438.7814 309.244 247.2173 -434.5846 314.0296 247.2173 -429.7991 318.2263 247.2173 -424.5068 321.7626 247.2173 -418.7981 324.5778 247.2173 -412.7709 326.6237 247.2173 -449.8359 -260.3785 244.8055 -449.8359 -206.3785 244.8055 -450.1766 -260.3785 242.2173 -449.8359 -152.3785 244.8055 -449.8359 -98.37847 244.8055 -448.8369 -98.37847 247.2173 -448.8369 -44.37847 247.2173 -447.2477 -44.37847 249.2884 -447.2477 9.621535 249.2884 -445.1766 9.621535 250.8776 -445.1766 63.62153 250.8776 -442.7648 63.62153 251.8766 -442.7648 117.6215 251.8766 -442.7648 171.6215 251.8766 -442.7648 225.6215 251.8766 -445.1766 171.6215 250.8776 -445.1766 225.6215 250.8776 -447.2477 171.6215 249.2884 -447.2477 225.6215 249.2884 -448.8369 171.6215 247.2173 -448.8369 225.6215 247.2173 -449.8359 171.6215 244.8055 -449.8359 225.6215 244.8055 -448.8369 -206.3785 247.2173 -448.8369 -260.3785 247.2173 -447.2477 -206.3785 249.2884 -447.2477 -260.3785 249.2884 -445.1766 -206.3785 250.8776 -445.1766 -260.3785 250.8776 -442.7648 -206.3785 251.8766 -442.7648 -260.3785 251.8766 -440.1766 -260.3785 252.2173 -442.7648 9.621535 251.8766 -442.7648 -44.37847 251.8766 -442.7648 -98.37847 251.8766 -445.1766 -98.37847 250.8776 -445.1766 -152.3785 250.8776 -447.2477 -152.3785 249.2884 -449.8359 9.621535 244.8055 -449.8359 63.62153 244.8055 -449.8359 117.6215 244.8055 -448.8369 117.6215 247.2173 -448.8369 -152.3785 247.2173 -449.8359 -44.37847 244.8055 -448.8369 9.621535 247.2173 -448.8369 63.62153 247.2173 -447.2477 63.62153 249.2884 -447.2477 -98.37847 249.2884 -445.1766 -44.37847 250.8776 -447.2477 117.6215 249.2884 -445.1766 117.6215 250.8776 -442.7648 -152.3785 251.8766 -400.1766 -310.3785 242.2173 -400.1766 -310.0377 244.8055 -406.703 -309.9507 242.2173 -406.6585 -309.6129 244.8055 -413.1176 -308.6748 242.2173 -413.0294 -308.3457 244.8055 -419.3108 -306.5725 242.2173 -419.1804 -306.2576 244.8055 -425.1766 -303.6798 242.2173 -425.0063 -303.3847 244.8055 -430.6147 -300.0462 242.2173 -430.4073 -299.7758 244.8055 -435.532 -295.7338 242.2173 -435.2911 -295.4929 244.8055 -439.8443 -290.8165 242.2173 -439.574 -290.6091 244.8055 -443.4779 -285.3785 242.2173 -443.1828 -285.2081 244.8055 -446.3706 -279.5126 242.2173 -446.0558 -279.3822 244.8055 -448.4729 -273.3194 242.2173 -448.1438 -273.2312 244.8055 -449.7489 -266.9048 242.2173 -449.4111 -266.8603 244.8055 -448.4206 -266.7299 247.2173 -446.845 -266.5225 249.2884 -444.7917 -266.2521 250.8776 -442.4005 -265.9374 251.8766 -439.7695 -266.0711 252.2173 -441.3137 -271.4011 251.8766 -438.5564 -271.6478 252.2173 -439.523 -276.6763 251.8766 -436.5619 -276.9951 252.2173 -437.0591 -281.6726 251.8766 -433.8268 -282.0041 252.2173 -433.9641 -286.3045 251.8766 -430.4066 -286.5729 252.2173 -430.2911 -290.4929 251.8766 -426.3711 -290.6085 252.2173 -426.1027 -294.166 251.8766 -421.8023 -294.0286 252.2173 -421.4707 -297.2609 251.8766 -416.7933 -296.7637 252.2173 -416.4744 -299.7248 251.8766 -411.446 -298.7582 252.2173 -411.1993 -301.5155 251.8766 -405.8692 -299.9713 252.2173 -405.7355 -302.6023 251.8766 -400.1766 -300.3785 252.2173 -400.1766 -302.9667 251.8766 -406.0503 -304.9935 250.8776 -400.1766 -305.3785 250.8776 -406.3207 -307.0469 249.2884 -400.1766 -307.4495 249.2884 -406.5281 -308.6224 247.2173 -400.1766 -309.0387 247.2173 -411.8235 -303.8451 250.8776 -417.3974 -301.953 250.8776 -422.6766 -299.3496 250.8776 -427.5709 -296.0794 250.8776 -431.9965 -292.1983 250.8776 -435.8775 -287.7727 250.8776 -439.1478 -282.8785 250.8776 -441.7512 -277.5992 250.8776 -443.6433 -272.0253 250.8776 -412.3595 -305.8457 249.2884 -418.19 -303.8665 249.2884 -423.7122 -301.1432 249.2884 -428.8317 -297.7225 249.2884 -433.4609 -293.6628 249.2884 -437.5206 -289.0335 249.2884 -440.9414 -283.914 249.2884 -443.6647 -278.3918 249.2884 -445.6438 -272.5614 249.2884 -412.7709 -307.3807 247.2173 -418.7981 -305.3347 247.2173 -424.5068 -302.5195 247.2173 -429.7991 -298.9833 247.2173 -434.5846 -294.7865 247.2173 -438.7814 -290.001 247.2173 -442.3177 -284.7086 247.2173 -445.1329 -279 247.2173 -447.1788 -272.9727 247.2173 399.8234 -310.0377 244.8055 346.49 -310.0377 244.8055 399.8234 -310.3785 242.2173 293.1567 -310.0377 244.8055 239.8234 -310.0377 244.8055 239.8234 -309.0387 247.2173 186.49 -309.0387 247.2173 186.49 -307.4495 249.2884 133.1567 -307.4495 249.2884 133.1567 -305.3785 250.8776 79.82336 -305.3785 250.8776 79.82336 -302.9667 251.8766 26.49002 -302.9667 251.8766 399.8234 -300.3785 252.2173 346.49 -309.0387 247.2173 399.8234 -309.0387 247.2173 346.49 -307.4495 249.2884 399.8234 -307.4495 249.2884 346.49 -305.3785 250.8776 399.8234 -305.3785 250.8776 346.49 -302.9667 251.8766 399.8234 -302.9667 251.8766 -346.8433 -302.9667 251.8766 -293.51 -302.9667 251.8766 -240.1766 -302.9667 251.8766 -240.1766 -305.3785 250.8776 -186.8433 -305.3785 250.8776 -186.8433 -307.4495 249.2884 -133.51 -307.4495 249.2884 -133.51 -309.0387 247.2173 -80.17665 -309.0387 247.2173 -80.17665 -310.0377 244.8055 -26.84331 -310.0377 244.8055 -346.8433 -305.3785 250.8776 -346.8433 -307.4495 249.2884 -346.8433 -309.0387 247.2173 -346.8433 -310.0377 244.8055 293.1567 -309.0387 247.2173 293.1567 -307.4495 249.2884 293.1567 -305.3785 250.8776 293.1567 -302.9667 251.8766 186.49 -310.0377 244.8055 133.1567 -310.0377 244.8055 79.82336 -310.0377 244.8055 79.82336 -309.0387 247.2173 26.49002 -309.0387 247.2173 26.49002 -307.4495 249.2884 -26.84331 -307.4495 249.2884 -26.84331 -305.3785 250.8776 -80.17665 -305.3785 250.8776 -80.17665 -302.9667 251.8766 -133.51 -302.9667 251.8766 -186.8433 -302.9667 251.8766 133.1567 -309.0387 247.2173 26.49002 -310.0377 244.8055 -26.84331 -309.0387 247.2173 -133.51 -310.0377 244.8055 -186.8433 -310.0377 244.8055 -240.1766 -310.0377 244.8055 -240.1766 -309.0387 247.2173 -293.51 -309.0387 247.2173 -293.51 -307.4495 249.2884 -186.8433 -309.0387 247.2173 -293.51 -310.0377 244.8055 239.8234 -307.4495 249.2884 186.49 -305.3785 250.8776 133.1567 -302.9667 251.8766 79.82336 -307.4495 249.2884 -80.17665 -307.4495 249.2884 -133.51 -305.3785 250.8776 -240.1766 -307.4495 249.2884 239.8234 -305.3785 250.8776 239.8234 -302.9667 251.8766 26.49002 -305.3785 250.8776 -293.51 -305.3785 250.8776 186.49 -302.9667 251.8766 -26.84331 -302.9667 251.8766 449.3956 -266.9048 242.2173 449.0578 -266.8603 244.8055 448.1197 -273.3194 242.2173 447.7905 -273.2312 244.8055 446.0173 -279.5126 242.2173 445.7025 -279.3822 244.8055 443.1246 -285.3785 242.2173 442.8295 -285.2081 244.8055 439.491 -290.8165 242.2173 439.2207 -290.6091 244.8055 435.1787 -295.7338 242.2173 434.9378 -295.4929 244.8055 430.2614 -300.0462 242.2173 430.054 -299.7758 244.8055 424.8234 -303.6798 242.2173 424.653 -303.3847 244.8055 418.9575 -306.5725 242.2173 418.8271 -306.2576 244.8055 412.7643 -308.6748 242.2173 412.6761 -308.3457 244.8055 406.3497 -309.9507 242.2173 406.3052 -309.6129 244.8055 406.1748 -308.6224 247.2173 405.9674 -307.0469 249.2884 405.697 -304.9935 250.8776 405.3822 -302.6023 251.8766 405.516 -299.9713 252.2173 410.846 -301.5155 251.8766 411.0927 -298.7582 252.2173 416.1212 -299.7248 251.8766 416.44 -296.7637 252.2173 421.1175 -297.2609 251.8766 421.449 -294.0286 252.2173 425.7494 -294.166 251.8766 426.0178 -290.6085 252.2173 429.9378 -290.4929 251.8766 430.0534 -286.5729 252.2173 433.6109 -286.3045 251.8766 433.4735 -282.0041 252.2173 436.7058 -281.6726 251.8766 436.2087 -276.9951 252.2173 439.1697 -276.6763 251.8766 438.2031 -271.6478 252.2173 440.9604 -271.4011 251.8766 439.4162 -266.0711 252.2173 442.0472 -265.9374 251.8766 444.4384 -266.2521 250.8776 446.4917 -266.5225 249.2884 448.0673 -266.7299 247.2173 443.29 -272.0253 250.8776 441.398 -277.5992 250.8776 438.7945 -282.8785 250.8776 435.5243 -287.7727 250.8776 431.6432 -292.1983 250.8776 427.2176 -296.0794 250.8776 422.3234 -299.3496 250.8776 417.0441 -301.953 250.8776 411.4702 -303.8451 250.8776 445.2905 -272.5614 249.2884 443.3114 -278.3918 249.2884 440.5881 -283.914 249.2884 437.1674 -289.0335 249.2884 433.1076 -293.6628 249.2884 428.4784 -297.7225 249.2884 423.3589 -301.1432 249.2884 417.8367 -303.8665 249.2884 412.0063 -305.8457 249.2884 446.8256 -272.9727 247.2173 444.7796 -279 247.2173 441.9644 -284.7086 247.2173 438.4281 -290.001 247.2173 434.2314 -294.7865 247.2173 429.4458 -298.9833 247.2173 424.1535 -302.5195 247.2173 418.4448 -305.3347 247.2173 412.4176 -307.3807 247.2173 -450.1766 279.6215 52.21733 -449.7489 286.1479 147.2173 -448.4729 292.5625 147.2173 -446.3706 298.7557 147.2173 -443.4779 304.6215 147.2173 -439.8443 310.0596 147.2173 -435.532 314.9769 147.2173 -430.6147 319.2892 147.2173 -425.1766 322.9228 147.2173 -419.3108 325.8155 147.2173 -413.1176 327.9178 147.2173 -406.703 329.1938 147.2173 -400.1766 329.6215 52.21733 -406.703 329.1938 52.21733 -413.1176 327.9178 52.21733 -419.3108 325.8155 52.21733 -425.1766 322.9228 52.21733 -430.6147 319.2892 52.21733 -435.532 314.9769 52.21733 -439.8443 310.0596 52.21733 -443.4779 304.6215 52.21733 -446.3706 298.7557 52.21733 -448.4729 292.5625 52.21733 -449.7489 286.1479 52.21733 -4.829174 329.6215 202.1091 -14.09395 329.6215 201.2441 -23.23823 329.6215 199.5218 399.8234 329.6215 52.21733 91.64497 329.6215 141.8253 87.5659 329.6215 150.1886 82.72711 329.6215 158.1366 86.4259 329.6215 52.21733 90.69847 329.6215 60.48349 94.18421 329.6215 69.111 96.85293 329.6215 78.02515 98.68153 329.6215 87.14877 99.65418 329.6215 96.40286 99.76244 329.6215 105.7073 99.0054 329.6215 114.9815 97.38959 329.6215 124.1452 94.92901 329.6215 133.119 77.17052 329.6215 165.6004 70.94422 329.6215 172.5154 64.10212 329.6215 178.8218 56.70347 329.6215 184.4648 48.81233 329.6215 189.3958 40.49702 329.6215 193.5719 31.82954 329.6215 196.957 22.88494 329.6215 199.5218 13.74067 329.6215 201.2441 4.475888 329.6215 202.1091 -32.18283 329.6215 196.957 -40.85031 329.6215 193.5719 -49.16561 329.6215 189.3958 -57.05675 329.6215 184.4648 -64.45541 329.6215 178.8218 -71.2975 329.6215 172.5154 -77.52381 329.6215 165.6004 -83.0804 329.6215 158.1366 -87.91918 329.6215 150.1886 -91.99826 329.6215 141.8253 -95.2823 329.6215 133.119 -97.74288 329.6215 124.1452 -99.35868 329.6215 114.9815 -100.1157 329.6215 105.7073 -100.0075 329.6215 96.40286 -99.03482 329.6215 87.14877 -97.20622 329.6215 78.02515 -94.53749 329.6215 69.111 -91.05176 329.6215 60.48349 -86.77919 329.6215 52.21733 406.3497 329.1938 147.2173 412.7643 327.9178 147.2173 418.9575 325.8155 147.2173 424.8234 322.9228 147.2173 430.2614 319.2892 147.2173 435.1787 314.9769 147.2173 439.491 310.0596 147.2173 443.1246 304.6215 147.2173 446.0173 298.7557 147.2173 448.1197 292.5625 147.2173 449.3956 286.1479 147.2173 449.8234 279.6215 52.21733 449.3956 286.1479 52.21733 448.1197 292.5625 52.21733 446.0173 298.7557 52.21733 443.1246 304.6215 52.21733 439.491 310.0596 52.21733 435.1787 314.9769 52.21733 430.2614 319.2892 52.21733 424.8234 322.9228 52.21733 418.9575 325.8155 52.21733 412.7643 327.9178 52.21733 406.3497 329.1938 52.21733 449.8234 9.621535 229.7173 449.8234 79.62154 229.7173 449.8234 81.56268 229.4618 449.8234 -260.3785 52.21733 449.8234 -62.31961 214.9729 449.8234 -64.12847 215.7221 449.8234 -65.68177 216.914 449.8234 9.621535 214.7173 449.8234 -60.37847 214.7173 449.8234 81.56268 214.9729 449.8234 79.62154 214.7173 449.8234 11.56268 214.9729 449.8234 77.68039 214.9729 449.8234 13.37153 215.7221 449.8234 75.87154 215.7221 449.8234 14.92483 216.914 449.8234 74.31823 216.914 449.8234 16.11672 218.4673 449.8234 73.12635 218.4673 449.8234 16.86598 220.2762 449.8234 72.37709 220.2762 449.8234 17.12153 222.2173 449.8234 72.12154 222.2173 449.8234 16.86598 224.1585 449.8234 72.37709 224.1585 449.8234 16.11672 225.9673 449.8234 73.12635 225.9673 449.8234 14.92483 227.5206 449.8234 74.31823 227.5206 449.8234 13.37153 228.7125 449.8234 75.87154 228.7125 449.8234 11.56268 229.4618 449.8234 77.68039 229.4618 449.8234 -67.62291 220.2762 449.8234 -67.87847 222.2173 449.8234 -67.62291 224.1585 449.8234 -66.87366 225.9673 449.8234 -65.68177 227.5206 449.8234 -64.12847 228.7125 449.8234 -62.31961 229.4618 449.8234 -60.37847 229.7173 449.8234 7.68039 229.4618 449.8234 -58.43732 229.4618 449.8234 5.871533 228.7125 449.8234 -56.62847 228.7125 449.8234 4.318232 227.5206 449.8234 -55.07516 227.5206 449.8234 3.126343 225.9673 449.8234 -53.88328 225.9673 449.8234 2.377089 224.1585 449.8234 -53.13402 224.1585 449.8234 2.121533 222.2173 449.8234 -52.87847 222.2173 449.8234 2.377089 220.2762 449.8234 -53.13402 220.2762 449.8234 3.126343 218.4673 449.8234 -53.88328 218.4673 449.8234 4.318232 216.914 449.8234 -55.07516 216.914 449.8234 5.871533 215.7221 449.8234 -56.62847 215.7221 449.8234 7.68039 214.9729 449.8234 -58.43732 214.9729 449.8234 -66.87366 218.4673 449.8234 83.37154 228.7125 449.8234 84.92484 227.5206 449.8234 86.11672 225.9673 449.8234 86.86598 224.1585 449.8234 87.12154 222.2173 449.8234 86.86598 220.2762 449.8234 86.11672 218.4673 449.8234 84.92484 216.914 449.8234 83.37154 215.7221 440.8234 72.37709 220.2762 440.8234 72.12154 222.2173 440.8234 72.37709 224.1585 440.8234 73.12635 225.9673 440.8234 74.31823 227.5206 440.8234 75.87154 228.7125 440.8234 77.68039 229.4618 440.8234 79.62154 229.7173 440.8234 81.56268 229.4618 440.8234 83.37154 228.7125 440.8234 84.92484 227.5206 440.8234 86.11672 225.9673 440.8234 86.86598 224.1585 440.8234 87.12154 222.2173 440.8234 86.86598 220.2762 440.8234 86.11672 218.4673 440.8234 84.92484 216.914 440.8234 83.37154 215.7221 440.8234 81.56268 214.9729 440.8234 79.62154 214.7173 440.8234 77.68039 214.9729 440.8234 75.87154 215.7221 440.8234 74.31823 216.914 440.8234 73.12635 218.4673 440.8234 2.377089 220.2762 440.8234 2.121533 222.2173 440.8234 2.377089 224.1585 440.8234 3.126343 225.9673 440.8234 4.318232 227.5206 440.8234 5.871533 228.7125 440.8234 7.68039 229.4618 440.8234 9.621535 229.7173 440.8234 11.56268 229.4618 440.8234 13.37153 228.7125 440.8234 14.92483 227.5206 440.8234 16.11672 225.9673 440.8234 16.86598 224.1585 440.8234 17.12153 222.2173 440.8234 16.86598 220.2762 440.8234 16.11672 218.4673 440.8234 14.92483 216.914 440.8234 13.37153 215.7221 440.8234 11.56268 214.9729 440.8234 9.621535 214.7173 440.8234 7.68039 214.9729 440.8234 5.871533 215.7221 440.8234 4.318232 216.914 440.8234 3.126343 218.4673 440.8234 -67.62291 220.2762 440.8234 -67.87847 222.2173 440.8234 -67.62291 224.1585 440.8234 -66.87366 225.9673 440.8234 -65.68177 227.5206 440.8234 -64.12847 228.7125 440.8234 -62.31961 229.4618 440.8234 -60.37847 229.7173 440.8234 -58.43732 229.4618 440.8234 -56.62847 228.7125 440.8234 -55.07516 227.5206 440.8234 -53.88328 225.9673 440.8234 -53.13402 224.1585 440.8234 -52.87847 222.2173 440.8234 -53.13402 220.2762 440.8234 -53.88328 218.4673 440.8234 -55.07516 216.914 440.8234 -56.62847 215.7221 440.8234 -58.43732 214.9729 440.8234 -60.37847 214.7173 440.8234 -62.31961 214.9729 440.8234 -64.12847 215.7221 440.8234 -65.68177 216.914 440.8234 -66.87366 218.4673 -9.835903 279.6215 104.8055 -9.835903 225.6215 104.8055 -10.17664 279.6215 102.2173 -10.17664 225.6215 102.2173 -9.835903 279.6215 99.62915 -9.835903 225.6215 99.62915 -8.836897 279.6215 97.21734 -8.836897 225.6215 97.21734 -7.247711 279.6215 95.14627 -7.247711 225.6215 95.14627 -5.176643 279.6215 93.55709 -5.176643 225.6215 93.55709 -2.764834 279.6215 92.55808 -2.764834 225.6215 92.55808 -0.1766433 279.6215 92.21734 -0.1766433 225.6215 92.21734 2.411547 279.6215 92.55808 2.411547 225.6215 92.55808 4.823357 279.6215 93.55709 4.823357 225.6215 93.55709 6.894424 279.6215 95.14627 6.894424 225.6215 95.14627 8.483613 279.6215 97.21734 8.483613 225.6215 97.21734 9.482615 279.6215 99.62915 9.482615 225.6215 99.62915 9.823357 279.6215 102.2173 9.823357 225.6215 102.2173 9.482615 279.6215 104.8055 9.482615 225.6215 104.8055 8.483613 279.6215 107.2173 8.483613 225.6215 107.2173 6.894424 279.6215 109.2884 6.894424 225.6215 109.2884 4.823357 279.6215 110.8776 4.823357 225.6215 110.8776 2.411547 279.6215 111.8766 2.411547 225.6215 111.8766 -0.1766433 279.6215 112.2173 -0.1766433 225.6215 112.2173 -2.764834 279.6215 111.8766 -2.764834 225.6215 111.8766 -5.176643 279.6215 110.8776 -5.176643 225.6215 110.8776 -7.247711 279.6215 109.2884 -7.247711 225.6215 109.2884 -8.836897 279.6215 107.2173 -8.836897 225.6215 107.2173 -9.835903 -260.3785 99.62915 -9.835903 -206.3785 99.62915 -10.17664 -260.3785 102.2173 -10.17664 -206.3785 102.2173 -9.835903 -260.3785 104.8055 -9.835903 -206.3785 104.8055 -8.836897 -260.3785 107.2173 -8.836897 -206.3785 107.2173 -7.247711 -260.3785 109.2884 -7.247711 -206.3785 109.2884 -5.176643 -260.3785 110.8776 -5.176643 -206.3785 110.8776 -2.764834 -260.3785 111.8766 -2.764834 -206.3785 111.8766 -0.1766433 -260.3785 112.2173 -0.1766433 -206.3785 112.2173 2.411547 -260.3785 111.8766 2.411547 -206.3785 111.8766 4.823357 -260.3785 110.8776 4.823357 -206.3785 110.8776 6.894424 -260.3785 109.2884 6.894424 -206.3785 109.2884 8.483613 -260.3785 107.2173 8.483613 -206.3785 107.2173 9.482615 -260.3785 104.8055 9.482615 -206.3785 104.8055 9.823357 -260.3785 102.2173 9.823357 -206.3785 102.2173 9.482615 -260.3785 99.62915 9.482615 -206.3785 99.62915 8.483613 -260.3785 97.21734 8.483613 -206.3785 97.21734 6.894424 -260.3785 95.14627 6.894424 -206.3785 95.14627 4.823357 -260.3785 93.55709 4.823357 -206.3785 93.55709 2.411547 -260.3785 92.55808 2.411547 -206.3785 92.55808 -0.1766433 -260.3785 92.21734 -0.1766433 -206.3785 92.21734 -2.764834 -260.3785 92.55808 -2.764834 -206.3785 92.55808 -5.176643 -260.3785 93.55709 -5.176643 -206.3785 93.55709 -7.247711 -260.3785 95.14627 -7.247711 -206.3785 95.14627 -8.836897 -260.3785 97.21734 -8.836897 -206.3785 97.21734 -10.17664 171.6215 102.2173 -9.835903 171.6215 99.62915 -8.836897 171.6215 97.21734 -7.247711 171.6215 95.14627 -5.176643 171.6215 93.55709 -2.764834 171.6215 92.55808 -0.1766433 171.6215 92.21734 2.411547 171.6215 92.55808 4.823357 171.6215 93.55709 6.894424 171.6215 95.14627 8.483613 171.6215 97.21734 9.482615 171.6215 99.62915 9.823357 171.6215 102.2173 9.482615 171.6215 104.8055 8.483613 171.6215 107.2173 6.894424 171.6215 109.2884 4.823357 171.6215 110.8776 2.411547 171.6215 111.8766 -0.1766433 171.6215 112.2173 -2.764834 171.6215 111.8766 -5.176643 171.6215 110.8776 -7.247711 171.6215 109.2884 -8.836897 171.6215 107.2173 -9.835903 171.6215 104.8055 -10.17664 117.6215 102.2173 -9.835903 117.6215 99.62915 -8.836897 117.6215 97.21734 -7.247711 117.6215 95.14627 -5.176643 117.6215 93.55709 -2.764834 117.6215 92.55808 -0.1766433 117.6215 92.21734 2.411547 117.6215 92.55808 4.823357 117.6215 93.55709 6.894424 117.6215 95.14627 8.483613 117.6215 97.21734 9.482615 117.6215 99.62915 9.823357 117.6215 102.2173 9.482615 117.6215 104.8055 8.483613 117.6215 107.2173 6.894424 117.6215 109.2884 4.823357 117.6215 110.8776 2.411547 117.6215 111.8766 -0.1766433 117.6215 112.2173 -2.764834 117.6215 111.8766 -5.176643 117.6215 110.8776 -7.247711 117.6215 109.2884 -8.836897 117.6215 107.2173 -9.835903 117.6215 104.8055 -10.17664 63.62153 102.2173 -9.835903 63.62153 99.62915 -8.836897 63.62153 97.21734 -7.247711 63.62153 95.14627 -5.176643 63.62153 93.55709 -2.764834 63.62153 92.55808 -0.1766433 63.62153 92.21734 2.411547 63.62153 92.55808 4.823357 63.62153 93.55709 6.894424 63.62153 95.14627 8.483613 63.62153 97.21734 9.482615 63.62153 99.62915 9.823357 63.62153 102.2173 9.482615 63.62153 104.8055 8.483613 63.62153 107.2173 6.894424 63.62153 109.2884 4.823357 63.62153 110.8776 2.411547 63.62153 111.8766 -0.1766433 63.62153 112.2173 -2.764834 63.62153 111.8766 -5.176643 63.62153 110.8776 -7.247711 63.62153 109.2884 -8.836897 63.62153 107.2173 -9.835903 63.62153 104.8055 -10.17664 9.621535 102.2173 -9.835903 9.621535 99.62915 -8.836897 9.621535 97.21734 -7.247711 9.621535 95.14627 -5.176643 9.621535 93.55709 -2.764834 9.621535 92.55808 -0.1766433 9.621535 92.21734 2.411547 9.621535 92.55808 4.823357 9.621535 93.55709 6.894424 9.621535 95.14627 8.483613 9.621535 97.21734 9.482615 9.621535 99.62915 9.823357 9.621535 102.2173 9.482615 9.621535 104.8055 8.483613 9.621535 107.2173 6.894424 9.621535 109.2884 4.823357 9.621535 110.8776 2.411547 9.621535 111.8766 -0.1766433 9.621535 112.2173 -2.764834 9.621535 111.8766 -5.176643 9.621535 110.8776 -7.247711 9.621535 109.2884 -8.836897 9.621535 107.2173 -9.835903 9.621535 104.8055 -10.17664 -44.37847 102.2173 -9.835903 -44.37847 99.62915 -8.836897 -44.37847 97.21734 -7.247711 -44.37847 95.14627 -5.176643 -44.37847 93.55709 -2.764834 -44.37847 92.55808 -0.1766433 -44.37847 92.21734 2.411547 -44.37847 92.55808 4.823357 -44.37847 93.55709 6.894424 -44.37847 95.14627 8.483613 -44.37847 97.21734 9.482615 -44.37847 99.62915 9.823357 -44.37847 102.2173 9.482615 -44.37847 104.8055 8.483613 -44.37847 107.2173 6.894424 -44.37847 109.2884 4.823357 -44.37847 110.8776 2.411547 -44.37847 111.8766 -0.1766433 -44.37847 112.2173 -2.764834 -44.37847 111.8766 -5.176643 -44.37847 110.8776 -7.247711 -44.37847 109.2884 -8.836897 -44.37847 107.2173 -9.835903 -44.37847 104.8055 -10.17664 -98.37847 102.2173 -9.835903 -98.37847 99.62915 -8.836897 -98.37847 97.21734 -7.247711 -98.37847 95.14627 -5.176643 -98.37847 93.55709 -2.764834 -98.37847 92.55808 -0.1766433 -98.37847 92.21734 2.411547 -98.37847 92.55808 4.823357 -98.37847 93.55709 6.894424 -98.37847 95.14627 8.483613 -98.37847 97.21734 9.482615 -98.37847 99.62915 9.823357 -98.37847 102.2173 9.482615 -98.37847 104.8055 8.483613 -98.37847 107.2173 6.894424 -98.37847 109.2884 4.823357 -98.37847 110.8776 2.411547 -98.37847 111.8766 -0.1766433 -98.37847 112.2173 -2.764834 -98.37847 111.8766 -5.176643 -98.37847 110.8776 -7.247711 -98.37847 109.2884 -8.836897 -98.37847 107.2173 -9.835903 -98.37847 104.8055 -10.17664 -152.3785 102.2173 -9.835903 -152.3785 99.62915 -8.836897 -152.3785 97.21734 -7.247711 -152.3785 95.14627 -5.176643 -152.3785 93.55709 -2.764834 -152.3785 92.55808 -0.1766433 -152.3785 92.21734 2.411547 -152.3785 92.55808 4.823357 -152.3785 93.55709 6.894424 -152.3785 95.14627 8.483613 -152.3785 97.21734 9.482615 -152.3785 99.62915 9.823357 -152.3785 102.2173 9.482615 -152.3785 104.8055 8.483613 -152.3785 107.2173 6.894424 -152.3785 109.2884 4.823357 -152.3785 110.8776 2.411547 -152.3785 111.8766 -0.1766433 -152.3785 112.2173 -2.764834 -152.3785 111.8766 -5.176643 -152.3785 110.8776 -7.247711 -152.3785 109.2884 -8.836897 -152.3785 107.2173 -9.835903 -152.3785 104.8055 -86.77919 279.6215 52.21733 -91.05176 279.6215 60.48349 -94.53749 279.6215 69.111 -97.20622 279.6215 78.02515 -99.03482 279.6215 87.14877 -100.0075 279.6215 96.40286 -100.1157 279.6215 105.7073 -99.35868 279.6215 114.9815 -97.74288 279.6215 124.1452 -95.2823 279.6215 133.119 -91.99826 279.6215 141.8253 -87.91918 279.6215 150.1886 -83.0804 279.6215 158.1366 -77.52381 279.6215 165.6004 -71.2975 279.6215 172.5154 -64.45541 279.6215 178.8218 -57.05675 279.6215 184.4648 -49.16561 279.6215 189.3958 -40.85031 279.6215 193.5719 -32.18283 279.6215 196.957 -23.23823 279.6215 199.5218 -14.09395 279.6215 201.2441 -4.829174 279.6215 202.1091 4.475888 279.6215 202.1091 13.74067 279.6215 201.2441 22.88494 279.6215 199.5218 31.82954 279.6215 196.957 40.49702 279.6215 193.5719 48.81233 279.6215 189.3958 56.70347 279.6215 184.4648 64.10212 279.6215 178.8218 70.94422 279.6215 172.5154 77.17052 279.6215 165.6004 82.72711 279.6215 158.1366 87.5659 279.6215 150.1886 91.64497 279.6215 141.8253 94.92901 279.6215 133.119 97.38959 279.6215 124.1452 99.0054 279.6215 114.9815 99.76244 279.6215 105.7073 99.65418 279.6215 96.40286 98.68153 279.6215 87.14877 96.85293 279.6215 78.02515 94.18421 279.6215 69.111 90.69847 279.6215 60.48349 86.4259 279.6215 52.21733 86.4259 -260.3785 52.21733 86.4259 -310.3785 52.21733 90.69847 -260.3785 60.48349 90.69847 -310.3785 60.48349 94.18421 -260.3785 69.111 94.18421 -310.3785 69.111 96.85293 -260.3785 78.02515 96.85293 -310.3785 78.02515 98.68153 -260.3785 87.14877 98.68153 -310.3785 87.14877 99.65418 -260.3785 96.40286 99.65418 -310.3785 96.40286 99.76244 -260.3785 105.7073 99.76244 -310.3785 105.7073 99.0054 -260.3785 114.9815 99.0054 -310.3785 114.9815 97.38959 -260.3785 124.1452 97.38959 -310.3785 124.1452 94.92901 -260.3785 133.119 94.92901 -310.3785 133.119 91.64497 -260.3785 141.8253 91.64497 -310.3785 141.8253 87.5659 -260.3785 150.1886 87.5659 -310.3785 150.1886 82.72711 -260.3785 158.1366 82.72711 -310.3785 158.1366 77.17052 -260.3785 165.6004 77.17052 -310.3785 165.6004 70.94422 -260.3785 172.5154 70.94422 -310.3785 172.5154 64.10212 -260.3785 178.8218 64.10212 -310.3785 178.8218 56.70347 -260.3785 184.4648 56.70347 -310.3785 184.4648 48.81233 -260.3785 189.3958 48.81233 -310.3785 189.3958 40.49702 -260.3785 193.5719 40.49702 -310.3785 193.5719 31.82954 -260.3785 196.957 31.82954 -310.3785 196.957 22.88494 -260.3785 199.5218 22.88494 -310.3785 199.5218 13.74067 -260.3785 201.2441 13.74067 -310.3785 201.2441 4.475888 -260.3785 202.1091 4.475888 -310.3785 202.1091 -4.829174 -260.3785 202.1091 -4.829174 -310.3785 202.1091 -14.09395 -260.3785 201.2441 -14.09395 -310.3785 201.2441 -23.23823 -260.3785 199.5218 -23.23823 -310.3785 199.5218 -32.18283 -260.3785 196.957 -32.18283 -310.3785 196.957 -40.85031 -260.3785 193.5719 -40.85031 -310.3785 193.5719 -49.16561 -260.3785 189.3958 -49.16561 -310.3785 189.3958 -57.05675 -260.3785 184.4648 -57.05675 -310.3785 184.4648 -64.45541 -260.3785 178.8218 -64.45541 -310.3785 178.8218 -71.2975 -260.3785 172.5154 -71.2975 -310.3785 172.5154 -77.52381 -260.3785 165.6004 -77.52381 -310.3785 165.6004 -83.0804 -260.3785 158.1366 -83.0804 -310.3785 158.1366 -87.91918 -260.3785 150.1886 -87.91918 -310.3785 150.1886 -91.99826 -260.3785 141.8253 -91.99826 -310.3785 141.8253 -95.2823 -260.3785 133.119 -95.2823 -310.3785 133.119 -97.74288 -260.3785 124.1452 -97.74288 -310.3785 124.1452 -99.35868 -260.3785 114.9815 -99.35868 -310.3785 114.9815 -100.1157 -260.3785 105.7073 -100.1157 -310.3785 105.7073 -100.0075 -260.3785 96.40286 -100.0075 -310.3785 96.40286 -99.03482 -260.3785 87.14877 -99.03482 -310.3785 87.14877 -97.20622 -260.3785 78.02515 -97.20622 -310.3785 78.02515 -94.53749 -260.3785 69.111 -94.53749 -310.3785 69.111 -91.05176 -260.3785 60.48349 -91.05176 -310.3785 60.48349 -86.77919 -260.3785 52.21733 -86.77919 -310.3785 52.21733 -400.1766 -310.3785 52.21733 399.8234 -310.3785 52.21733 449.3956 -266.9048 147.2173 448.1197 -273.3194 147.2173 446.0173 -279.5126 147.2173 443.1246 -285.3785 147.2173 439.491 -290.8165 147.2173 435.1787 -295.7338 147.2173 430.2614 -300.0462 147.2173 424.8234 -303.6798 147.2173 418.9575 -306.5725 147.2173 412.7643 -308.6748 147.2173 406.3497 -309.9507 147.2173 406.3497 -309.9507 52.21733 412.7643 -308.6748 52.21733 418.9575 -306.5725 52.21733 424.8234 -303.6798 52.21733 430.2614 -300.0462 52.21733 435.1787 -295.7338 52.21733 439.491 -290.8165 52.21733 443.1246 -285.3785 52.21733 446.0173 -279.5126 52.21733 448.1197 -273.3194 52.21733 449.3956 -266.9048 52.21733 -406.703 -309.9507 147.2173 -413.1176 -308.6748 147.2173 -419.3108 -306.5725 147.2173 -425.1766 -303.6798 147.2173 -430.6147 -300.0462 147.2173 -435.532 -295.7338 147.2173 -439.8443 -290.8165 147.2173 -443.4779 -285.3785 147.2173 -446.3706 -279.5126 147.2173 -448.4729 -273.3194 147.2173 -449.7489 -266.9048 147.2173 -450.1766 -260.3785 52.21733 -449.7489 -266.9048 52.21733 -448.4729 -273.3194 52.21733 -446.3706 -279.5126 52.21733 -443.4779 -285.3785 52.21733 -439.8443 -290.8165 52.21733 -435.532 -295.7338 52.21733 -430.6147 -300.0462 52.21733 -425.1766 -303.6798 52.21733 -419.3108 -306.5725 52.21733 -413.1176 -308.6748 52.21733 -406.703 -309.9507 52.21733 345.2549 -235.3084 22.21734 345.6189 -235.3709 17.5243 344.8234 -240.3785 22.21734 345.1927 -240.3785 17.5243 345.2549 -245.4485 22.21734 345.6189 -245.3861 17.5243 346.5371 -250.3727 22.21734 346.8853 -250.2496 17.5243 348.6329 -255.0093 22.21734 348.9554 -254.8292 17.5243 351.4823 -259.2251 22.21734 351.7697 -258.9931 17.5243 355.0031 -262.8987 22.21734 355.2471 -262.6214 17.5243 359.0942 -265.9244 22.21734 359.2878 -265.6098 17.5243 363.6377 -268.2152 22.21734 363.7754 -267.8724 17.5243 368.503 -269.7052 22.21734 368.5808 -269.3441 17.5243 373.5501 -270.3515 22.21734 373.5658 -269.9824 17.5243 378.6339 -270.1355 22.21734 378.587 -269.7691 17.5243 383.608 -269.0635 22.21734 383.4999 -268.7103 17.5243 388.3295 -267.1662 22.21734 388.1632 -266.8364 17.5243 392.6624 -264.4984 22.21734 392.4427 -264.2014 17.5243 396.482 -261.1366 22.21734 396.2154 -260.8811 17.5243 399.6787 -257.1777 22.21734 399.3727 -256.9709 17.5243 402.1602 -252.7355 22.21734 401.8236 -252.5834 17.5243 403.8554 -247.9378 22.21734 403.4979 -247.8447 17.5243 404.7153 -242.9226 22.21734 404.3473 -242.8913 17.5243 404.7153 -237.8343 22.21734 404.3473 -237.8656 17.5243 403.8554 -232.8191 22.21734 403.4979 -232.9122 17.5243 402.1602 -228.0214 22.21734 401.8236 -228.1736 17.5243 399.6787 -223.5792 22.21734 399.3727 -223.7861 17.5243 396.482 -219.6203 22.21734 396.2154 -219.8759 17.5243 392.6624 -216.2586 22.21734 392.4427 -216.5555 17.5243 388.3295 -213.5907 22.21734 388.1632 -213.9205 17.5243 383.608 -211.6935 22.21734 383.4999 -212.0466 17.5243 378.6339 -210.6215 22.21734 378.587 -210.9878 17.5243 373.5501 -210.4055 22.21734 373.5658 -210.7745 17.5243 368.503 -211.0518 22.21734 368.5808 -211.4129 17.5243 363.6377 -212.5418 22.21734 363.7754 -212.8845 17.5243 359.0942 -214.8326 22.21734 359.2878 -215.1471 17.5243 355.0031 -217.8583 22.21734 355.2471 -218.1356 17.5243 351.4823 -221.5319 22.21734 351.7697 -221.7639 17.5243 348.6329 -225.7476 22.21734 348.9554 -225.9277 17.5243 346.5371 -230.3843 22.21734 346.8853 -230.5073 17.5243 370.1303 -240.3785 -7.413314 374.8234 -240.3785 -7.782664 370.1978 -241.1716 -7.413314 370.3984 -241.9419 -7.413314 370.7263 -242.6672 -7.413314 371.172 -243.3267 -7.413314 371.7228 -243.9014 -7.413314 372.3628 -244.3747 -7.413314 373.0735 -244.7331 -7.413314 373.8346 -244.9662 -7.413314 374.6242 -245.0673 -7.413314 375.4195 -245.0335 -7.413314 376.1976 -244.8658 -7.413314 376.9362 -244.569 -7.413314 377.614 -244.1517 -7.413314 378.2115 -243.6258 -7.413314 378.7116 -243.0065 -7.413314 379.0998 -242.3115 -7.413314 379.365 -241.561 -7.413314 379.4995 -240.7765 -7.413314 379.4995 -239.9805 -7.413314 379.365 -239.1959 -7.413314 379.0998 -238.4454 -7.413314 378.7116 -237.7505 -7.413314 378.2115 -237.1312 -7.413314 377.614 -236.6053 -7.413314 376.9362 -236.1879 -7.413314 376.1976 -235.8911 -7.413314 375.4195 -235.7234 -7.413314 374.6242 -235.6897 -7.413314 373.8346 -235.7908 -7.413314 373.0735 -236.0238 -7.413314 372.3628 -236.3822 -7.413314 371.7228 -236.8555 -7.413314 371.172 -237.4302 -7.413314 370.7263 -238.0897 -7.413314 370.3984 -238.815 -7.413314 370.1978 -239.5853 -7.413314 346.2917 -240.3785 12.94683 346.7021 -245.2003 12.94683 347.9215 -249.8835 12.94683 349.9148 -254.2932 12.94683 352.6247 -258.3027 12.94683 355.9732 -261.7964 12.94683 359.864 -264.6741 12.94683 364.1851 -266.8527 12.94683 368.8123 -268.2698 12.94683 373.6124 -268.8845 12.94683 378.4474 -268.6791 12.94683 383.1781 -267.6595 12.94683 387.6684 -265.8552 12.94683 391.7893 -263.3179 12.94683 395.422 -260.1207 12.94683 398.4621 -256.3555 12.94683 400.8223 -252.1307 12.94683 402.4344 -247.5678 12.94683 403.2523 -242.7981 12.94683 403.2523 -237.9588 12.94683 402.4344 -233.1891 12.94683 400.8223 -228.6262 12.94683 398.4621 -224.4014 12.94683 395.422 -220.6363 12.94683 391.7893 -217.4391 12.94683 387.6684 -214.9018 12.94683 383.1781 -213.0974 12.94683 378.4474 -212.0779 12.94683 373.6124 -211.8725 12.94683 368.8123 -212.4871 12.94683 364.1851 -213.9042 12.94683 359.864 -216.0829 12.94683 355.9732 -218.9605 12.94683 352.6247 -222.4543 12.94683 349.9148 -226.4637 12.94683 347.9215 -230.8734 12.94683 346.7021 -235.5566 12.94683 348.0932 -240.3785 8.597621 348.4777 -244.8959 8.597621 349.6201 -249.2834 8.597621 351.4875 -253.4146 8.597621 354.0263 -257.1709 8.597621 357.1634 -260.4441 8.597621 360.8085 -263.14 8.597621 364.8569 -265.1811 8.597621 369.1919 -266.5087 8.597621 373.6889 -267.0846 8.597621 378.2186 -266.8922 8.597621 382.6506 -265.937 8.597621 386.8574 -264.2466 8.597621 390.718 -261.8695 8.597621 394.1214 -258.8741 8.597621 396.9696 -255.3467 8.597621 399.1807 -251.3887 8.597621 400.6911 -247.1139 8.597621 401.4573 -242.6453 8.597621 401.4573 -238.1116 8.597621 400.6911 -233.643 8.597621 399.1807 -229.3683 8.597621 396.9696 -225.4102 8.597621 394.1214 -221.8828 8.597621 390.718 -218.8875 8.597621 386.8574 -216.5104 8.597621 382.6506 -214.8199 8.597621 378.2186 -213.8648 8.597621 373.6889 -213.6724 8.597621 369.1919 -214.2482 8.597621 364.8569 -215.5758 8.597621 360.8085 -217.6169 8.597621 357.1634 -220.3128 8.597621 354.0263 -223.586 8.597621 351.4875 -227.3423 8.597621 349.6201 -231.4736 8.597621 348.4777 -235.861 8.597621 350.5529 -240.3785 4.583778 350.902 -244.4802 4.583778 351.9393 -248.4639 4.583778 353.6349 -252.2151 4.583778 355.94 -255.6257 4.583778 358.7885 -258.5977 4.583778 362.0982 -261.0455 4.583778 365.7739 -262.8988 4.583778 369.7101 -264.1042 4.583778 373.7933 -264.6271 4.583778 377.9062 -264.4524 4.583778 381.9303 -263.5851 4.583778 385.75 -262.0502 4.583778 389.2554 -259.8919 4.583778 392.3456 -257.1722 4.583778 394.9317 -253.9693 4.583778 396.9393 -250.3755 4.583778 398.3107 -246.4941 4.583778 399.0065 -242.4367 4.583778 399.0065 -238.3202 4.583778 398.3107 -234.2628 4.583778 396.9393 -230.3814 4.583778 394.9317 -226.7876 4.583778 392.3456 -223.5848 4.583778 389.2554 -220.865 4.583778 385.75 -218.7067 4.583778 381.9303 -217.1718 4.583778 377.9062 -216.3045 4.583778 373.7933 -216.1298 4.583778 369.7101 -216.6527 4.583778 365.7739 -217.8581 4.583778 362.0982 -219.7114 4.583778 358.7885 -222.1593 4.583778 355.94 -225.1312 4.583778 353.6349 -228.5419 4.583778 351.9393 -232.293 4.583778 350.902 -236.2767 4.583778 353.6102 -240.3785 1.004133 353.9153 -243.9635 1.004133 354.8219 -247.4454 1.004133 356.3039 -250.724 1.004133 358.3187 -253.705 1.004133 360.8083 -256.3027 1.004133 363.7011 -258.4421 1.004133 366.9139 -260.062 1.004133 370.3542 -261.1156 1.004133 373.923 -261.5726 1.004133 377.5178 -261.4199 1.004133 381.0351 -260.6618 1.004133 384.3736 -259.3203 1.004133 387.4375 -257.4338 1.004133 390.1384 -255.0567 1.004133 392.3987 -252.2573 1.004133 394.1535 -249.1162 1.004133 395.3521 -245.7237 1.004133 395.9602 -242.1775 1.004133 395.9602 -238.5795 1.004133 395.3521 -235.0332 1.004133 394.1535 -231.6407 1.004133 392.3987 -228.4996 1.004133 390.1384 -225.7002 1.004133 387.4375 -223.3231 1.004133 384.3736 -221.4366 1.004133 381.0351 -220.0951 1.004133 377.5178 -219.3371 1.004133 373.923 -219.1844 1.004133 370.3542 -219.6414 1.004133 366.9139 -220.695 1.004133 363.7011 -222.3148 1.004133 360.8083 -224.4543 1.004133 358.3187 -227.0519 1.004133 356.3039 -230.0329 1.004133 354.8219 -233.3115 1.004133 353.9153 -236.7934 1.004133 357.1898 -240.3785 -2.053174 357.4435 -243.3585 -2.053174 358.1971 -246.2529 -2.053174 359.429 -248.9783 -2.053174 361.1038 -251.4562 -2.053174 363.1733 -253.6155 -2.053174 365.578 -255.3939 -2.053174 368.2486 -256.7405 -2.053174 371.1083 -257.6163 -2.053174 374.075 -257.9961 -2.053174 377.0632 -257.8692 -2.053174 379.9869 -257.2391 -2.053174 382.7621 -256.1239 -2.053174 385.3089 -254.5558 -2.053174 387.554 -252.5798 -2.053174 389.4329 -250.2528 -2.053174 390.8916 -247.6417 -2.053174 391.888 -244.8217 -2.053174 392.3934 -241.8739 -2.053174 392.3934 -238.883 -2.053174 391.888 -235.9352 -2.053174 390.8916 -233.1152 -2.053174 389.4329 -230.5041 -2.053174 387.554 -228.1771 -2.053174 385.3089 -226.2011 -2.053174 382.7621 -224.633 -2.053174 379.9869 -223.5178 -2.053174 377.0632 -222.8877 -2.053174 374.075 -222.7608 -2.053174 371.1083 -223.1407 -2.053174 368.2486 -224.0165 -2.053174 365.578 -225.363 -2.053174 363.1733 -227.1414 -2.053174 361.1038 -229.3007 -2.053174 359.429 -231.7787 -2.053174 358.1971 -234.504 -2.053174 357.4435 -237.3984 -2.053174 361.2037 -240.3785 -4.51286 361.3995 -242.6802 -4.51286 361.9816 -244.9157 -4.51286 362.9332 -247.0207 -4.51286 364.2268 -248.9346 -4.51286 365.8252 -250.6024 -4.51286 367.6824 -251.976 -4.51286 369.7452 -253.016 -4.51286 371.954 -253.6925 -4.51286 374.2453 -253.9859 -4.51286 376.5533 -253.8879 -4.51286 378.8115 -253.4012 -4.51286 380.955 -252.5399 -4.51286 382.9221 -251.3287 -4.51286 384.6562 -249.8025 -4.51286 386.1074 -248.0052 -4.51286 387.2341 -245.9884 -4.51286 388.0036 -243.8103 -4.51286 388.394 -241.5335 -4.51286 388.394 -239.2234 -4.51286 388.0036 -236.9466 -4.51286 387.2341 -234.7685 -4.51286 386.1074 -232.7518 -4.51286 384.6562 -230.9544 -4.51286 382.9221 -229.4282 -4.51286 380.955 -228.2171 -4.51286 378.8115 -227.3557 -4.51286 376.5533 -226.8691 -4.51286 374.2453 -226.771 -4.51286 371.954 -227.0644 -4.51286 369.7452 -227.7409 -4.51286 367.6824 -228.7809 -4.51286 365.8252 -230.1545 -4.51286 364.2268 -231.8223 -4.51286 362.9332 -233.7362 -4.51286 361.9816 -235.8412 -4.51286 361.3995 -238.0767 -4.51286 365.5529 -240.3785 -6.31436 365.6862 -241.9452 -6.31436 366.0824 -243.4668 -6.31436 366.7301 -244.8996 -6.31436 367.6106 -246.2024 -6.31436 368.6986 -247.3376 -6.31436 369.9628 -248.2726 -6.31436 371.3668 -248.9805 -6.31436 372.8703 -249.4409 -6.31436 374.4299 -249.6406 -6.31436 376.0009 -249.5739 -6.31436 377.538 -249.2426 -6.31436 378.997 -248.6563 -6.31436 380.3359 -247.8319 -6.31436 381.5163 -246.7931 -6.31436 382.5041 -245.5697 -6.31436 383.2709 -244.197 -6.31436 383.7947 -242.7144 -6.31436 384.0605 -241.1647 -6.31436 384.0605 -239.5923 -6.31436 383.7947 -238.0425 -6.31436 383.2709 -236.5599 -6.31436 382.5041 -235.1872 -6.31436 381.5163 -233.9638 -6.31436 380.3359 -232.925 -6.31436 378.997 -232.1006 -6.31436 377.538 -231.5143 -6.31436 376.0009 -231.183 -6.31436 374.4299 -231.1163 -6.31436 372.8703 -231.316 -6.31436 371.3668 -231.7765 -6.31436 369.9628 -232.4844 -6.31436 368.6986 -233.4194 -6.31436 367.6106 -234.5545 -6.31436 366.7301 -235.8573 -6.31436 366.0824 -237.2901 -6.31436 365.6862 -238.8117 -6.31436 345.2549 -235.3084 52.21733 344.8234 -240.3785 52.21733 345.2549 -245.4485 52.21733 346.5371 -250.3727 52.21733 348.6329 -255.0093 52.21733 351.4823 -259.2251 52.21733 355.0031 -262.8987 52.21733 359.0942 -265.9244 52.21733 363.6377 -268.2152 52.21733 368.503 -269.7052 52.21733 373.5501 -270.3515 52.21733 378.6339 -270.1355 52.21733 383.608 -269.0635 52.21733 388.3295 -267.1662 52.21733 392.6624 -264.4984 52.21733 396.482 -261.1366 52.21733 399.6787 -257.1777 52.21733 402.1602 -252.7355 52.21733 403.8554 -247.9378 52.21733 404.7153 -242.9226 52.21733 404.7153 -237.8343 52.21733 403.8554 -232.8191 52.21733 402.1602 -228.0214 52.21733 399.6787 -223.5792 52.21733 396.482 -219.6203 52.21733 392.6624 -216.2586 52.21733 388.3295 -213.5907 52.21733 383.608 -211.6935 52.21733 378.6339 -210.6215 52.21733 373.5501 -210.4055 52.21733 368.503 -211.0518 52.21733 363.6377 -212.5418 52.21733 359.0942 -214.8326 52.21733 355.0031 -217.8583 52.21733 351.4823 -221.5319 52.21733 348.6329 -225.7476 52.21733 346.5371 -230.3843 52.21733 -345.6082 -245.4485 22.21734 -345.9722 -245.3861 17.5243 -345.1766 -240.3785 22.21734 -345.546 -240.3785 17.5243 -345.6082 -235.3084 22.21734 -345.9722 -235.3709 17.5243 -346.8903 -230.3843 22.21734 -347.2386 -230.5073 17.5243 -348.9862 -225.7476 22.21734 -349.3087 -225.9277 17.5243 -351.8356 -221.5319 22.21734 -352.1229 -221.7639 17.5243 -355.3564 -217.8583 22.21734 -355.6004 -218.1356 17.5243 -359.4474 -214.8326 22.21734 -359.6411 -215.1471 17.5243 -363.9909 -212.5418 22.21734 -364.1287 -212.8845 17.5243 -368.8563 -211.0518 22.21734 -368.9341 -211.4129 17.5243 -373.9034 -210.4055 22.21734 -373.9191 -210.7745 17.5243 -378.9872 -210.6215 22.21734 -378.9403 -210.9878 17.5243 -383.9613 -211.6935 22.21734 -383.8532 -212.0466 17.5243 -388.6828 -213.5907 22.21734 -388.5165 -213.9205 17.5243 -393.0156 -216.2586 22.21734 -392.796 -216.5555 17.5243 -396.8353 -219.6203 22.21734 -396.5687 -219.8759 17.5243 -400.0319 -223.5792 22.21734 -399.7259 -223.7861 17.5243 -402.5135 -228.0214 22.21734 -402.177 -228.1736 17.5243 -404.2086 -232.8191 22.21734 -403.8512 -232.9122 17.5243 -405.0686 -237.8343 22.21734 -404.7006 -237.8656 17.5243 -405.0686 -242.9226 22.21734 -404.7006 -242.8913 17.5243 -404.2086 -247.9378 22.21734 -403.8512 -247.8447 17.5243 -402.5135 -252.7355 22.21734 -402.177 -252.5834 17.5243 -400.0319 -257.1777 22.21734 -399.7259 -256.9709 17.5243 -396.8353 -261.1366 22.21734 -396.5687 -260.8811 17.5243 -393.0156 -264.4984 22.21734 -392.796 -264.2014 17.5243 -388.6828 -267.1662 22.21734 -388.5165 -266.8364 17.5243 -383.9613 -269.0635 22.21734 -383.8532 -268.7103 17.5243 -378.9872 -270.1355 22.21734 -378.9403 -269.7691 17.5243 -373.9034 -270.3515 22.21734 -373.9191 -269.9824 17.5243 -368.8563 -269.7052 22.21734 -368.9341 -269.3441 17.5243 -363.9909 -268.2152 22.21734 -364.1287 -267.8724 17.5243 -359.4474 -265.9244 22.21734 -359.6411 -265.6098 17.5243 -355.3564 -262.8987 22.21734 -355.6004 -262.6214 17.5243 -351.8356 -259.2251 22.21734 -352.1229 -258.9931 17.5243 -348.9862 -255.0093 22.21734 -349.3087 -254.8292 17.5243 -346.8903 -250.3727 22.21734 -347.2386 -250.2496 17.5243 -370.4836 -240.3785 -7.413314 -375.1766 -240.3785 -7.782664 -370.5511 -239.5853 -7.413314 -370.7517 -238.815 -7.413314 -371.0796 -238.0897 -7.413314 -371.5253 -237.4302 -7.413314 -372.0761 -236.8555 -7.413314 -372.7161 -236.3822 -7.413314 -373.4268 -236.0238 -7.413314 -374.1879 -235.7908 -7.413314 -374.9775 -235.6897 -7.413314 -375.7727 -235.7234 -7.413314 -376.5509 -235.8911 -7.413314 -377.2895 -236.1879 -7.413314 -377.9673 -236.6053 -7.413314 -378.5648 -237.1312 -7.413314 -379.0649 -237.7505 -7.413314 -379.4531 -238.4454 -7.413314 -379.7183 -239.1959 -7.413314 -379.8528 -239.9805 -7.413314 -379.8528 -240.7765 -7.413314 -379.7183 -241.561 -7.413314 -379.4531 -242.3115 -7.413314 -379.0649 -243.0065 -7.413314 -378.5648 -243.6258 -7.413314 -377.9673 -244.1517 -7.413314 -377.2895 -244.569 -7.413314 -376.5509 -244.8658 -7.413314 -375.7727 -245.0335 -7.413314 -374.9775 -245.0673 -7.413314 -374.1879 -244.9662 -7.413314 -373.4268 -244.7331 -7.413314 -372.7161 -244.3747 -7.413314 -372.0761 -243.9014 -7.413314 -371.5253 -243.3267 -7.413314 -371.0796 -242.6672 -7.413314 -370.7517 -241.9419 -7.413314 -370.5511 -241.1716 -7.413314 -346.645 -240.3785 12.94683 -347.0554 -235.5566 12.94683 -348.2748 -230.8734 12.94683 -350.2681 -226.4637 12.94683 -352.978 -222.4543 12.94683 -356.3265 -218.9605 12.94683 -360.2173 -216.0829 12.94683 -364.5384 -213.9042 12.94683 -369.1656 -212.4871 12.94683 -373.9657 -211.8725 12.94683 -378.8007 -212.0779 12.94683 -383.5314 -213.0974 12.94683 -388.0217 -214.9018 12.94683 -392.1426 -217.4391 12.94683 -395.7753 -220.6363 12.94683 -398.8154 -224.4014 12.94683 -401.1755 -228.6262 12.94683 -402.7877 -233.1891 12.94683 -403.6056 -237.9588 12.94683 -403.6056 -242.7981 12.94683 -402.7877 -247.5678 12.94683 -401.1755 -252.1307 12.94683 -398.8154 -256.3555 12.94683 -395.7753 -260.1207 12.94683 -392.1426 -263.3179 12.94683 -388.0217 -265.8552 12.94683 -383.5314 -267.6595 12.94683 -378.8007 -268.6791 12.94683 -373.9657 -268.8845 12.94683 -369.1656 -268.2698 12.94683 -364.5384 -266.8527 12.94683 -360.2173 -264.6741 12.94683 -356.3265 -261.7964 12.94683 -352.978 -258.3027 12.94683 -350.2681 -254.2932 12.94683 -348.2748 -249.8835 12.94683 -347.0554 -245.2003 12.94683 -348.4465 -240.3785 8.597621 -348.8309 -235.861 8.597621 -349.9734 -231.4736 8.597621 -351.8408 -227.3423 8.597621 -354.3796 -223.586 8.597621 -357.5167 -220.3128 8.597621 -361.1618 -217.6169 8.597621 -365.2101 -215.5758 8.597621 -369.5451 -214.2482 8.597621 -374.0422 -213.6724 8.597621 -378.5719 -213.8648 8.597621 -383.0039 -214.8199 8.597621 -387.2107 -216.5104 8.597621 -391.0713 -218.8875 8.597621 -394.4747 -221.8828 8.597621 -397.3229 -225.4102 8.597621 -399.534 -229.3683 8.597621 -401.0444 -233.643 8.597621 -401.8106 -238.1116 8.597621 -401.8106 -242.6453 8.597621 -401.0444 -247.1139 8.597621 -399.534 -251.3887 8.597621 -397.3229 -255.3467 8.597621 -394.4747 -258.8741 8.597621 -391.0713 -261.8695 8.597621 -387.2107 -264.2466 8.597621 -383.0039 -265.937 8.597621 -378.5719 -266.8922 8.597621 -374.0422 -267.0846 8.597621 -369.5451 -266.5087 8.597621 -365.2101 -265.1811 8.597621 -361.1618 -263.14 8.597621 -357.5167 -260.4441 8.597621 -354.3796 -257.1709 8.597621 -351.8408 -253.4146 8.597621 -349.9734 -249.2834 8.597621 -348.8309 -244.8959 8.597621 -350.9061 -240.3785 4.583778 -351.2553 -236.2767 4.583778 -352.2926 -232.293 4.583778 -353.9882 -228.5419 4.583778 -356.2933 -225.1312 4.583778 -359.1417 -222.1593 4.583778 -362.4515 -219.7114 4.583778 -366.1272 -217.8581 4.583778 -370.0634 -216.6527 4.583778 -374.1466 -216.1298 4.583778 -378.2594 -216.3045 4.583778 -382.2836 -217.1718 4.583778 -386.1033 -218.7067 4.583778 -389.6087 -220.865 4.583778 -392.6989 -223.5848 4.583778 -395.285 -226.7876 4.583778 -397.2926 -230.3814 4.583778 -398.664 -234.2628 4.583778 -399.3597 -238.3202 4.583778 -399.3597 -242.4367 4.583778 -398.664 -246.4941 4.583778 -397.2926 -250.3755 4.583778 -395.285 -253.9693 4.583778 -392.6989 -257.1722 4.583778 -389.6087 -259.8919 4.583778 -386.1033 -262.0502 4.583778 -382.2836 -263.5851 4.583778 -378.2594 -264.4524 4.583778 -374.1466 -264.6271 4.583778 -370.0634 -264.1042 4.583778 -366.1272 -262.8988 4.583778 -362.4515 -261.0455 4.583778 -359.1417 -258.5977 4.583778 -356.2933 -255.6257 4.583778 -353.9882 -252.2151 4.583778 -352.2926 -248.4639 4.583778 -351.2553 -244.4802 4.583778 -353.9635 -240.3785 1.004133 -354.2686 -236.7934 1.004133 -355.1752 -233.3115 1.004133 -356.6572 -230.0329 1.004133 -358.672 -227.0519 1.004133 -361.1616 -224.4543 1.004133 -364.0544 -222.3148 1.004133 -367.2672 -220.695 1.004133 -370.7075 -219.6414 1.004133 -374.2763 -219.1844 1.004133 -377.8711 -219.3371 1.004133 -381.3884 -220.0951 1.004133 -384.7269 -221.4366 1.004133 -387.7907 -223.3231 1.004133 -390.4916 -225.7002 1.004133 -392.752 -228.4996 1.004133 -394.5067 -231.6407 1.004133 -395.7054 -235.0332 1.004133 -396.3134 -238.5795 1.004133 -396.3134 -242.1775 1.004133 -395.7054 -245.7237 1.004133 -394.5067 -249.1162 1.004133 -392.752 -252.2573 1.004133 -390.4916 -255.0567 1.004133 -387.7907 -257.4338 1.004133 -384.7269 -259.3203 1.004133 -381.3884 -260.6618 1.004133 -377.8711 -261.4199 1.004133 -374.2763 -261.5726 1.004133 -370.7075 -261.1156 1.004133 -367.2672 -260.062 1.004133 -364.0544 -258.4421 1.004133 -361.1616 -256.3027 1.004133 -358.672 -253.705 1.004133 -356.6572 -250.724 1.004133 -355.1752 -247.4454 1.004133 -354.2686 -243.9635 1.004133 -357.5431 -240.3785 -2.053174 -357.7967 -237.3984 -2.053174 -358.5504 -234.504 -2.053174 -359.7823 -231.7787 -2.053174 -361.4571 -229.3007 -2.053174 -363.5266 -227.1414 -2.053174 -365.9313 -225.363 -2.053174 -368.6019 -224.0165 -2.053174 -371.4616 -223.1407 -2.053174 -374.4283 -222.7608 -2.053174 -377.4164 -222.8877 -2.053174 -380.3402 -223.5178 -2.053174 -383.1153 -224.633 -2.053174 -385.6622 -226.2011 -2.053174 -387.9073 -228.1771 -2.053174 -389.7862 -230.5041 -2.053174 -391.2449 -233.1152 -2.053174 -392.2412 -235.9352 -2.053174 -392.7467 -238.883 -2.053174 -392.7467 -241.8739 -2.053174 -392.2412 -244.8217 -2.053174 -391.2449 -247.6417 -2.053174 -389.7862 -250.2528 -2.053174 -387.9073 -252.5798 -2.053174 -385.6622 -254.5558 -2.053174 -383.1153 -256.1239 -2.053174 -380.3402 -257.2391 -2.053174 -377.4164 -257.8692 -2.053174 -374.4283 -257.9961 -2.053174 -371.4616 -257.6163 -2.053174 -368.6019 -256.7405 -2.053174 -365.9313 -255.3939 -2.053174 -363.5266 -253.6155 -2.053174 -361.4571 -251.4562 -2.053174 -359.7823 -248.9783 -2.053174 -358.5504 -246.2529 -2.053174 -357.7967 -243.3585 -2.053174 -361.5569 -240.3785 -4.51286 -361.7528 -238.0767 -4.51286 -362.3349 -235.8412 -4.51286 -363.2864 -233.7362 -4.51286 -364.58 -231.8223 -4.51286 -366.1784 -230.1545 -4.51286 -368.0357 -228.7809 -4.51286 -370.0985 -227.7409 -4.51286 -372.3073 -227.0644 -4.51286 -374.5986 -226.771 -4.51286 -376.9066 -226.8691 -4.51286 -379.1648 -227.3557 -4.51286 -381.3083 -228.2171 -4.51286 -383.2754 -229.4282 -4.51286 -385.0095 -230.9544 -4.51286 -386.4607 -232.7518 -4.51286 -387.5873 -234.7685 -4.51286 -388.3569 -236.9466 -4.51286 -388.7473 -239.2234 -4.51286 -388.7473 -241.5335 -4.51286 -388.3569 -243.8103 -4.51286 -387.5873 -245.9884 -4.51286 -386.4607 -248.0052 -4.51286 -385.0095 -249.8025 -4.51286 -383.2754 -251.3287 -4.51286 -381.3083 -252.5399 -4.51286 -379.1648 -253.4012 -4.51286 -376.9066 -253.8879 -4.51286 -374.5986 -253.9859 -4.51286 -372.3073 -253.6925 -4.51286 -370.0985 -253.016 -4.51286 -368.0357 -251.976 -4.51286 -366.1784 -250.6024 -4.51286 -364.58 -248.9346 -4.51286 -363.2864 -247.0207 -4.51286 -362.3349 -244.9157 -4.51286 -361.7528 -242.6802 -4.51286 -365.9061 -240.3785 -6.31436 -366.0395 -238.8117 -6.31436 -366.4357 -237.2901 -6.31436 -367.0834 -235.8573 -6.31436 -367.9639 -234.5545 -6.31436 -369.0519 -233.4194 -6.31436 -370.3161 -232.4844 -6.31436 -371.7201 -231.7765 -6.31436 -373.2236 -231.316 -6.31436 -374.7832 -231.1163 -6.31436 -376.3542 -231.183 -6.31436 -377.8913 -231.5143 -6.31436 -379.3503 -232.1006 -6.31436 -380.6892 -232.925 -6.31436 -381.8695 -233.9638 -6.31436 -382.8574 -235.1872 -6.31436 -383.6242 -236.5599 -6.31436 -384.148 -238.0425 -6.31436 -384.4138 -239.5923 -6.31436 -384.4138 -241.1647 -6.31436 -384.148 -242.7144 -6.31436 -383.6242 -244.197 -6.31436 -382.8574 -245.5697 -6.31436 -381.8695 -246.7931 -6.31436 -380.6892 -247.8319 -6.31436 -379.3503 -248.6563 -6.31436 -377.8913 -249.2426 -6.31436 -376.3542 -249.5739 -6.31436 -374.7832 -249.6406 -6.31436 -373.2236 -249.4409 -6.31436 -371.7201 -248.9805 -6.31436 -370.3161 -248.2726 -6.31436 -369.0519 -247.3376 -6.31436 -367.9639 -246.2024 -6.31436 -367.0834 -244.8996 -6.31436 -366.4357 -243.4668 -6.31436 -366.0395 -241.9452 -6.31436 -345.6082 -245.4485 52.21733 -345.1766 -240.3785 52.21733 -345.6082 -235.3084 52.21733 -346.8903 -230.3843 52.21733 -348.9862 -225.7476 52.21733 -351.8356 -221.5319 52.21733 -355.3564 -217.8583 52.21733 -359.4474 -214.8326 52.21733 -363.9909 -212.5418 52.21733 -368.8563 -211.0518 52.21733 -373.9034 -210.4055 52.21733 -378.9872 -210.6215 52.21733 -383.9613 -211.6935 52.21733 -388.6828 -213.5907 52.21733 -393.0156 -216.2586 52.21733 -396.8353 -219.6203 52.21733 -400.0319 -223.5792 52.21733 -402.5135 -228.0214 52.21733 -404.2086 -232.8191 52.21733 -405.0686 -237.8343 52.21733 -405.0686 -242.9226 52.21733 -404.2086 -247.9378 52.21733 -402.5135 -252.7355 52.21733 -400.0319 -257.1777 52.21733 -396.8353 -261.1366 52.21733 -393.0156 -264.4984 52.21733 -388.6828 -267.1662 52.21733 -383.9613 -269.0635 52.21733 -378.9872 -270.1355 52.21733 -373.9034 -270.3515 52.21733 -368.8563 -269.7052 52.21733 -363.9909 -268.2152 52.21733 -359.4474 -265.9244 52.21733 -355.3564 -262.8987 52.21733 -351.8356 -259.2251 52.21733 -348.9862 -255.0093 52.21733 -346.8903 -250.3727 52.21733 345.2549 264.6916 22.21734 345.6189 264.6292 17.5243 344.8234 259.6215 22.21734 345.1927 259.6215 17.5243 345.2549 254.5515 22.21734 345.6189 254.6139 17.5243 346.5371 249.6273 22.21734 346.8853 249.7504 17.5243 348.6329 244.9907 22.21734 348.9554 245.1708 17.5243 351.4823 240.7749 22.21734 351.7697 241.007 17.5243 355.0031 237.1014 22.21734 355.2471 237.3786 17.5243 359.0942 234.0756 22.21734 359.2878 234.3902 17.5243 363.6377 231.7849 22.21734 363.7754 232.1276 17.5243 368.503 230.2949 22.21734 368.5808 230.6559 17.5243 373.5501 229.6486 22.21734 373.5658 230.0176 17.5243 378.6339 229.8645 22.21734 378.587 230.2309 17.5243 383.608 230.9365 22.21734 383.4999 231.2897 17.5243 388.3295 232.8338 22.21734 388.1632 233.1636 17.5243 392.6624 235.5016 22.21734 392.4427 235.7986 17.5243 396.482 238.8634 22.21734 396.2154 239.1189 17.5243 399.6787 242.8223 22.21734 399.3727 243.0291 17.5243 402.1602 247.2645 22.21734 401.8236 247.4166 17.5243 403.8554 252.0622 22.21734 403.4979 252.1553 17.5243 404.7153 257.0774 22.21734 404.3473 257.1087 17.5243 404.7153 262.1657 22.21734 404.3473 262.1344 17.5243 403.8554 267.1809 22.21734 403.4979 267.0878 17.5243 402.1602 271.9786 22.21734 401.8236 271.8265 17.5243 399.6787 276.4208 22.21734 399.3727 276.214 17.5243 396.482 280.3797 22.21734 396.2154 280.1242 17.5243 392.6624 283.7415 22.21734 392.4427 283.4445 17.5243 388.3295 286.4093 22.21734 388.1632 286.0795 17.5243 383.608 288.3066 22.21734 383.4999 287.9534 17.5243 378.6339 289.3786 22.21734 378.587 289.0122 17.5243 373.5501 289.5945 22.21734 373.5658 289.2255 17.5243 368.503 288.9482 22.21734 368.5808 288.5871 17.5243 363.6377 287.4582 22.21734 363.7754 287.1155 17.5243 359.0942 285.1674 22.21734 359.2878 284.8529 17.5243 355.0031 282.1417 22.21734 355.2471 281.8645 17.5243 351.4823 278.4682 22.21734 351.7697 278.2361 17.5243 348.6329 274.2524 22.21734 348.9554 274.0723 17.5243 346.5371 269.6157 22.21734 346.8853 269.4927 17.5243 370.1303 259.6215 -7.413314 374.8234 259.6215 -7.782664 370.1978 258.8284 -7.413314 370.3984 258.0581 -7.413314 370.7263 257.3328 -7.413314 371.172 256.6733 -7.413314 371.7228 256.0986 -7.413314 372.3628 255.6253 -7.413314 373.0735 255.2669 -7.413314 373.8346 255.0338 -7.413314 374.6242 254.9327 -7.413314 375.4195 254.9665 -7.413314 376.1976 255.1342 -7.413314 376.9362 255.431 -7.413314 377.614 255.8483 -7.413314 378.2115 256.3742 -7.413314 378.7116 256.9936 -7.413314 379.0998 257.6885 -7.413314 379.365 258.439 -7.413314 379.4995 259.2236 -7.413314 379.4995 260.0195 -7.413314 379.365 260.8041 -7.413314 379.0998 261.5546 -7.413314 378.7116 262.2495 -7.413314 378.2115 262.8688 -7.413314 377.614 263.3947 -7.413314 376.9362 263.8121 -7.413314 376.1976 264.1089 -7.413314 375.4195 264.2766 -7.413314 374.6242 264.3103 -7.413314 373.8346 264.2092 -7.413314 373.0735 263.9761 -7.413314 372.3628 263.6178 -7.413314 371.7228 263.1445 -7.413314 371.172 262.5698 -7.413314 370.7263 261.9103 -7.413314 370.3984 261.185 -7.413314 370.1978 260.4147 -7.413314 346.2917 259.6215 12.94683 346.7021 254.7996 12.94683 347.9215 250.1165 12.94683 349.9148 245.7068 12.94683 352.6247 241.6974 12.94683 355.9732 238.2036 12.94683 359.864 235.326 12.94683 364.1851 233.1473 12.94683 368.8123 231.7302 12.94683 373.6124 231.1155 12.94683 378.4474 231.3209 12.94683 383.1781 232.3405 12.94683 387.6684 234.1448 12.94683 391.7893 236.6821 12.94683 395.422 239.8793 12.94683 398.4621 243.6445 12.94683 400.8223 247.8693 12.94683 402.4344 252.4322 12.94683 403.2523 257.2019 12.94683 403.2523 262.0412 12.94683 402.4344 266.8109 12.94683 400.8223 271.3738 12.94683 398.4621 275.5986 12.94683 395.422 279.3637 12.94683 391.7893 282.561 12.94683 387.6684 285.0982 12.94683 383.1781 286.9026 12.94683 378.4474 287.9221 12.94683 373.6124 288.1275 12.94683 368.8123 287.5129 12.94683 364.1851 286.0958 12.94683 359.864 283.9171 12.94683 355.9732 281.0395 12.94683 352.6247 277.5457 12.94683 349.9148 273.5363 12.94683 347.9215 269.1266 12.94683 346.7021 264.4434 12.94683 348.0932 259.6215 8.597621 348.4777 255.1041 8.597621 349.6201 250.7166 8.597621 351.4875 246.5854 8.597621 354.0263 242.8291 8.597621 357.1634 239.5559 8.597621 360.8085 236.86 8.597621 364.8569 234.8189 8.597621 369.1919 233.4913 8.597621 373.6889 232.9154 8.597621 378.2186 233.1078 8.597621 382.6506 234.063 8.597621 386.8574 235.7534 8.597621 390.718 238.1305 8.597621 394.1214 241.1259 8.597621 396.9696 244.6533 8.597621 399.1807 248.6113 8.597621 400.6911 252.8861 8.597621 401.4573 257.3547 8.597621 401.4573 261.8884 8.597621 400.6911 266.357 8.597621 399.1807 270.6318 8.597621 396.9696 274.5898 8.597621 394.1214 278.1172 8.597621 390.718 281.1126 8.597621 386.8574 283.4896 8.597621 382.6506 285.1801 8.597621 378.2186 286.1352 8.597621 373.6889 286.3276 8.597621 369.1919 285.7518 8.597621 364.8569 284.4242 8.597621 360.8085 282.3831 8.597621 357.1634 279.6872 8.597621 354.0263 276.414 8.597621 351.4875 272.6577 8.597621 349.6201 268.5264 8.597621 348.4777 264.139 8.597621 350.5529 259.6215 4.583778 350.902 255.5198 4.583778 351.9393 251.5361 4.583778 353.6349 247.7849 4.583778 355.94 244.3743 4.583778 358.7885 241.4023 4.583778 362.0982 238.9545 4.583778 365.7739 237.1012 4.583778 369.7101 235.8958 4.583778 373.7933 235.3729 4.583778 377.9062 235.5476 4.583778 381.9303 236.4149 4.583778 385.75 237.9498 4.583778 389.2554 240.1081 4.583778 392.3456 242.8278 4.583778 394.9317 246.0307 4.583778 396.9393 249.6245 4.583778 398.3107 253.5059 4.583778 399.0065 257.5633 4.583778 399.0065 261.6798 4.583778 398.3107 265.7372 4.583778 396.9393 269.6186 4.583778 394.9317 273.2124 4.583778 392.3456 276.4153 4.583778 389.2554 279.135 4.583778 385.75 281.2933 4.583778 381.9303 282.8282 4.583778 377.9062 283.6955 4.583778 373.7933 283.8702 4.583778 369.7101 283.3473 4.583778 365.7739 282.1419 4.583778 362.0982 280.2886 4.583778 358.7885 277.8407 4.583778 355.94 274.8688 4.583778 353.6349 271.4581 4.583778 351.9393 267.707 4.583778 350.902 263.7233 4.583778 353.6102 259.6215 1.004133 353.9153 256.0365 1.004133 354.8219 252.5546 1.004133 356.3039 249.276 1.004133 358.3187 246.295 1.004133 360.8083 243.6974 1.004133 363.7011 241.5579 1.004133 366.9139 239.938 1.004133 370.3542 238.8845 1.004133 373.923 238.4274 1.004133 377.5178 238.5802 1.004133 381.0351 239.3382 1.004133 384.3736 240.6797 1.004133 387.4375 242.5662 1.004133 390.1384 244.9433 1.004133 392.3987 247.7427 1.004133 394.1535 250.8838 1.004133 395.3521 254.2763 1.004133 395.9602 257.8226 1.004133 395.9602 261.4205 1.004133 395.3521 264.9668 1.004133 394.1535 268.3593 1.004133 392.3987 271.5004 1.004133 390.1384 274.2998 1.004133 387.4375 276.6769 1.004133 384.3736 278.5634 1.004133 381.0351 279.9049 1.004133 377.5178 280.6629 1.004133 373.923 280.8156 1.004133 370.3542 280.3586 1.004133 366.9139 279.305 1.004133 363.7011 277.6852 1.004133 360.8083 275.5457 1.004133 358.3187 272.9481 1.004133 356.3039 269.9671 1.004133 354.8219 266.6885 1.004133 353.9153 263.2066 1.004133 357.1898 259.6215 -2.053174 357.4435 256.6415 -2.053174 358.1971 253.7471 -2.053174 359.429 251.0217 -2.053174 361.1038 248.5438 -2.053174 363.1733 246.3845 -2.053174 365.578 244.606 -2.053174 368.2486 243.2595 -2.053174 371.1083 242.3838 -2.053174 374.075 242.0039 -2.053174 377.0632 242.1308 -2.053174 379.9869 242.7609 -2.053174 382.7621 243.8761 -2.053174 385.3089 245.4442 -2.053174 387.554 247.4202 -2.053174 389.4329 249.7472 -2.053174 390.8916 252.3582 -2.053174 391.888 255.1783 -2.053174 392.3934 258.1261 -2.053174 392.3934 261.117 -2.053174 391.888 264.0648 -2.053174 390.8916 266.8848 -2.053174 389.4329 269.4959 -2.053174 387.554 271.8229 -2.053174 385.3089 273.7989 -2.053174 382.7621 275.367 -2.053174 379.9869 276.4822 -2.053174 377.0632 277.1123 -2.053174 374.075 277.2392 -2.053174 371.1083 276.8593 -2.053174 368.2486 275.9835 -2.053174 365.578 274.637 -2.053174 363.1733 272.8586 -2.053174 361.1038 270.6993 -2.053174 359.429 268.2214 -2.053174 358.1971 265.496 -2.053174 357.4435 262.6016 -2.053174 361.2037 259.6215 -4.51286 361.3995 257.3198 -4.51286 361.9816 255.0843 -4.51286 362.9332 252.9793 -4.51286 364.2268 251.0653 -4.51286 365.8252 249.3976 -4.51286 367.6824 248.024 -4.51286 369.7452 246.9839 -4.51286 371.954 246.3075 -4.51286 374.2453 246.0141 -4.51286 376.5533 246.1121 -4.51286 378.8115 246.5988 -4.51286 380.955 247.4601 -4.51286 382.9221 248.6713 -4.51286 384.6562 250.1975 -4.51286 386.1074 251.9948 -4.51286 387.2341 254.0115 -4.51286 388.0036 256.1897 -4.51286 388.394 258.4665 -4.51286 388.394 260.7766 -4.51286 388.0036 263.0534 -4.51286 387.2341 265.2315 -4.51286 386.1074 267.2482 -4.51286 384.6562 269.0455 -4.51286 382.9221 270.5718 -4.51286 380.955 271.7829 -4.51286 378.8115 272.6443 -4.51286 376.5533 273.1309 -4.51286 374.2453 273.229 -4.51286 371.954 272.9356 -4.51286 369.7452 272.2591 -4.51286 367.6824 271.2191 -4.51286 365.8252 269.8455 -4.51286 364.2268 268.1777 -4.51286 362.9332 266.2638 -4.51286 361.9816 264.1588 -4.51286 361.3995 261.9233 -4.51286 365.5529 259.6215 -6.31436 365.6862 258.0548 -6.31436 366.0824 256.5332 -6.31436 366.7301 255.1004 -6.31436 367.6106 253.7976 -6.31436 368.6986 252.6624 -6.31436 369.9628 251.7274 -6.31436 371.3668 251.0195 -6.31436 372.8703 250.5591 -6.31436 374.4299 250.3594 -6.31436 376.0009 250.4261 -6.31436 377.538 250.7574 -6.31436 378.997 251.3437 -6.31436 380.3359 252.1681 -6.31436 381.5163 253.2069 -6.31436 382.5041 254.4303 -6.31436 383.2709 255.803 -6.31436 383.7947 257.2856 -6.31436 384.0605 258.8353 -6.31436 384.0605 260.4077 -6.31436 383.7947 261.9575 -6.31436 383.2709 263.4401 -6.31436 382.5041 264.8128 -6.31436 381.5163 266.0362 -6.31436 380.3359 267.075 -6.31436 378.997 267.8994 -6.31436 377.538 268.4857 -6.31436 376.0009 268.817 -6.31436 374.4299 268.8837 -6.31436 372.8703 268.684 -6.31436 371.3668 268.2236 -6.31436 369.9628 267.5157 -6.31436 368.6986 266.5807 -6.31436 367.6106 265.4455 -6.31436 366.7301 264.1427 -6.31436 366.0824 262.7099 -6.31436 365.6862 261.1883 -6.31436 345.2549 264.6916 52.21733 344.8234 259.6215 52.21733 345.2549 254.5515 52.21733 346.5371 249.6273 52.21733 348.6329 244.9907 52.21733 351.4823 240.7749 52.21733 355.0031 237.1014 52.21733 359.0942 234.0756 52.21733 363.6377 231.7849 52.21733 368.503 230.2949 52.21733 373.5501 229.6486 52.21733 378.6339 229.8645 52.21733 383.608 230.9365 52.21733 388.3295 232.8338 52.21733 392.6624 235.5016 52.21733 396.482 238.8634 52.21733 399.6787 242.8223 52.21733 402.1602 247.2645 52.21733 403.8554 252.0622 52.21733 404.7153 257.0774 52.21733 404.7153 262.1657 52.21733 403.8554 267.1809 52.21733 402.1602 271.9786 52.21733 399.6787 276.4208 52.21733 396.482 280.3797 52.21733 392.6624 283.7415 52.21733 388.3295 286.4093 52.21733 383.608 288.3066 52.21733 378.6339 289.3786 52.21733 373.5501 289.5945 52.21733 368.503 288.9482 52.21733 363.6377 287.4582 52.21733 359.0942 285.1674 52.21733 355.0031 282.1417 52.21733 351.4823 278.4682 52.21733 348.6329 274.2524 52.21733 346.5371 269.6157 52.21733 -345.6082 254.5515 22.21734 -345.9722 254.6139 17.5243 -345.1766 259.6215 22.21734 -345.546 259.6215 17.5243 -345.6082 264.6916 22.21734 -345.9722 264.6292 17.5243 -346.8903 269.6157 22.21734 -347.2386 269.4927 17.5243 -348.9862 274.2524 22.21734 -349.3087 274.0723 17.5243 -351.8356 278.4682 22.21734 -352.1229 278.2361 17.5243 -355.3564 282.1417 22.21734 -355.6004 281.8645 17.5243 -359.4474 285.1674 22.21734 -359.6411 284.8529 17.5243 -363.9909 287.4582 22.21734 -364.1287 287.1155 17.5243 -368.8563 288.9482 22.21734 -368.9341 288.5871 17.5243 -373.9034 289.5945 22.21734 -373.9191 289.2255 17.5243 -378.9872 289.3786 22.21734 -378.9403 289.0122 17.5243 -383.9613 288.3066 22.21734 -383.8532 287.9534 17.5243 -388.6828 286.4093 22.21734 -388.5165 286.0795 17.5243 -393.0156 283.7415 22.21734 -392.796 283.4445 17.5243 -396.8353 280.3797 22.21734 -396.5687 280.1242 17.5243 -400.0319 276.4208 22.21734 -399.7259 276.214 17.5243 -402.5135 271.9786 22.21734 -402.177 271.8265 17.5243 -404.2086 267.1809 22.21734 -403.8512 267.0878 17.5243 -405.0686 262.1657 22.21734 -404.7006 262.1344 17.5243 -405.0686 257.0774 22.21734 -404.7006 257.1087 17.5243 -404.2086 252.0622 22.21734 -403.8512 252.1553 17.5243 -402.5135 247.2645 22.21734 -402.177 247.4166 17.5243 -400.0319 242.8223 22.21734 -399.7259 243.0291 17.5243 -396.8353 238.8634 22.21734 -396.5687 239.1189 17.5243 -393.0156 235.5016 22.21734 -392.796 235.7986 17.5243 -388.6828 232.8338 22.21734 -388.5165 233.1636 17.5243 -383.9613 230.9365 22.21734 -383.8532 231.2897 17.5243 -378.9872 229.8645 22.21734 -378.9403 230.2309 17.5243 -373.9034 229.6486 22.21734 -373.9191 230.0176 17.5243 -368.8563 230.2949 22.21734 -368.9341 230.6559 17.5243 -363.9909 231.7849 22.21734 -364.1287 232.1276 17.5243 -359.4474 234.0756 22.21734 -359.6411 234.3902 17.5243 -355.3564 237.1014 22.21734 -355.6004 237.3786 17.5243 -351.8356 240.7749 22.21734 -352.1229 241.007 17.5243 -348.9862 244.9907 22.21734 -349.3087 245.1708 17.5243 -346.8903 249.6273 22.21734 -347.2386 249.7504 17.5243 -370.4836 259.6215 -7.413314 -375.1766 259.6215 -7.782664 -370.5511 260.4147 -7.413314 -370.7517 261.185 -7.413314 -371.0796 261.9103 -7.413314 -371.5253 262.5698 -7.413314 -372.0761 263.1445 -7.413314 -372.7161 263.6178 -7.413314 -373.4268 263.9761 -7.413314 -374.1879 264.2092 -7.413314 -374.9775 264.3103 -7.413314 -375.7727 264.2766 -7.413314 -376.5509 264.1089 -7.413314 -377.2895 263.8121 -7.413314 -377.9673 263.3947 -7.413314 -378.5648 262.8688 -7.413314 -379.0649 262.2495 -7.413314 -379.4531 261.5546 -7.413314 -379.7183 260.8041 -7.413314 -379.8528 260.0195 -7.413314 -379.8528 259.2236 -7.413314 -379.7183 258.439 -7.413314 -379.4531 257.6885 -7.413314 -379.0649 256.9936 -7.413314 -378.5648 256.3742 -7.413314 -377.9673 255.8483 -7.413314 -377.2895 255.431 -7.413314 -376.5509 255.1342 -7.413314 -375.7727 254.9665 -7.413314 -374.9775 254.9327 -7.413314 -374.1879 255.0338 -7.413314 -373.4268 255.2669 -7.413314 -372.7161 255.6253 -7.413314 -372.0761 256.0986 -7.413314 -371.5253 256.6733 -7.413314 -371.0796 257.3328 -7.413314 -370.7517 258.0581 -7.413314 -370.5511 258.8284 -7.413314 -346.645 259.6215 12.94683 -347.0554 264.4434 12.94683 -348.2748 269.1266 12.94683 -350.2681 273.5363 12.94683 -352.978 277.5457 12.94683 -356.3265 281.0395 12.94683 -360.2173 283.9171 12.94683 -364.5384 286.0958 12.94683 -369.1656 287.5129 12.94683 -373.9657 288.1275 12.94683 -378.8007 287.9221 12.94683 -383.5314 286.9026 12.94683 -388.0217 285.0982 12.94683 -392.1426 282.561 12.94683 -395.7753 279.3637 12.94683 -398.8154 275.5986 12.94683 -401.1755 271.3738 12.94683 -402.7877 266.8109 12.94683 -403.6056 262.0412 12.94683 -403.6056 257.2019 12.94683 -402.7877 252.4322 12.94683 -401.1755 247.8693 12.94683 -398.8154 243.6445 12.94683 -395.7753 239.8793 12.94683 -392.1426 236.6821 12.94683 -388.0217 234.1448 12.94683 -383.5314 232.3405 12.94683 -378.8007 231.3209 12.94683 -373.9657 231.1155 12.94683 -369.1656 231.7302 12.94683 -364.5384 233.1473 12.94683 -360.2173 235.326 12.94683 -356.3265 238.2036 12.94683 -352.978 241.6974 12.94683 -350.2681 245.7068 12.94683 -348.2748 250.1165 12.94683 -347.0554 254.7996 12.94683 -348.4465 259.6215 8.597621 -348.8309 264.139 8.597621 -349.9734 268.5264 8.597621 -351.8408 272.6577 8.597621 -354.3796 276.414 8.597621 -357.5167 279.6872 8.597621 -361.1618 282.3831 8.597621 -365.2101 284.4242 8.597621 -369.5451 285.7518 8.597621 -374.0422 286.3276 8.597621 -378.5719 286.1352 8.597621 -383.0039 285.1801 8.597621 -387.2107 283.4896 8.597621 -391.0713 281.1126 8.597621 -394.4747 278.1172 8.597621 -397.3229 274.5898 8.597621 -399.534 270.6318 8.597621 -401.0444 266.357 8.597621 -401.8106 261.8884 8.597621 -401.8106 257.3547 8.597621 -401.0444 252.8861 8.597621 -399.534 248.6113 8.597621 -397.3229 244.6533 8.597621 -394.4747 241.1259 8.597621 -391.0713 238.1305 8.597621 -387.2107 235.7534 8.597621 -383.0039 234.063 8.597621 -378.5719 233.1078 8.597621 -374.0422 232.9154 8.597621 -369.5451 233.4913 8.597621 -365.2101 234.8189 8.597621 -361.1618 236.86 8.597621 -357.5167 239.5559 8.597621 -354.3796 242.8291 8.597621 -351.8408 246.5854 8.597621 -349.9734 250.7166 8.597621 -348.8309 255.1041 8.597621 -350.9061 259.6215 4.583778 -351.2553 263.7233 4.583778 -352.2926 267.707 4.583778 -353.9882 271.4581 4.583778 -356.2933 274.8688 4.583778 -359.1417 277.8407 4.583778 -362.4515 280.2886 4.583778 -366.1272 282.1419 4.583778 -370.0634 283.3473 4.583778 -374.1466 283.8702 4.583778 -378.2594 283.6955 4.583778 -382.2836 282.8282 4.583778 -386.1033 281.2933 4.583778 -389.6087 279.135 4.583778 -392.6989 276.4153 4.583778 -395.285 273.2124 4.583778 -397.2926 269.6186 4.583778 -398.664 265.7372 4.583778 -399.3597 261.6798 4.583778 -399.3597 257.5633 4.583778 -398.664 253.5059 4.583778 -397.2926 249.6245 4.583778 -395.285 246.0307 4.583778 -392.6989 242.8278 4.583778 -389.6087 240.1081 4.583778 -386.1033 237.9498 4.583778 -382.2836 236.4149 4.583778 -378.2594 235.5476 4.583778 -374.1466 235.3729 4.583778 -370.0634 235.8958 4.583778 -366.1272 237.1012 4.583778 -362.4515 238.9545 4.583778 -359.1417 241.4023 4.583778 -356.2933 244.3743 4.583778 -353.9882 247.7849 4.583778 -352.2926 251.5361 4.583778 -351.2553 255.5198 4.583778 -353.9635 259.6215 1.004133 -354.2686 263.2066 1.004133 -355.1752 266.6885 1.004133 -356.6572 269.9671 1.004133 -358.672 272.9481 1.004133 -361.1616 275.5457 1.004133 -364.0544 277.6852 1.004133 -367.2672 279.305 1.004133 -370.7075 280.3586 1.004133 -374.2763 280.8156 1.004133 -377.8711 280.6629 1.004133 -381.3884 279.9049 1.004133 -384.7269 278.5634 1.004133 -387.7907 276.6769 1.004133 -390.4916 274.2998 1.004133 -392.752 271.5004 1.004133 -394.5067 268.3593 1.004133 -395.7054 264.9668 1.004133 -396.3134 261.4205 1.004133 -396.3134 257.8226 1.004133 -395.7054 254.2763 1.004133 -394.5067 250.8838 1.004133 -392.752 247.7427 1.004133 -390.4916 244.9433 1.004133 -387.7907 242.5662 1.004133 -384.7269 240.6797 1.004133 -381.3884 239.3382 1.004133 -377.8711 238.5802 1.004133 -374.2763 238.4274 1.004133 -370.7075 238.8845 1.004133 -367.2672 239.938 1.004133 -364.0544 241.5579 1.004133 -361.1616 243.6974 1.004133 -358.672 246.295 1.004133 -356.6572 249.276 1.004133 -355.1752 252.5546 1.004133 -354.2686 256.0365 1.004133 -357.5431 259.6215 -2.053174 -357.7967 262.6016 -2.053174 -358.5504 265.496 -2.053174 -359.7823 268.2214 -2.053174 -361.4571 270.6993 -2.053174 -363.5266 272.8586 -2.053174 -365.9313 274.637 -2.053174 -368.6019 275.9835 -2.053174 -371.4616 276.8593 -2.053174 -374.4283 277.2392 -2.053174 -377.4164 277.1123 -2.053174 -380.3402 276.4822 -2.053174 -383.1153 275.367 -2.053174 -385.6622 273.7989 -2.053174 -387.9073 271.8229 -2.053174 -389.7862 269.4959 -2.053174 -391.2449 266.8848 -2.053174 -392.2412 264.0648 -2.053174 -392.7467 261.117 -2.053174 -392.7467 258.1261 -2.053174 -392.2412 255.1783 -2.053174 -391.2449 252.3582 -2.053174 -389.7862 249.7472 -2.053174 -387.9073 247.4202 -2.053174 -385.6622 245.4442 -2.053174 -383.1153 243.8761 -2.053174 -380.3402 242.7609 -2.053174 -377.4164 242.1308 -2.053174 -374.4283 242.0039 -2.053174 -371.4616 242.3838 -2.053174 -368.6019 243.2595 -2.053174 -365.9313 244.606 -2.053174 -363.5266 246.3845 -2.053174 -361.4571 248.5438 -2.053174 -359.7823 251.0217 -2.053174 -358.5504 253.7471 -2.053174 -357.7967 256.6415 -2.053174 -361.5569 259.6215 -4.51286 -361.7528 261.9233 -4.51286 -362.3349 264.1588 -4.51286 -363.2864 266.2638 -4.51286 -364.58 268.1777 -4.51286 -366.1784 269.8455 -4.51286 -368.0357 271.2191 -4.51286 -370.0985 272.2591 -4.51286 -372.3073 272.9356 -4.51286 -374.5986 273.229 -4.51286 -376.9066 273.1309 -4.51286 -379.1648 272.6443 -4.51286 -381.3083 271.7829 -4.51286 -383.2754 270.5718 -4.51286 -385.0095 269.0455 -4.51286 -386.4607 267.2482 -4.51286 -387.5873 265.2315 -4.51286 -388.3569 263.0534 -4.51286 -388.7473 260.7766 -4.51286 -388.7473 258.4665 -4.51286 -388.3569 256.1897 -4.51286 -387.5873 254.0115 -4.51286 -386.4607 251.9948 -4.51286 -385.0095 250.1975 -4.51286 -383.2754 248.6713 -4.51286 -381.3083 247.4601 -4.51286 -379.1648 246.5988 -4.51286 -376.9066 246.1121 -4.51286 -374.5986 246.0141 -4.51286 -372.3073 246.3075 -4.51286 -370.0985 246.9839 -4.51286 -368.0357 248.024 -4.51286 -366.1784 249.3976 -4.51286 -364.58 251.0653 -4.51286 -363.2864 252.9793 -4.51286 -362.3349 255.0843 -4.51286 -361.7528 257.3198 -4.51286 -365.9061 259.6215 -6.31436 -366.0395 261.1883 -6.31436 -366.4357 262.7099 -6.31436 -367.0834 264.1427 -6.31436 -367.9639 265.4455 -6.31436 -369.0519 266.5807 -6.31436 -370.3161 267.5157 -6.31436 -371.7201 268.2236 -6.31436 -373.2236 268.684 -6.31436 -374.7832 268.8837 -6.31436 -376.3542 268.817 -6.31436 -377.8913 268.4857 -6.31436 -379.3503 267.8994 -6.31436 -380.6892 267.075 -6.31436 -381.8695 266.0362 -6.31436 -382.8574 264.8128 -6.31436 -383.6242 263.4401 -6.31436 -384.148 261.9575 -6.31436 -384.4138 260.4077 -6.31436 -384.4138 258.8353 -6.31436 -384.148 257.2856 -6.31436 -383.6242 255.803 -6.31436 -382.8574 254.4303 -6.31436 -381.8695 253.2069 -6.31436 -380.6892 252.1681 -6.31436 -379.3503 251.3437 -6.31436 -377.8913 250.7574 -6.31436 -376.3542 250.4261 -6.31436 -374.7832 250.3594 -6.31436 -373.2236 250.5591 -6.31436 -371.7201 251.0195 -6.31436 -370.3161 251.7274 -6.31436 -369.0519 252.6624 -6.31436 -367.9639 253.7976 -6.31436 -367.0834 255.1004 -6.31436 -366.4357 256.5332 -6.31436 -366.0395 258.0548 -6.31436 -345.6082 254.5515 52.21733 -345.1766 259.6215 52.21733 -345.6082 264.6916 52.21733 -346.8903 269.6157 52.21733 -348.9862 274.2524 52.21733 -351.8356 278.4682 52.21733 -355.3564 282.1417 52.21733 -359.4474 285.1674 52.21733 -363.9909 287.4582 52.21733 -368.8563 288.9482 52.21733 -373.9034 289.5945 52.21733 -378.9872 289.3786 52.21733 -383.9613 288.3066 52.21733 -388.6828 286.4093 52.21733 -393.0156 283.7415 52.21733 -396.8353 280.3797 52.21733 -400.0319 276.4208 52.21733 -402.5135 271.9786 52.21733 -404.2086 267.1809 52.21733 -405.0686 262.1657 52.21733 -405.0686 257.0774 52.21733 -404.2086 252.0622 52.21733 -402.5135 247.2645 52.21733 -400.0319 242.8223 52.21733 -396.8353 238.8634 52.21733 -393.0156 235.5016 52.21733 -388.6828 232.8338 52.21733 -383.9613 230.9365 52.21733 -378.9872 229.8645 52.21733 -373.9034 229.6486 52.21733 -368.8563 230.2949 52.21733 -363.9909 231.7849 52.21733 -359.4474 234.0756 52.21733 -355.3564 237.1014 52.21733 -351.8356 240.7749 52.21733 -348.9862 244.9907 52.21733 -346.8903 249.6273 52.21733 -439.3337 326.5998 337.2174 -442.4645 9.621535 336.887 -439.3337 -307.3567 337.2174 -442.4645 -56.01018 336.887 -442.4645 -121.6419 336.887 -445.4574 -121.6419 335.9104 -445.4574 -187.2736 335.9104 -448.1806 -187.2736 334.3307 -448.1806 -252.9053 334.3307 -450.5141 -318.5371 332.2174 -448.1806 -316.2036 334.3307 -442.4645 329.7306 336.887 -442.4645 272.1484 336.887 -442.4645 206.5167 336.887 -442.4645 140.885 336.887 -445.4574 140.885 335.9104 -445.4574 75.25325 335.9104 -448.1806 75.25325 334.3307 -448.1806 9.621535 334.3307 -450.5141 337.7801 332.2174 -445.4574 272.1484 335.9104 -445.4574 332.7235 335.9104 -448.1806 272.1484 334.3307 -448.1806 335.4467 334.3307 -445.4574 -313.4804 335.9104 -445.4574 -252.9053 335.9104 -442.4645 -187.2736 336.887 -442.4645 -310.4875 336.887 -442.4645 -252.9053 336.887 -445.4574 206.5167 335.9104 -448.1806 206.5167 334.3307 -442.4645 75.25325 336.887 -445.4574 9.621535 335.9104 -445.4574 -56.01018 335.9104 -448.1806 -56.01018 334.3307 -448.1806 140.885 334.3307 -448.1806 -121.6419 334.3307 438.9804 326.5998 337.2174 -0.1766433 329.7306 336.887 -64.51056 329.7306 336.887 -128.8445 329.7306 336.887 -128.8445 332.7235 335.9104 -193.1784 332.7235 335.9104 -193.1784 335.4467 334.3307 -257.5123 335.4467 334.3307 -321.8462 335.4467 334.3307 -386.1802 335.4467 334.3307 -321.8462 332.7235 335.9104 -386.1802 332.7235 335.9104 -321.8462 329.7306 336.887 -386.1802 329.7306 336.887 442.1112 329.7306 336.887 385.8269 329.7306 336.887 321.493 329.7306 336.887 257.159 329.7306 336.887 257.159 332.7235 335.9104 192.8251 332.7235 335.9104 192.8251 335.4467 334.3307 128.4912 335.4467 334.3307 450.1608 337.7801 332.2174 64.15727 335.4467 334.3307 -0.1766433 335.4467 334.3307 64.15727 332.7235 335.9104 -0.1766433 332.7235 335.9104 64.15727 329.7306 336.887 385.8269 332.7235 335.9104 445.1042 332.7235 335.9104 385.8269 335.4467 334.3307 447.8273 335.4467 334.3307 -64.51056 335.4467 334.3307 -64.51056 332.7235 335.9104 321.493 332.7235 335.9104 321.493 335.4467 334.3307 192.8251 329.7306 336.887 128.4912 329.7306 336.887 128.4912 332.7235 335.9104 -193.1784 329.7306 336.887 -257.5123 329.7306 336.887 -257.5123 332.7235 335.9104 257.159 335.4467 334.3307 -128.8445 335.4467 334.3307 438.9804 -307.3567 337.2174 442.1112 9.621535 336.887 442.1112 75.25325 336.887 442.1112 140.885 336.887 445.1042 140.885 335.9104 445.1042 206.5167 335.9104 447.8273 206.5167 334.3307 447.8273 272.1484 334.3307 442.1112 -310.4875 336.887 442.1112 -252.9053 336.887 442.1112 -187.2736 336.887 442.1112 -121.6419 336.887 445.1042 -121.6419 335.9104 445.1042 -56.01018 335.9104 447.8273 -56.01018 334.3307 447.8273 9.621535 334.3307 450.1608 -318.5371 332.2174 445.1042 -252.9053 335.9104 445.1042 -313.4804 335.9104 447.8273 -252.9053 334.3307 447.8273 -316.2036 334.3307 445.1042 272.1484 335.9104 442.1112 206.5167 336.887 442.1112 272.1484 336.887 445.1042 -187.2736 335.9104 447.8273 -187.2736 334.3307 442.1112 -56.01018 336.887 445.1042 9.621535 335.9104 445.1042 75.25325 335.9104 447.8273 75.25325 334.3307 447.8273 -121.6419 334.3307 447.8273 140.885 334.3307 -0.1766433 -316.2036 334.3307 -64.51056 -316.2036 334.3307 -128.8445 -316.2036 334.3307 -128.8445 -313.4804 335.9104 -193.1784 -313.4804 335.9104 -193.1784 -310.4875 336.887 -257.5123 -310.4875 336.887 -321.8462 -310.4875 336.887 -386.1802 -310.4875 336.887 -321.8462 -313.4804 335.9104 -386.1802 -313.4804 335.9104 -321.8462 -316.2036 334.3307 -386.1802 -316.2036 334.3307 385.8269 -316.2036 334.3307 321.493 -316.2036 334.3307 257.159 -316.2036 334.3307 257.159 -313.4804 335.9104 192.8251 -313.4804 335.9104 192.8251 -310.4875 336.887 128.4912 -310.4875 336.887 64.15727 -310.4875 336.887 -0.1766433 -310.4875 336.887 64.15727 -313.4804 335.9104 -0.1766433 -313.4804 335.9104 64.15727 -316.2036 334.3307 385.8269 -313.4804 335.9104 321.493 -313.4804 335.9104 321.493 -310.4875 336.887 257.159 -310.4875 336.887 385.8269 -310.4875 336.887 -64.51056 -310.4875 336.887 -64.51056 -313.4804 335.9104 192.8251 -316.2036 334.3307 128.4912 -316.2036 334.3307 128.4912 -313.4804 335.9104 -193.1784 -316.2036 334.3307 -257.5123 -316.2036 334.3307 -257.5123 -313.4804 335.9104 -128.8445 -310.4875 336.887 -396.6353 -277.4302 337.2174 -408.177 -277.7808 337.2174 -414.2514 -267.9608 337.2174 -408.7842 -257.7901 337.2174 -397.2425 -257.4395 337.2174 -391.1681 -267.2595 337.2174 -397.2425 312.5606 332.2174 -408.7842 312.21 332.2174 -414.2514 302.0393 332.2174 408.4309 -257.7901 332.2174 407.8237 292.2192 332.2174 413.8981 302.0393 332.2174 396.282 -277.4302 332.2174 407.8237 -277.7808 332.2174 413.8981 -267.9608 332.2174 -408.7842 -257.7901 332.2174 -414.2514 -267.9608 332.2174 -408.177 -277.7808 332.2174 -396.6353 -277.4302 332.2174 390.8148 -267.2595 332.2174 -391.1681 -267.2595 332.2174 396.8893 -257.4395 332.2174 -397.2425 -257.4395 332.2174 396.282 292.5698 332.2174 -396.6353 292.5698 332.2174 390.8148 302.7405 332.2174 -391.1681 302.7405 332.2174 396.8893 312.5606 332.2174 -408.177 292.2192 332.2174 408.4309 312.21 332.2174 -396.6353 -277.4302 252.2173 -391.1681 -267.2595 252.2173 -397.2425 -257.4395 252.2173 -408.7842 -257.7901 252.2173 -414.2514 -267.9608 252.2173 -408.177 -277.7808 252.2173 390.8148 -267.2595 252.2173 396.282 -277.4302 252.2173 396.8893 -257.4395 252.2173 408.4309 -257.7901 252.2173 413.8981 -267.9608 252.2173 407.8237 -277.7808 252.2173 390.8148 302.7405 252.2173 396.282 292.5698 252.2173 396.8893 312.5606 252.2173 408.4309 312.21 252.2173 413.8981 302.0393 252.2173 407.8237 292.2192 252.2173 -396.6353 292.5698 252.2173 -391.1681 302.7405 252.2173 -397.2425 312.5606 252.2173 -408.7842 312.21 252.2173 -414.2514 302.0393 252.2173 -408.177 292.2192 252.2173 450.8234 72.37709 224.1585 450.8234 72.12154 222.2173 450.8234 72.37709 220.2762 450.8234 73.12635 218.4673 450.8234 74.31823 216.914 450.8234 75.87154 215.7221 450.8234 77.68039 214.9729 450.8234 79.62154 214.7173 450.8234 81.56268 214.9729 450.8234 83.37154 215.7221 450.8234 84.92484 216.914 450.8234 86.11672 218.4673 450.8234 86.86598 220.2762 450.8234 87.12154 222.2173 450.8234 86.86598 224.1585 450.8234 86.11672 225.9673 450.8234 84.92484 227.5206 450.8234 83.37154 228.7125 450.8234 81.56268 229.4618 450.8234 79.62154 229.7173 450.8234 77.68039 229.4618 450.8234 75.87154 228.7125 450.8234 74.31823 227.5206 450.8234 73.12635 225.9673 450.8234 2.377089 224.1585 450.8234 2.121533 222.2173 450.8234 2.377089 220.2762 450.8234 3.126343 218.4673 450.8234 4.318232 216.914 450.8234 5.871533 215.7221 450.8234 7.68039 214.9729 450.8234 9.621535 214.7173 450.8234 11.56268 214.9729 450.8234 13.37153 215.7221 450.8234 14.92483 216.914 450.8234 16.11672 218.4673 450.8234 16.86598 220.2762 450.8234 17.12153 222.2173 450.8234 16.86598 224.1585 450.8234 16.11672 225.9673 450.8234 14.92483 227.5206 450.8234 13.37153 228.7125 450.8234 11.56268 229.4618 450.8234 9.621535 229.7173 450.8234 7.68039 229.4618 450.8234 5.871533 228.7125 450.8234 4.318232 227.5206 450.8234 3.126343 225.9673 450.8234 -67.62291 224.1585 450.8234 -67.87847 222.2173 450.8234 -67.62291 220.2762 450.8234 -66.87366 218.4673 450.8234 -65.68177 216.914 450.8234 -64.12847 215.7221 450.8234 -62.31961 214.9729 450.8234 -60.37847 214.7173 450.8234 -58.43732 214.9729 450.8234 -56.62847 215.7221 450.8234 -55.07516 216.914 450.8234 -53.88328 218.4673 450.8234 -53.13402 220.2762 450.8234 -52.87847 222.2173 450.8234 -53.13402 224.1585 450.8234 -53.88328 225.9673 450.8234 -55.07516 227.5206 450.8234 -56.62847 228.7125 450.8234 -58.43732 229.4618 450.8234 -60.37847 229.7173 450.8234 -62.31961 229.4618 450.8234 -64.12847 228.7125 450.8234 -65.68177 227.5206 450.8234 -66.87366 225.9673 449.8234 -90.37847 242.2173 449.8234 -90.37847 202.2173 450.8234 -90.37847 242.2173 450.8234 -90.37847 202.2173 449.8234 109.6215 242.2173 450.8234 109.6215 242.2173 449.8234 109.6215 202.2173 450.8234 109.6215 202.2173 454.8234 -65.37847 128.5571 454.8234 -65.37847 128.5871 454.8234 83.86437 128.5571 454.8234 91.75586 131.8258 454.8234 89.4445 130.0523 454.8234 -68.18996 128.7365 454.8234 -70.87459 129.5848 454.8234 -73.26149 131.078 454.8234 -75.19877 133.1209 454.8234 93.52944 134.1372 454.8234 -76.56313 135.5837 454.8234 94.64435 136.8288 454.8234 -77.26773 138.3096 454.8234 95.02462 139.7173 454.8234 -77.26773 141.1251 454.8234 94.64435 142.6058 454.8234 -76.56313 143.8509 454.8234 -75.19877 146.3137 454.8234 -73.26149 148.3567 454.8234 91.75586 147.6088 454.8234 93.52944 145.2975 454.8234 -65.37847 150.8476 454.8234 -70.87459 149.8498 454.8234 -68.18996 150.6981 454.8234 -65.37847 150.8776 454.8234 83.86437 150.8776 454.8234 86.75286 150.4973 454.8234 89.4445 149.3824 454.8234 86.75286 128.9374 456.8945 -65.37847 149.2884 456.8922 -65.37847 149.2557 454.9951 -65.37847 150.7458 454.9961 -65.37847 150.7452 455.0087 -65.37847 150.7376 455.1497 -65.37847 150.6502 455.9296 -65.37847 150.1036 456.7182 -65.37847 149.4258 456.7286 -65.37847 149.4159 456.6088 -65.37847 149.5285 456.7295 -65.37847 149.415 456.7295 -65.37847 149.4149 458.479 -65.37847 147.1795 457.0195 -65.37847 149.1254 457.02 -65.37847 149.1249 457.027 -65.37847 149.1176 457.119 -65.37847 149.0202 457.7389 -65.37847 148.2884 458.2707 -65.37847 147.5262 458.3594 -65.37847 147.3824 458.3676 -65.37847 147.3688 458.3683 -65.37847 147.3676 458.3684 -65.37847 147.3675 459.4619 -65.37847 144.814 459.4826 -65.37847 144.8055 458.4836 -65.37847 147.2173 459.8225 -65.37847 142.2173 459.8234 -65.37847 142.0797 459.8234 -65.37847 142.2173 456.8945 -67.85723 149.1432 456.8945 -65.44381 149.2588 458.4836 -67.49789 147.1036 458.4836 -69.3114 146.5399 459.4826 -68.30977 144.346 459.4826 -69.40461 143.6668 459.8234 -67.77281 141.6578 459.8234 -68.20969 141.1997 459.4826 -70.29556 142.732 459.8234 -68.5175 140.6466 459.4826 -70.92092 141.6069 459.8234 -68.67649 140.0338 459.4826 -71.24393 140.3609 459.4826 -71.24393 139.0737 458.4836 -73.63648 138.7695 458.4836 -73.16123 136.9345 456.8945 -75.08571 136.1692 456.8945 -73.91355 134.0557 456.8945 -70.17153 148.424 456.8945 -72.23098 147.1464 456.8945 -73.91355 145.379 456.8945 -75.08571 143.2655 456.8945 -75.69109 140.9257 456.8945 -75.69109 138.5089 456.8945 -72.23098 132.2882 456.8945 -70.17153 131.0107 456.8945 -67.85723 130.2914 455.9296 -65.37847 129.3311 456.8945 -65.44381 130.1759 456.6088 -65.37847 129.9062 456.7182 -65.37847 130.0089 454.9951 -65.37847 128.6888 454.9961 -65.37847 128.6894 455.0087 -65.37847 128.6971 455.1497 -65.37847 128.7845 456.7286 -65.37847 130.0188 456.7295 -65.37847 130.0197 456.7295 -65.37847 130.0197 456.8922 -65.37847 130.179 457.0195 -65.37847 130.3092 457.02 -65.37847 130.3097 457.027 -65.37847 130.3171 457.119 -65.37847 130.4145 457.7389 -65.37847 131.1462 458.2707 -65.37847 131.9084 458.4836 -65.60478 132.2407 458.4836 -67.49789 132.3311 458.3594 -65.37847 132.0523 458.3676 -65.37847 132.0659 458.3683 -65.37847 132.0671 458.3684 -65.37847 132.0672 458.479 -65.37847 132.2551 459.4826 -65.7938 134.6451 459.4619 -65.37847 134.6206 459.8225 -65.37847 137.2173 459.8234 -65.37847 137.355 459.8234 -65.99806 137.2252 459.8234 -66.63037 137.2552 459.4826 -67.07943 134.7063 459.4826 -68.30977 135.0887 459.8234 -67.23487 137.4431 459.4826 -69.40461 135.7678 459.8234 -67.77281 137.7768 459.8234 -68.20969 138.2349 459.4826 -70.29556 136.7026 459.8234 -68.5175 138.7881 459.4826 -70.92092 137.8277 459.8234 -68.67649 139.4008 459.8234 -67.23487 141.9915 459.4826 -67.07943 144.7283 458.4836 -65.60478 147.194 459.4826 -65.7938 144.7895 459.8234 -65.99806 142.2094 459.8234 -66.63037 142.1794 458.4836 -70.92521 145.5389 458.4836 -72.24108 144.1574 458.4836 -73.16123 142.5001 458.4836 -73.63648 140.6651 458.4836 -72.24108 135.2772 458.4836 -70.92521 133.8958 458.4836 -69.3114 132.8947 456.8945 -65.37847 130.1463 458.4836 -65.37847 132.2173 459.4826 -65.37847 134.6291 459.8234 -65.37847 137.2173 456.8945 -15.63086 130.1463 456.8945 34.11676 130.1463 456.8945 83.86437 130.1463 458.4836 34.11676 132.2173 458.4836 83.86437 132.2173 459.4826 34.11676 134.6291 459.4826 83.86437 134.6291 459.8234 83.86437 137.2173 459.4826 -15.63086 134.6291 458.4836 -15.63086 132.2173 456.8945 86.34155 130.4724 456.8945 88.6499 131.4285 456.8945 90.63214 132.9496 456.8945 92.15316 134.9318 456.8945 93.10931 137.2402 456.8945 93.43544 139.7173 456.8945 93.10931 142.1945 456.8945 92.15316 144.5029 456.8945 90.63214 146.4851 456.8945 88.6499 148.0061 456.8945 86.34155 148.9623 456.8945 83.86437 149.2884 458.4836 83.86437 147.2173 458.4836 85.80551 146.9618 458.4836 87.61437 146.2125 458.4836 89.16767 145.0206 458.4836 90.35956 143.4673 458.4836 91.10881 141.6585 458.4836 91.36437 139.7173 458.4836 91.10881 137.7762 458.4836 90.35956 135.9673 458.4836 89.16767 134.414 458.4836 87.61437 133.2221 458.4836 85.80551 132.4729 459.4826 85.18129 134.8025 459.8234 84.51142 137.3025 459.4826 83.86437 144.8055 459.4826 85.18129 144.6322 459.4826 86.40847 144.1238 459.4826 87.46227 143.3152 459.4826 88.27087 142.2614 459.4826 88.77919 141.0343 459.4826 88.95256 139.7173 459.4826 88.77919 138.4004 459.4826 88.27087 137.1732 459.4826 87.46227 136.1194 459.4826 86.40847 135.3108 459.8234 83.86437 142.2173 459.8234 84.51142 142.1322 459.8234 85.11437 141.8824 459.8234 85.63214 141.4851 459.8234 86.02944 140.9673 459.8234 86.27919 140.3644 459.8234 86.36437 139.7173 459.8234 86.27919 139.0703 459.8234 86.02944 138.4673 459.8234 85.63214 137.9496 459.8234 85.11437 137.5523 456.8945 34.11676 149.2884 456.8945 -15.63086 149.2884 458.4836 -15.63086 147.2173 459.4826 -15.63086 144.8055 459.4826 34.11676 144.8055 458.4836 34.11676 147.2173 454.8234 -65.37847 88.55709 454.8234 -65.37847 88.58712 454.8234 83.86437 88.55709 454.8234 91.75586 91.82585 454.8234 89.4445 90.05227 454.8234 -68.18996 88.73654 454.8234 -70.87459 89.58483 454.8234 -73.26149 91.07797 454.8234 -75.19877 93.12095 454.8234 93.52944 94.13721 454.8234 -76.56313 95.58374 454.8234 94.64435 96.82885 454.8234 -77.26773 98.30961 454.8234 95.02462 99.71734 454.8234 -77.26773 101.1251 454.8234 94.64435 102.6058 454.8234 -76.56313 103.8509 454.8234 -75.19877 106.3137 454.8234 -73.26149 108.3567 454.8234 91.75586 107.6088 454.8234 93.52944 105.2975 454.8234 -65.37847 110.8476 454.8234 -70.87459 109.8498 454.8234 -68.18996 110.6981 454.8234 -65.37847 110.8776 454.8234 83.86437 110.8776 454.8234 86.75286 110.4973 454.8234 89.4445 109.3824 454.8234 86.75286 88.93736 456.8945 -65.37847 109.2884 456.8922 -65.37847 109.2557 454.9951 -65.37847 110.7458 454.9961 -65.37847 110.7452 455.0087 -65.37847 110.7376 455.1497 -65.37847 110.6502 455.9296 -65.37847 110.1036 456.7182 -65.37847 109.4258 456.7286 -65.37847 109.4159 456.6088 -65.37847 109.5285 456.7295 -65.37847 109.415 456.7295 -65.37847 109.4149 458.479 -65.37847 107.1795 457.0195 -65.37847 109.1254 457.02 -65.37847 109.1249 457.027 -65.37847 109.1176 457.119 -65.37847 109.0202 457.7389 -65.37847 108.2884 458.2707 -65.37847 107.5262 458.3594 -65.37847 107.3824 458.3676 -65.37847 107.3688 458.3683 -65.37847 107.3676 458.3684 -65.37847 107.3675 459.4619 -65.37847 104.814 459.4826 -65.37847 104.8055 458.4836 -65.37847 107.2173 459.8225 -65.37847 102.2173 459.8234 -65.37847 102.0797 459.8234 -65.37847 102.2173 456.8945 -67.85723 109.1432 456.8945 -65.44381 109.2588 458.4836 -67.49789 107.1036 458.4836 -69.3114 106.54 459.4826 -68.30977 104.346 459.4826 -69.40461 103.6668 459.8234 -67.77281 101.6579 459.8234 -68.20969 101.1997 459.4826 -70.29556 102.732 459.8234 -68.5175 100.6466 459.4826 -70.92092 101.6069 459.8234 -68.67649 100.0339 459.4826 -71.24393 100.3609 459.4826 -71.24393 99.07374 458.4836 -73.63648 98.76955 458.4836 -73.16123 96.93452 456.8945 -75.08571 96.16921 456.8945 -73.91355 94.0557 456.8945 -70.17153 108.424 456.8945 -72.23098 107.1464 456.8945 -73.91355 105.379 456.8945 -75.08571 103.2655 456.8945 -75.69109 100.9257 456.8945 -75.69109 98.50894 456.8945 -72.23098 92.28823 456.8945 -70.17153 91.01071 456.8945 -67.85723 90.29143 455.9296 -65.37847 89.33106 456.8945 -65.44381 90.17592 456.6088 -65.37847 89.90621 456.7182 -65.37847 90.00889 454.9951 -65.37847 88.68884 454.9961 -65.37847 88.68946 455.0087 -65.37847 88.6971 455.1497 -65.37847 88.78446 456.7286 -65.37847 90.01879 456.7295 -65.37847 90.01967 456.7295 -65.37847 90.01975 456.8922 -65.37847 90.17901 457.0195 -65.37847 90.30923 457.02 -65.37847 90.30976 457.027 -65.37847 90.3171 457.119 -65.37847 90.41445 457.7389 -65.37847 91.14625 458.2707 -65.37847 91.90843 458.4836 -65.60478 92.24073 458.4836 -67.49789 92.33109 458.3594 -65.37847 92.05228 458.3676 -65.37847 92.06589 458.3683 -65.37847 92.06707 458.3684 -65.37847 92.06716 458.479 -65.37847 92.25514 459.4826 -65.7938 94.64512 459.4619 -65.37847 94.62064 459.8225 -65.37847 97.21735 459.8234 -65.37847 97.35501 459.8234 -65.99806 97.22524 459.8234 -66.63037 97.25526 459.4826 -67.07943 94.70632 459.4826 -68.30977 95.0887 459.8234 -67.23487 97.44313 459.4826 -69.40461 95.76786 459.8234 -67.77281 97.77683 459.8234 -68.20969 98.23493 459.4826 -70.29556 96.70265 459.8234 -68.5175 98.78809 459.4826 -70.92092 97.82773 459.8234 -68.67649 99.40083 459.8234 -67.23487 101.9915 459.4826 -67.07943 104.7284 458.4836 -65.60478 107.194 459.4826 -65.7938 104.7896 459.8234 -65.99806 102.2094 459.8234 -66.63037 102.1794 458.4836 -70.92521 105.5389 458.4836 -72.24108 104.1574 458.4836 -73.16123 102.5002 458.4836 -73.63648 100.6651 458.4836 -72.24108 95.27725 458.4836 -70.92521 93.8958 458.4836 -69.3114 92.89472 456.8945 -65.37847 90.14627 458.4836 -65.37847 92.21734 459.4826 -65.37847 94.62915 459.8234 -65.37847 97.21734 456.8945 -15.63086 90.14627 456.8945 34.11676 90.14627 456.8945 83.86437 90.14627 458.4836 34.11676 92.21734 458.4836 83.86437 92.21734 459.4826 34.11676 94.62915 459.4826 83.86437 94.62915 459.8234 83.86437 97.21734 459.4826 -15.63086 94.62915 458.4836 -15.63086 92.21734 456.8945 86.34155 90.4724 456.8945 88.6499 91.42855 456.8945 90.63214 92.94957 456.8945 92.15316 94.9318 456.8945 93.10931 97.24016 456.8945 93.43544 99.71734 456.8945 93.10931 102.1945 456.8945 92.15316 104.5029 456.8945 90.63214 106.4851 456.8945 88.6499 108.0061 456.8945 86.34155 108.9623 456.8945 83.86437 109.2884 458.4836 83.86437 107.2173 458.4836 85.80551 106.9618 458.4836 87.61437 106.2125 458.4836 89.16767 105.0206 458.4836 90.35956 103.4673 458.4836 91.10881 101.6585 458.4836 91.36437 99.71734 458.4836 91.10881 97.77619 458.4836 90.35956 95.96734 458.4836 89.16767 94.41403 458.4836 87.61437 93.22215 458.4836 85.80551 92.4729 459.4826 85.18129 94.80252 459.8234 84.51142 97.30252 459.4826 83.86437 104.8055 459.4826 85.18129 104.6322 459.4826 86.40847 104.1238 459.4826 87.46227 103.3152 459.4826 88.27087 102.2614 459.4826 88.77919 101.0343 459.4826 88.95256 99.71734 459.4826 88.77919 98.40042 459.4826 88.27087 97.17324 459.4826 87.46227 96.11945 459.4826 86.40847 95.31084 459.8234 83.86437 102.2173 459.8234 84.51142 102.1322 459.8234 85.11437 101.8824 459.8234 85.63214 101.4851 459.8234 86.02944 100.9673 459.8234 86.27919 100.3644 459.8234 86.36437 99.71734 459.8234 86.27919 99.07029 459.8234 86.02944 98.46734 459.8234 85.63214 97.94957 459.8234 85.11437 97.55227 456.8945 34.11676 109.2884 456.8945 -15.63086 109.2884 458.4836 -15.63086 107.2173 459.4826 -15.63086 104.8055 459.4826 34.11676 104.8055 458.4836 34.11676 107.2173 -74.75176 -260.3785 94.24533 -74.75176 -310.3785 94.24533 -75.17665 -260.3785 102.2173 -75.17665 -310.3785 102.2173 -74.75176 -260.3785 110.1893 -74.75176 -310.3785 110.1893 -73.4819 -260.3785 118.071 -73.4819 -310.3785 118.071 -71.38146 -260.3785 125.7731 -71.38146 -310.3785 125.7731 -68.47425 -260.3785 133.2082 -68.47425 -310.3785 133.2082 -64.7932 -260.3785 140.2923 -64.7932 -310.3785 140.2923 -60.38002 -260.3785 146.9449 -60.38002 -310.3785 146.9449 -55.2847 -260.3785 153.0907 -55.2847 -310.3785 153.0907 -49.56499 -260.3785 158.6601 -49.56499 -310.3785 158.6601 -43.2857 -260.3785 163.59 -43.2857 -310.3785 163.59 -36.51796 -260.3785 167.8246 -36.51796 -310.3785 167.8246 -29.33846 -260.3785 171.3157 -29.33846 -310.3785 171.3157 -21.82854 -260.3785 174.024 -21.82854 -310.3785 174.024 -14.0733 -260.3785 175.9186 -14.0733 -310.3785 175.9186 -6.160601 -260.3785 176.9782 -6.160601 -310.3785 176.9782 1.819896 -260.3785 177.1907 1.819896 -310.3785 177.1907 9.777771 -260.3785 176.5538 9.777771 -310.3785 176.5538 17.62286 -260.3785 175.0746 17.62286 -310.3785 175.0746 25.26627 -260.3785 172.7698 25.26627 -310.3785 172.7698 32.62141 -260.3785 169.6657 32.62141 -310.3785 169.6657 39.60492 -260.3785 165.7974 39.60492 -310.3785 165.7974 46.1377 -260.3785 161.2087 46.1377 -310.3785 161.2087 52.14572 -260.3785 155.9516 52.14572 -310.3785 155.9516 57.5609 -260.3785 150.0856 57.5609 -310.3785 150.0856 62.3219 -260.3785 143.6773 62.3219 -310.3785 143.6773 66.37477 -260.3785 136.7993 66.37477 -310.3785 136.7993 69.67357 -260.3785 129.5294 69.67357 -310.3785 129.5294 72.18095 -260.3785 121.95 72.18095 -310.3785 121.95 73.86849 -260.3785 114.1471 73.86849 -310.3785 114.1471 74.71706 -260.3785 106.209 74.71706 -310.3785 106.209 74.71706 -260.3785 98.22567 74.71706 -310.3785 98.22567 73.86849 -260.3785 90.28758 73.86849 -310.3785 90.28758 72.18095 -260.3785 82.48464 72.18095 -310.3785 82.48464 69.67357 -260.3785 74.9053 69.67357 -310.3785 74.9053 66.37477 -260.3785 67.6354 66.37477 -310.3785 67.6354 62.3219 -260.3785 60.75733 62.3219 -310.3785 60.75733 57.5609 -260.3785 54.34902 57.5609 -310.3785 54.34902 52.14572 -260.3785 48.48308 52.14572 -310.3785 48.48308 46.1377 -260.3785 43.22597 46.1377 -310.3785 43.22597 39.60492 -260.3785 38.63725 39.60492 -310.3785 38.63725 32.62141 -260.3785 34.76892 32.62141 -310.3785 34.76892 25.26627 -260.3785 31.66482 25.26627 -310.3785 31.66482 17.62286 -260.3785 29.36009 17.62286 -310.3785 29.36009 9.777771 -260.3785 27.88088 9.777771 -310.3785 27.88088 1.819896 -260.3785 27.24392 1.819896 -310.3785 27.24392 -6.160601 -260.3785 27.45644 -6.160601 -310.3785 27.45644 -14.0733 -260.3785 28.51603 -14.0733 -310.3785 28.51603 -21.82854 -260.3785 30.41068 -21.82854 -310.3785 30.41068 -29.33846 -260.3785 33.11894 -29.33846 -310.3785 33.11894 -36.51796 -260.3785 36.6101 -36.51796 -310.3785 36.6101 -43.2857 -260.3785 40.84463 -43.2857 -310.3785 40.84463 -49.56499 -260.3785 45.77453 -49.56499 -310.3785 45.77453 -55.2847 -260.3785 51.34395 -55.2847 -310.3785 51.34395 -60.38002 -260.3785 57.48978 -60.38002 -310.3785 57.48978 -64.7932 -260.3785 64.14241 -64.7932 -310.3785 64.14241 -68.47425 -260.3785 71.22643 -68.47425 -310.3785 71.22643 -71.38146 -260.3785 78.66159 -71.38146 -310.3785 78.66159 -73.4819 -260.3785 86.36364 -73.4819 -310.3785 86.36364 -99.75006 -260.3785 92.9905 -99.75006 -310.3785 92.9905 -100.1766 -260.3785 102.2173 -100.1766 -310.3785 102.2173 -99.75006 -260.3785 111.4442 -99.75006 -310.3785 111.4442 -98.47396 -260.3785 120.5923 -98.47396 -310.3785 120.5923 -96.35921 -260.3785 129.5836 -96.35921 -310.3785 129.5836 -93.42387 -260.3785 138.3415 -93.42387 -310.3785 138.3415 -89.69297 -260.3785 146.7912 -89.69297 -310.3785 146.7912 -85.19836 -260.3785 154.8605 -85.19836 -310.3785 154.8605 -79.97837 -260.3785 162.4808 -79.97837 -310.3785 162.4808 -74.07754 -260.3785 169.5869 -74.07754 -310.3785 169.5869 -67.54621 -260.3785 176.1182 -67.54621 -310.3785 176.1182 -60.4401 -260.3785 182.0191 -60.4401 -310.3785 182.0191 -52.81986 -260.3785 187.239 -52.81986 -310.3785 187.239 -44.75048 -260.3785 191.7337 -44.75048 -310.3785 191.7337 -36.30081 -260.3785 195.4645 -36.30081 -310.3785 195.4645 -27.54294 -260.3785 198.3999 -27.54294 -310.3785 198.3999 -18.5516 -260.3785 200.5146 -18.5516 -310.3785 200.5146 -9.40348 -260.3785 201.7908 -9.40348 -310.3785 201.7908 -0.1766433 -260.3785 202.2173 -0.1766433 -310.3785 202.2173 9.050193 -260.3785 201.7908 9.050193 -310.3785 201.7908 18.19831 -260.3785 200.5146 18.19831 -310.3785 200.5146 27.18966 -260.3785 198.3999 27.18966 -310.3785 198.3999 35.94752 -260.3785 195.4645 35.94752 -310.3785 195.4645 44.39719 -260.3785 191.7337 44.39719 -310.3785 191.7337 52.46657 -260.3785 187.239 52.46657 -310.3785 187.239 60.08682 -260.3785 182.0191 60.08682 -310.3785 182.0191 67.19293 -260.3785 176.1182 67.19293 -310.3785 176.1182 73.72425 -260.3785 169.5869 73.72425 -310.3785 169.5869 79.62508 -260.3785 162.4808 79.62508 -310.3785 162.4808 84.84507 -260.3785 154.8605 84.84507 -310.3785 154.8605 89.33969 -260.3785 146.7912 89.33969 -310.3785 146.7912 93.07058 -260.3785 138.3415 93.07058 -310.3785 138.3415 96.00592 -260.3785 129.5836 96.00592 -310.3785 129.5836 98.12067 -260.3785 120.5923 98.12067 -310.3785 120.5923 99.39678 -260.3785 111.4442 99.39678 -310.3785 111.4442 99.82336 -260.3785 102.2173 99.82336 -310.3785 102.2173 99.39678 -260.3785 92.9905 99.39678 -310.3785 92.9905 98.12067 -260.3785 83.84239 98.12067 -310.3785 83.84239 96.00592 -260.3785 74.85104 96.00592 -310.3785 74.85104 93.07058 -260.3785 66.09317 93.07058 -310.3785 66.09317 89.33969 -260.3785 57.6435 89.33969 -310.3785 57.6435 84.84507 -260.3785 49.57412 84.84507 -310.3785 49.57412 79.62508 -260.3785 41.95387 79.62508 -310.3785 41.95387 73.72425 -260.3785 34.84777 73.72425 -310.3785 34.84777 67.19293 -260.3785 28.31645 67.19293 -310.3785 28.31645 60.08682 -260.3785 22.41561 60.08682 -310.3785 22.41561 52.46657 -260.3785 17.19562 52.46657 -310.3785 17.19562 44.39719 -260.3785 12.70101 44.39719 -310.3785 12.70101 35.94752 -260.3785 8.970113 35.94752 -310.3785 8.970113 27.18966 -260.3785 6.034772 27.18966 -310.3785 6.034772 18.19831 -260.3785 3.920026 18.19831 -310.3785 3.920026 9.050193 -260.3785 2.643918 9.050193 -310.3785 2.643918 -0.1766433 -260.3785 2.217336 -0.1766433 -310.3785 2.217336 -9.40348 -260.3785 2.643918 -9.40348 -310.3785 2.643918 -18.5516 -260.3785 3.920026 -18.5516 -310.3785 3.920026 -27.54294 -260.3785 6.034772 -27.54294 -310.3785 6.034772 -36.30081 -260.3785 8.970113 -36.30081 -310.3785 8.970113 -44.75048 -260.3785 12.70101 -44.75048 -310.3785 12.70101 -52.81986 -260.3785 17.19562 -52.81986 -310.3785 17.19562 -60.4401 -260.3785 22.41561 -60.4401 -310.3785 22.41561 -67.54621 -260.3785 28.31645 -67.54621 -310.3785 28.31645 -74.07754 -260.3785 34.84777 -74.07754 -310.3785 34.84777 -79.97837 -260.3785 41.95387 -79.97837 -310.3785 41.95387 -85.19836 -260.3785 49.57412 -85.19836 -310.3785 49.57412 -89.69297 -260.3785 57.6435 -89.69297 -310.3785 57.6435 -93.42387 -260.3785 66.09317 -93.42387 -310.3785 66.09317 -96.35921 -260.3785 74.85104 -96.35921 -310.3785 74.85104 -98.47396 -260.3785 83.84239 -98.47396 -310.3785 83.84239</float_array>
          <technique_common>
            <accessor source="#bcr_bot_logo-mesh-positions-array" count="6986" stride="3">
              <param name="X" type="float"/>
              <param name="Y" type="float"/>
              <param name="Z" type="float"/>
            </accessor>
          </technique_common>
        </source>
        <source id="bcr_bot_logo-mesh-normals">
          <float_array id="bcr_bot_logo-mesh-normals-array" count="35136">-0.9985827 0 0.05322307 -0.9985827 0 -0.05322319 -0.9872683 0 -0.1590641 -0.9872685 0 -0.1590635 -0.9647676 0 -0.2631037 -0.9647676 0 -0.2631034 -0.9313367 0 -0.3641595 -0.9313367 0 -0.3641592 -0.8873518 0 -0.4610932 -0.833315 0 -0.5527986 -0.8333148 0 -0.5527987 -0.7698336 0 -0.6382448 -0.7698328 0 -0.6382456 -0.6976318 0 -0.7164565 -0.6976315 0 -0.7164568 -0.6175246 0 -0.7865515 -0.6175258 0 -0.7865507 -0.530421 0 -0.8477345 -0.5304216 0 -0.847734 -0.4373071 0 -0.8993122 -0.4373068 0 -0.8993124 -0.339239 0 -0.9407004 -0.3392395 0 -0.9407001 -0.237326 0 -0.9714302 -0.2373257 0 -0.9714302 -0.1327254 0 -0.9911529 -0.02662038 0 -0.9996457 -0.02662098 0 -0.9996457 0.07978659 0 -0.9968121 0.07978606 0 -0.996812 0.1852874 0 -0.9826845 0.2886937 0 -0.9574216 0.2886926 0 -0.9574218 0.3888232 0 -0.9213125 0.4845519 0 -0.8747627 0.4845514 0 -0.8747629 0.574788 0 -0.8183025 0.5747873 0 -0.8183029 0.6585113 0 -0.7525709 0.658511 0 -0.7525711 0.7347742 0 -0.6783118 0.7347751 0 -0.6783109 0.8027114 0 -0.5963678 0.8027111 0 -0.5963681 0.8615539 0 -0.5076662 0.8615536 0 -0.5076667 0.9106353 0 -0.4132111 0.9106354 0 -0.4132109 0.9493973 0 -0.3140777 0.9493977 0 -0.3140767 0.9774035 0 -0.2113823 0.9774034 0 -0.2113829 0.9943349 0 -0.1062932 0.9943349 0 -0.1062929 1 0 0 0.9943349 0 0.1062929 0.9943349 0 0.1062934 0.9774032 0 0.2113833 0.9774033 0 0.2113835 0.9493981 0 0.3140752 0.9493984 0 0.3140745 0.9106355 0 0.4132106 0.910635 0 0.4132118 0.8615517 0 0.5076699 0.8615511 0 0.5076711 0.8027102 0 0.5963695 0.8027124 0 0.5963664 0.7347776 0 0.6783082 0.7347779 0 0.6783079 0.6585085 0 0.7525733 0.658511 0 0.7525711 0.5747867 0 0.8183033 0.5747873 0 0.8183029 0.4845471 0 0.8747652 0.4845509 0 0.8747632 0.388819 0 0.9213142 0.3888232 0 0.9213125 0.2887016 0 0.9574192 0.2887061 0 0.9574179 0.1852885 0 0.9826842 0.1852838 0 0.9826852 0.07977563 0 0.9968129 0.07977575 0 0.9968129 -0.02661794 0 0.9996458 -0.02661305 0 0.9996458 -0.1327278 0 0.9911525 -0.2373213 0 0.9714312 -0.2373164 0 0.9714325 -0.339246 0 0.9406977 -0.4372997 0 0.8993159 -0.4372965 0 0.8993175 -0.5304285 0 0.8477298 -0.5304291 0 0.8477294 -0.6175254 0 0.7865509 -0.6976299 0 0.7164583 -0.6976296 0 0.7164586 -0.7698326 0 0.6382459 -0.7698309 0 0.638248 -0.8333142 0 0.5527997 -0.8333138 0 0.5528004 -0.8873541 0 0.4610887 -0.9313355 0 0.3641623 -0.9313356 0 0.3641621 -0.9647679 0 0.2631025 -0.964768 0 0.2631022 -0.9872683 0 0.1590636 -0.9872685 0 0.1590632 0 -1 0 0 -1 -3.66582e-6 0 -1 -4.9344e-6 0 -1 3.56506e-6 0 -1 4.94731e-6 0 -1 4.70226e-6 0 -1 -4.39881e-6 0 -1 4.14654e-6 0 -1 -6.69823e-6 0 -1 3.55843e-6 0 -1 -5.48012e-7 0 -1 -4.93999e-6 0 -1 6.7381e-6 0 -1 5.87787e-7 0 -1 6.88844e-7 0 -1 -2.51708e-6 0 -1 7.53475e-6 0 -1 -8.57007e-6 0 -1 9.8947e-6 0 -1 -4.35883e-6 0 -1 2.0331e-5 0 -1 -7.13009e-6 0 -1 -1.97375e-5 0 -1 1.46633e-5 0 -1 2.42543e-5 0 1 0 0 1 7.20768e-5 0.9985827 0 0.05322319 0.9985827 0 -0.05322307 0.9872684 0 -0.1590633 0.9872685 0 -0.1590635 0.9647679 0 -0.2631025 0.964768 0 -0.2631022 0.9313355 0 -0.3641623 0.9313356 0 -0.3641621 0.8873541 0 -0.4610887 0.8333135 0 -0.5528008 0.8333145 0 -0.5527992 0.7698306 0 -0.6382484 0.7698328 0 -0.6382456 0.6976299 0 -0.7164583 0.6976296 0 -0.7164586 0.6175254 0 -0.7865509 0.5304285 0 -0.8477298 0.5304291 0 -0.8477294 0.4372957 0 -0.8993178 0.4373005 0 -0.8993156 0.339246 0 -0.9406977 0.2373167 0 -0.9714324 0.2373211 0 -0.9714314 0.1327278 0 -0.9911525 0.02661305 0 -0.9996458 0.02661794 0 -0.9996458 -0.07977563 0 -0.9968129 -0.07977575 0 -0.9968129 -0.1852838 0 -0.9826852 -0.1852885 0 -0.9826842 -0.2887061 0 -0.9574179 -0.2887016 0 -0.9574192 -0.3888232 0 -0.9213125 -0.388819 0 -0.9213142 -0.4845509 0 -0.8747632 -0.4845471 0 -0.8747652 -0.5747867 0 -0.8183033 -0.5747873 0 -0.8183029 -0.6585113 0 -0.7525709 -0.6585083 0 -0.7525736 -0.7347776 0 -0.6783082 -0.7347779 0 -0.6783079 -0.8027127 0 -0.596366 -0.8027098 0 -0.5963699 -0.8615511 0 -0.5076711 -0.8615517 0 -0.5076699 -0.9106351 0 -0.4132116 -0.9106354 0 -0.4132109 -0.9493984 0 -0.3140745 -0.9493981 0 -0.3140752 -0.9774032 0 -0.2113833 -0.9774033 0 -0.2113835 -0.9943349 0 -0.1062934 -0.9943349 0 -0.1062929 -1 0 0 -0.9943349 0 0.1062929 -0.9943349 0 0.1062932 -0.9774034 0 0.2113828 -0.9774034 0 0.2113824 -0.9493977 0 0.3140767 -0.9493973 0 0.3140777 -0.9106355 0 0.4132106 -0.9106352 0 0.4132114 -0.8615536 0 0.5076667 -0.8615539 0 0.5076662 -0.8027114 0 0.5963678 -0.8027111 0 0.5963681 -0.7347747 0 0.6783112 -0.7347745 0 0.6783115 -0.6585113 0 0.7525709 -0.658511 0 0.7525711 -0.5747867 0 0.8183033 -0.5747885 0 0.818302 -0.4845514 0 0.8747629 -0.4845519 0 0.8747627 -0.3888232 0 0.9213125 -0.2886926 0 0.9574218 -0.2886937 0 0.9574216 -0.1852874 0 0.9826845 -0.07978594 0 0.9968121 -0.07978665 0 0.996812 0.02662098 0 0.9996457 0.02662038 0 0.9996457 0.1327254 0 0.9911529 0.237326 0 0.9714302 0.2373257 0 0.9714302 0.3392395 0 0.9407001 0.339239 0 0.9407004 0.4373061 0 0.8993127 0.4373078 0 0.8993119 0.530421 0 0.8477345 0.5304216 0 0.847734 0.6175258 0 0.7865507 0.6175246 0 0.7865515 0.6976318 0 0.7164565 0.6976315 0 0.7164568 0.7698326 0 0.6382459 0.7698338 0 0.6382444 0.8333145 0 0.5527991 0.8333153 0 0.5527981 0.8873518 0 0.4610932 0.9313367 0 0.3641595 0.9313367 0 0.3641592 0.9647676 0 0.2631037 0.9647676 0 0.2631034 0.9872683 0 0.1590636 0.9872683 0 0.1590639 -0.9989333 0 0.04617822 -0.9989333 0 0.04617816 -0.9989333 0 -0.04617857 -0.9989332 0 -0.04617863 -0.9904105 0 -0.1381556 -0.9904106 0 -0.1381554 -0.9734379 0 -0.2289513 -0.9734379 0 -0.2289516 -0.9481605 0 -0.317792 -0.9481608 0 -0.3177911 -0.9147939 0 -0.4039211 -0.9147939 0 -0.403921 -0.8736224 0 -0.4866046 -0.824998 0 -0.5651357 -0.7693337 0 -0.6388472 -0.7693337 0 -0.6388471 -0.7071063 0 -0.7071074 -0.7071068 0 -0.7071068 -0.6388468 0 -0.7693341 -0.5651372 0 -0.8249969 -0.5651364 0 -0.8249975 -0.4866045 0 -0.8736225 -0.4866042 0 -0.8736225 -0.4039208 0 -0.914794 -0.4039214 0 -0.9147938 -0.3177912 0 -0.9481608 -0.3177914 0 -0.9481607 -0.2289507 0 -0.973438 -0.2289508 0 -0.973438 -0.1381564 0 -0.9904105 -0.1381562 0 -0.9904105 -0.04618346 0 -0.998933 -0.04618334 0 -0.998933 0.04618334 0 -0.998933 0.04618346 0 -0.998933 0.1381564 0 -0.9904105 0.1381562 0 -0.9904105 0.2289506 0 -0.973438 0.2289505 0 -0.973438 0.317792 0 -0.9481605 0.3177915 0 -0.9481606 0.403921 0 -0.914794 0.4039213 0 -0.9147938 0.4866042 0 -0.8736225 0.4866045 0 -0.8736225 0.5651358 0 -0.8249979 0.5651367 0 -0.8249974 0.638847 0 -0.769334 0.6388472 0 -0.7693337 0.7071065 0 -0.7071071 0.769334 0 -0.6388468 0.7693342 0 -0.6388465 0.8249978 0 -0.5651361 0.8249975 0 -0.5651364 0.8736222 0 -0.4866051 0.8736219 0 -0.4866055 0.9147941 0 -0.4039206 0.9147943 0 -0.4039202 0.9481608 0 -0.3177911 0.9481605 0 -0.317792 0.973438 0 -0.2289506 0.9904105 0 -0.1381563 0.9904105 0 -0.1381564 0.998933 0 -0.04618364 0.9989331 0 -0.04618352 0.998933 0 0.04618316 0.998933 0 0.0461831 0.9904104 0 0.1381565 0.9904105 0 0.1381564 0.9734378 0 0.228952 0.9734379 0 0.2289515 0.9481611 0 0.31779 0.9481607 0 0.3177914 0.9147948 0 0.4039191 0.8736196 0 0.4866095 0.8736199 0 0.4866091 0.8249991 0 0.5651341 0.8249995 0 0.5651335 0.7693349 0 0.6388458 0.769334 0 0.6388468 0.7071047 0 0.7071089 0.7071071 0 0.7071065 0.6388483 0 0.7693328 0.638851 0 0.7693305 0.5651339 0 0.8249992 0.5651316 0 0.8250009 0.4866107 0 0.873619 0.4866075 0 0.8736208 0.4039105 0 0.9147986 0.4039144 0 0.9147968 0.3177968 0 0.9481589 0.3178002 0 0.9481578 0.2289445 0 0.9734395 0.1381673 0 0.9904089 0.1381672 0 0.990409 0.04617708 0 0.9989333 0.04617285 0 0.9989336 -0.04617285 0 0.9989336 -0.04617708 0 0.9989333 -0.1381673 0 0.9904089 -0.1381672 0 0.990409 -0.2289448 0 0.9734394 -0.3177999 0 0.9481578 -0.3177961 0 0.9481592 -0.403914 0 0.914797 -0.4039108 0 0.9147983 -0.4866075 0 0.8736208 -0.4866107 0 0.873619 -0.565132 0 0.8250006 -0.5651344 0 0.824999 -0.6388505 0 0.769331 -0.638848 0 0.7693331 -0.7071068 0 0.7071068 -0.7071049 0 0.7071086 -0.7693335 0 0.6388475 -0.7693347 0 0.6388461 -0.8250001 0 0.5651327 -0.8249993 0 0.5651337 -0.8736204 0 0.4866083 -0.8736198 0 0.4866091 -0.9147944 0 0.4039199 -0.9147946 0 0.4039195 -0.9481607 0 0.3177914 -0.9481611 0 0.31779 -0.9734377 0 0.2289522 -0.9734376 0 0.228953 -0.9904105 0 0.1381556 0 1 -7.938e-7 0 1 7.93792e-7 0 1 4.2406e-6 0 1 -1.5245e-6 0 1 1.21837e-6 0 1 6.09048e-7 0 1 -4.24652e-6 0 1 -2.43759e-6 0 1 4.24342e-6 0 1 1.22046e-6 0 1 -1.22309e-6 0 1 2.1185e-6 0 1 1.2207e-6 0 1 -2.12145e-6 0 1 2.43786e-6 0 1 -2.43625e-6 0 1 2.12358e-6 0 1 -2.43658e-6 0 1 2.12273e-6 0 1 -1.06031e-6 0 1 -2.44302e-6 0 1 1.05862e-6 0 1 1.05816e-6 0 1 1.05999e-6 0 1 -2.43959e-6 0 1 2.44045e-6 0 1 -2.11927e-6 0 1 -2.44192e-6 0 1 -2.43634e-6 0 1 4.24718e-6 0 1 -3.65466e-6 0 1 4.24182e-6 0 1 -1.22123e-6 0 1 -4.23535e-6 0 1 -1.83364e-6 0 1 -3.05001e-6 0 1 3.04639e-7 0 1 -3.04639e-7 0 1 3.05002e-6 0 1 -4.23928e-6 0 1 1.83363e-6 0 1 4.23534e-6 0 1 1.22123e-6 0 1 -4.24186e-6 0 1 3.65466e-6 0 1 -4.24717e-6 0 1 2.43632e-6 0 1 2.44192e-6 0 1 -1.05767e-6 0 1 1.05964e-6 0 1 -2.44045e-6 0 1 5.3084e-7 0 1 -3.98155e-7 0 1 -5.30591e-7 0 1 2.43959e-6 0 1 -1.05998e-6 0 1 -1.05816e-6 0 1 2.44303e-6 0 1 -4.24547e-6 0 1 2.43659e-6 0 1 2.43624e-6 0 1 -2.43786e-6 0 1 -1.2207e-6 0 1 1.2231e-6 0 1 -1.22046e-6 0 1 2.43756e-6 0 1 -6.09053e-7 0 1 -1.21836e-6 0 1 1.52449e-6 0 1 -8.4812e-6 0 1 2.44361e-6 0 -1 -2.18293e-6 0 -1 2.18295e-6 0 -1 4.2406e-6 0 -1 -3.65878e-6 0 -1 1.82754e-6 0 -1 -1.21811e-6 0 -1 2.43756e-6 0 -1 -2.44093e-6 0 -1 -2.4462e-6 0 -1 -2.44141e-6 0 -1 2.12316e-6 0 -1 -1.21829e-6 0 -1 1.06137e-6 0 -1 -2.12349e-6 0 -1 2.12336e-6 0 -1 -2.43733e-6 0 -1 2.12194e-6 0 -1 -2.44045e-6 0 -1 -1.22276e-6 0 -1 2.11533e-6 0 -1 1.21908e-6 0 -1 3.65448e-6 0 -1 -4.24717e-6 0 -1 4.24575e-6 0 -1 3.05307e-6 0 -1 -4.23534e-6 0 -1 6.11209e-7 0 -1 1.52501e-6 0 -1 -9.13918e-7 0 -1 9.13918e-7 0 -1 -1.525e-6 0 -1 -6.11214e-7 0 -1 -3.05307e-6 0 -1 -4.24577e-6 0 -1 4.24718e-6 0 -1 -3.6545e-6 0 -1 -1.21908e-6 0 -1 -1.05767e-6 0 -1 1.22276e-6 0 -1 2.44045e-6 0 -1 -2.12195e-6 0 -1 2.43734e-6 0 -1 -1.59252e-6 0 -1 1.72534e-6 0 -1 -5.29993e-7 0 -1 1.21829e-6 0 -1 -4.2463e-6 0 -1 2.4414e-6 0 -1 -4.22966e-6 0 -1 2.44619e-6 0 -1 2.44091e-6 0 -1 -2.43759e-6 0 -1 1.2181e-6 0 -1 -1.82755e-6 0 -1 3.65879e-6 0 -1 -4.2406e-6 0 -1 6.10904e-7 -0.262907 0 -0.9648212 0.06540322 -0.9977177 0.01678705 0.06539529 -0.9977183 0.01678878 0.1950501 -0.9806496 0.01678675 0.1950629 -0.9806471 0.01678955 0.3213861 -0.9467996 0.01678121 0.3213927 -0.9467973 0.01678633 0.4422349 -0.8967423 0.01677834 0.442225 -0.8967469 0.01679164 0.5554876 -0.8313555 0.01678431 0.5554958 -0.8313499 0.01678961 0.6592627 -0.7517253 0.01678681 0.6592475 -0.7517387 0.01678895 0.7517305 -0.6592568 0.01679253 0.7517325 -0.6592544 0.01678913 0.8313601 -0.5554807 0.01678717 0.8313526 -0.5554919 0.01678353 0.8967465 -0.4422261 0.01678693 0.8967404 -0.4422383 0.01679062 0.9467973 -0.3213925 0.0167911 0.9467957 -0.3213976 0.01678192 0.9806493 -0.1950521 0.01678341 0.9806505 -0.1950453 0.01678949 0.9977176 -0.06540417 0.01678866 0.9977174 -0.06540954 0.01678562 0.9450693 -0.01663851 0.3264466 0.9452569 -0.01664179 0.3259028 0.8322669 0 0.5543753 0.9449992 0.01670658 0.3266459 0 -0.9998587 0.01681244 -1.32209e-7 -0.9998587 0.01681709 0 -0.9998583 0.01683324 -0.001487672 0.01255518 -0.9999201 -0.002150595 -0.01252013 -0.9999194 -0.001857578 0.9999983 0 -0.001863956 0.9999983 0 -0.944866 0.0166133 0.3270356 -0.9448973 0.01660817 0.3269453 -0.9448031 0.01662313 0.3272165 -0.8320609 0 0.5546843 -0.8320077 0 0.5547642 -0.8320609 0 0.5546843 -0.9451389 -0.01662111 0.3262459 -0.9450291 -0.01663392 0.3265628 -0.9450605 -0.01663017 0.3264723 -0.3741598 0.0132997 0.927269 -0.3742932 0.01329749 0.927215 -0.3742932 0.01329755 0.9272152 -0.4851955 0 0.8744058 -0.4851955 0 0.8744058 -0.4851955 0 0.8744058 -0.5888375 -0.01543295 0.8081042 0.9571045 0.04767519 0.2857939 0.4884561 -4.46883e-4 0.8725884 0.5886009 -0.01541864 0.8082768 0.5886389 -0.01542723 0.8082489 0.5886389 -0.01542723 0.808249 0.4851078 0 0.8744544 0.4851078 0 0.8744544 0.4845209 0 0.8747798 0.007811665 0.9998961 0.01211994 -0.006433904 0.9999357 0.009345173 -0.006445944 0.9999315 0.00976938 -0.01570463 -0.9998574 -0.006218969 -0.01608604 -0.9998592 -0.004805803 -0.01616853 -0.9998581 -0.004740536 -0.01649594 -0.9998584 -0.003320157 -0.0164842 -0.9998588 -0.0032866 -0.01675581 -0.9998579 -0.001894831 -0.01668232 -0.9998594 -0.00174266 -0.01688611 -0.9998574 -4.3345e-4 -0.01674199 -0.9998599 -1.80797e-4 -0.01688504 -0.999857 0.001017808 -0.01666319 -0.9998604 0.001367926 -0.01675248 -0.9998567 0.002479851 -0.01644688 -0.9998605 0.002906084 -0.01648902 -0.9998565 0.00391376 -0.01609504 -0.9998608 0.004423737 -0.01609694 -0.9998563 0.005321681 -0.01561045 -0.9998609 0.005892336 -0.01557928 -0.9998564 0.006691098 -0.0149967 -0.9998608 0.007318139 -0.01494044 -0.9998564 0.008009076 -0.01425874 -0.9998607 0.00869143 -0.0141859 -0.9998566 0.009255647 -0.01340144 -0.9998604 0.009984314 -0.01332229 -0.9998568 0.01044112 -0.0124315 -0.9998601 0.01119816 -0.01235705 -0.9998571 0.01153421 -0.01135569 -0.9998596 0.01232033 -0.01129847 -0.9998576 0.01253819 -0.01018178 -0.9998591 0.01335382 -0.01015591 -0.9998582 0.01343727 -0.008956313 -0.9998584 0.01425445 -0.008900642 -0.9998589 0.01424694 -0.00770992 -0.9998577 0.01500433 -0.007522284 -0.9998595 0.01498556 -0.006398856 -0.9998573 0.01563781 -0.006086945 -0.99986 0.01558697 -0.00503391 -0.9998568 0.01615512 -0.004605591 -0.9998604 0.01606786 -0.003626286 -0.9998566 0.01654529 -0.003089845 -0.9998607 0.01640611 -0.002188146 -0.9998564 0.01681154 -0.001550793 -0.9998608 0.016622 -7.3147e-4 -0.9998563 0.01693922 0 -0.9998609 0.01668488 7.3147e-4 -0.9998563 0.01693922 0.001550793 -0.9998608 0.01661813 0.002188146 -0.9998564 0.01680779 0.003089845 -0.9998607 0.01640999 0.003626286 -0.9998565 0.01654529 0.004605591 -0.9998604 0.01606786 0.00503391 -0.999857 0.01615417 0.006086945 -0.99986 0.01559084 0.006398856 -0.9998573 0.01563876 0.007522284 -0.9998595 0.01498162 0.00770992 -0.9998577 0.01500391 0.008900642 -0.9998589 0.01425087 0.008956313 -0.9998584 0.01425468 0.01015591 -0.9998582 0.01343357 0.01018184 -0.9998591 0.01335382 0.01129847 -0.9998576 0.01253449 0.01135563 -0.9998595 0.01233202 0.01235705 -0.9998573 0.01153045 0.0124315 -0.9998601 0.0111981 0.01332229 -0.9998568 0.01043736 0.01340144 -0.9998604 0.009984314 0.0141859 -0.9998566 0.009255647 0.01425874 -0.9998606 0.008689522 0.0149405 -0.9998565 0.008001565 0.01499676 -0.9998608 0.007322072 0.01561045 -0.9998609 0.00589621 0.01609694 -0.9998564 0.005317926 0.01609504 -0.9998607 0.004425704 0.01648902 -0.9998564 0.00391376 0.01644688 -0.9998605 0.002909004 0.01675248 -0.9998567 0.0024724 0.01666319 -0.9998603 0.001366734 0.01688504 -0.999857 0.001025259 0.01674199 -0.9998599 -1.87433e-4 0.01688599 -0.9998574 -4.33448e-4 0.0166822 -0.9998593 -0.00174117 0.01675581 -0.9998579 -0.001894831 0.0164842 -0.9998587 -0.003287553 0.01649594 -0.9998584 -0.003320157 0.01616859 -0.9998582 -0.004736781 0.01608598 -0.9998592 -0.00480479 0.01570463 -0.9998574 -0.006214201 0.01552999 -0.9998599 -0.006262779 0.01505398 -0.9998567 -0.007760107 -0.01505404 -0.9998567 -0.007764279 -0.01552999 -0.9998598 -0.006262719 0 -0.9998583 0.01683652 1.32209e-7 -0.9998587 0.01681709 0 -0.9998587 0.01681292 0.00185877 0.9999836 -0.005414128 0.00185889 0.9999839 -0.00537157 0.00185877 0.9999839 -0.005369365 0.001859068 0.9999983 -2.02514e-4 0.001859247 0.9999983 -2.01545e-4 0.001859247 0.9999983 -2.03202e-4 -0.9977182 -0.06539303 0.01679688 -0.9977167 -0.06542062 0.01678663 -0.9806493 -0.1950521 0.01678615 -0.9806485 -0.1950561 0.01678317 -0.9467974 -0.3213926 0.01677989 -0.946799 -0.3213877 0.01678198 -0.8967465 -0.4422262 0.01678276 -0.8967494 -0.4422205 0.01678526 -0.8313447 -0.5555039 0.01678127 -0.8313525 -0.5554918 0.01678907 -0.75173 -0.6592573 0.01678699 -0.7517325 -0.6592544 0.01678639 -0.6592516 -0.751735 0.01678931 -0.6592586 -0.7517291 0.01678365 -0.5554876 -0.8313555 0.01678431 -0.5554804 -0.8313602 0.01678353 -0.4422394 -0.8967401 0.01678133 -0.4422339 -0.8967428 0.01678365 -0.3213929 -0.9467973 0.01678156 -0.3213961 -0.9467961 0.01678651 -0.1950479 -0.9806501 0.01678657 -0.1950588 -0.9806479 0.01678919 -0.06540322 -0.9977176 0.01679265 -0.0653975 -0.9977182 0.01678377 -0.9998584 0 0.016833 -0.9998584 0 0.016833 0.2952249 0 0.9554279 0.04211062 0 0.999113 0.04206371 0 0.999115 0.04209494 0 0.9991136 0.2952321 0 0.9554257 0.04210281 0 0.9991134 0.04207152 0 0.9991146 0.04209494 0 0.9991136 -0.06538933 0.9977187 0.01678431 -0.0653882 0.9977187 0.01678931 -0.1950592 0.9806479 0.01678675 -0.1950699 0.9806458 0.01678061 -0.3213971 0.9467958 0.01678436 -0.3213961 0.9467961 0.01678651 -0.4422279 0.8967458 0.01678419 -0.4422339 0.8967428 0.01677811 -0.5554976 0.8313489 0.01677858 -0.5554804 0.8313602 0.01678913 -0.6592465 0.7517395 0.01678687 -0.6592531 0.751734 0.01677799 -0.7517385 0.6592479 0.01677834 -0.7517325 0.6592544 0.01678639 -0.8313497 0.5554961 0.01678699 -0.8313431 0.5555059 0.01678919 -0.8967465 0.4422261 0.01678693 -0.8967521 0.442215 0.01678365 -0.9467974 0.3213926 0.0167827 -0.9467971 0.3213933 0.01678228 -0.9806509 0.195044 0.01678365 -0.9806471 0.1950632 0.01678562 -0.9977177 0.06540417 0.01678586 -0.9977172 0.06541043 0.01679694 -0.9447592 0.01662838 0.3273434 -0.9447591 0.01662844 0.3273435 -0.9447591 0.01662844 0.3273435 -0.8321856 0 0.5544971 -0.8322122 0 0.5544573 -0.8322123 0 0.5544573 -0.9448734 -0.01662904 0.3270133 -0.9448421 -0.01663261 0.3271038 -0.9448421 -0.01663261 0.3271039 0 0.9998584 0.01682817 -1.22346e-7 0.9998587 0.01681709 0 0.9998583 0.01683318 0.001857757 -0.9999983 0 0.001860737 -0.9999983 0 0 -0.04208827 0.9991139 0.9448438 -0.0166338 0.3270986 0.9448438 -0.01663368 0.3270986 0.9448438 -0.01663374 0.3270986 0.8321804 0 0.554505 0.9446562 0.01663094 0.3276403 0.9446563 0.01663088 0.3276402 0.9446561 0.01663088 0.3276403 0.3740715 -0.0133714 0.9273036 0.4851211 0 0.874447 0.4847018 0 0.8746795 0.5884582 0.01540005 0.808381 0.5884583 0.01540011 0.808381 0.5884966 0.01540666 0.8083528 -0.4884198 4.53234e-4 0.8726087 -0.5724127 -0.01519864 0.8198249 -0.5724127 -0.01519864 0.8198249 -0.5724127 -0.01519864 0.8198249 -0.5883735 0.01542758 0.8084422 -0.588916 0.01540768 0.8080475 -0.5885285 0.01542186 0.8083295 -0.4849844 0 0.8745229 -0.4849844 0 0.8745229 -0.4850682 0 0.8744764 -0.007843196 -0.9998914 0.0124796 -0.007843196 -0.9998914 0.01247954 -0.007843196 -0.9998914 0.01247954 -0.00782746 -0.999896 0.01211994 0.01570463 0.9998573 -0.006222784 0.01608818 0.9998592 -0.004801869 0.01617079 0.9998582 -0.004733085 0.0164982 0.9998584 -0.003320157 0.0164864 0.9998587 -0.003293454 0.01675808 0.9998578 -0.001894831 0.01668447 0.9998593 -0.001737773 0.01688826 0.9998573 -4.4092e-4 0.01674431 0.9998599 -1.85515e-4 0.01688736 0.9998569 0.001025259 0.01666545 0.9998602 0.001372337 0.01675474 0.9998566 0.0024724 0.01644915 0.9998605 0.002907574 0.01649129 0.9998564 0.00391376 0.01609724 0.9998607 0.004423737 0.01609909 0.9998562 0.005321681 0.0156126 0.9998608 0.005900144 0.01558142 0.9998563 0.006691098 0.01499879 0.9998608 0.007318198 0.01494246 0.9998564 0.008009076 0.01426064 0.9998605 0.008695363 0.01418781 0.9998566 0.009251892 0.01340329 0.9998603 0.009990155 0.01332402 0.9998569 0.01043361 0.01243317 0.9998601 0.01120394 0.01235866 0.9998571 0.01153045 0.01135724 0.9998595 0.01233202 0.01129996 0.9998577 0.01253074 0.01018321 0.999859 0.01335775 0.01015728 0.9998582 0.01343727 0.008957505 0.9998584 0.0142551 0.008901894 0.9998589 0.01425087 0.007710933 0.9998577 0.01500481 0.007523238 0.9998594 0.01498556 0.006399691 0.9998573 0.01563876 0.006087779 0.9998599 0.01559472 0.005034565 0.999857 0.01615417 0.004606187 0.9998603 0.01607173 0.003626763 0.9998566 0.01654529 0.003090262 0.9998605 0.01641386 0.002188384 0.9998564 0.0168097 0.001551091 0.9998608 0.01661813 7.31529e-4 0.9998563 0.01694113 0 0.9998608 0.01669263 -7.31528e-4 0.9998563 0.01694113 -0.001551091 0.9998607 0.01662588 -0.002188384 0.9998564 0.0168097 -0.003090262 0.9998606 0.01640999 -0.003626763 0.9998566 0.0165472 -0.004606187 0.9998604 0.01606786 -0.005034565 0.9998568 0.01615786 -0.006087779 0.9998599 0.01559472 -0.006399691 0.9998573 0.01563876 -0.007523238 0.9998594 0.01498556 -0.007710933 0.9998577 0.01500391 -0.008901894 0.9998589 0.01425087 -0.008957505 0.9998583 0.01425838 -0.01015728 0.9998582 0.01343357 -0.01018321 0.9998589 0.01335769 -0.01129996 0.9998578 0.01252698 -0.01135724 0.9998595 0.01232814 -0.01235866 0.9998572 0.01153045 -0.01243323 0.9998599 0.01120394 -0.01332402 0.9998568 0.01043736 -0.01340329 0.9998603 0.009990155 -0.01418781 0.9998565 0.009255647 -0.01426064 0.9998605 0.008693397 -0.01494246 0.9998564 0.008009076 -0.01499879 0.9998608 0.007322072 -0.01558142 0.9998563 0.006691098 -0.0156126 0.9998608 0.005900144 -0.01609909 0.9998563 0.005317926 -0.01609718 0.9998607 0.004426658 -0.01649129 0.9998564 0.00391376 -0.01644915 0.9998605 0.002910494 -0.01675468 0.9998566 0.0024724 -0.01666539 0.9998602 0.001375019 -0.01688736 0.9998569 0.001017808 -0.01674425 0.9998599 -1.84328e-4 -0.01688838 0.9998573 -4.3345e-4 -0.01668459 0.9998594 -0.001744091 -0.01675814 0.9998578 -0.001891076 -0.0164864 0.9998587 -0.003295361 -0.01649814 0.9998584 -0.003316462 -0.01617074 0.9998582 -0.004736781 -0.01608818 0.9998592 -0.004804849 -0.01570463 0.9998573 -0.006225645 -0.01554328 0.9998596 -0.006266891 -0.01506692 0.9998562 -0.007780909 0.01506692 0.9998562 -0.007776737 0.01554334 0.9998596 -0.006266891 0 0.9998586 0.01682138 1.22346e-7 0.9998586 0.01682096 0 0.9998583 0.01683384 0.9977177 0.06540417 0.01678538 0.9977172 0.06541043 0.01678824 0.9806509 0.195044 0.01678717 0.9806492 0.1950525 0.01678705 0.9467905 0.3214126 0.01678538 0.9468004 0.3213833 0.01679068 0.8967465 0.4422262 0.0167911 0.8967432 0.4422328 0.01678764 0.8313549 0.5554884 0.01678985 0.8313534 0.5554906 0.01678937 0.7517272 0.6592606 0.01678371 0.7517436 0.6592419 0.01678937 0.6592465 0.7517395 0.01678687 0.659253 0.7517339 0.01678353 0.5554975 0.8313488 0.01678973 0.5554959 0.83135 0.01678401 0.4422234 0.896748 0.01677846 0.442225 0.8967471 0.01678609 0.3213971 0.9467958 0.01678436 0.3213859 0.9467996 0.01678317 0.1950613 0.9806476 0.01678133 0.1950743 0.9806448 0.01678657 0.0653885 0.9977188 0.01678687 0.06538677 0.9977189 0.01678621 0.9998586 0 0.01682168 0.9998586 0 0.01682162 0 -0.6087622 -0.7933528 0 -0.6087656 -0.7933502 0 -0.7933561 -0.6087579 0 -0.7933535 -0.6087612 0 -0.9238735 -0.3826981 0 -0.923875 -0.3826947 0 -0.9914441 -0.1305323 0 -0.9914458 -0.1305186 0 -0.9914451 0.1305249 0 -0.9914434 0.1305376 0 -0.923883 0.382675 0 -0.9238796 0.3826834 0 -0.7933535 0.6087612 0 -0.793351 0.6087645 0 -0.6087743 0.7933436 0 -0.608771 0.7933461 0 -0.3826528 0.9238923 0 -0.3826582 0.92389 0 0.1305486 0.9914419 0 0.130502 -0.9914481 0 -0.130502 -0.9914481 0 -0.3827062 -0.9238702 0 -0.3827026 -0.9238717 0 -0.608763 -0.7933521 0 -0.7933536 -0.6087611 0 -0.7933518 -0.6087634 0 -0.9238747 -0.3826951 0 -0.9238737 -0.3826976 0 -0.9914457 -0.1305204 0 -0.9914461 -0.130517 0 -0.9914453 0.1305232 0 -0.991445 0.1305257 0 -0.9238818 0.382678 0 -0.9238808 0.3826804 0 -0.7933518 0.6087634 0 -0.7933485 0.6087678 0 -0.6087718 0.7933455 0 -0.3826553 0.9238912 0 -0.3826588 0.9238898 0 -0.130548 0.991442 0 0.1305481 0.991442 0 0.1305027 -0.991448 0 0.1305018 -0.9914482 0 -0.1305018 -0.9914482 0 -0.3827055 -0.9238704 0 -0.3827038 -0.9238711 0 -0.6087605 -0.793354 0 -0.991445 -0.1305255 0 -0.9914463 -0.1305152 0 -0.9914455 0.1305215 0 -0.9914444 0.1305308 0 -0.6087692 0.7933474 0 -0.3826565 0.9238908 0 -0.1305477 0.9914421 0 0.1305477 0.9914421 0.991445 0 -0.130525 0.9914452 0 -0.1305241 0.991445 0 0.1305259 0.9914448 0 0.1305268 0.923879 0 0.3826848 0.9238801 0 0.3826824 0.7933514 0 0.6087639 0.7933567 0 0.6087573 0.6087543 0 0.7933589 0.608763 0 0.7933521 0.3826839 0 0.9238794 0.3826898 0 0.9238769 0.1305218 0 0.9914454 0.1305285 0 0.9914446 -0.1305286 0 0.9914445 -0.1305217 0 0.9914455 -0.3826895 0 0.9238771 -0.3826836 0 0.9238795 -0.608763 0 0.7933521 -0.6087546 0 0.7933587 -0.7933562 0 0.6087578 -0.793351 0 0.6087645 -0.9238804 0 0.3826815 -0.9238793 0 0.3826839 -0.9914446 0 0.1305286 -0.9914447 0 0.1305277 -0.9914449 0 -0.1305259 -0.9914448 0 -0.1305268 -0.9238804 0 -0.3826815 -0.9238793 0 -0.3826839 -0.7933588 0 -0.6087545 -0.7933562 0 -0.6087578 -0.6087588 0 -0.7933555 -0.6087676 0 -0.7933487 -0.3826777 0 -0.923882 -0.3826836 0 -0.9238795 -0.130515 0 -0.9914464 -0.1305149 0 -0.9914464 0.130515 0 -0.9914464 0.1305149 0 -0.9914464 0.3826839 0 -0.9238794 0.382678 0 -0.9238818 0.6087674 0 -0.7933487 0.6087588 0 -0.7933555 0.7933567 0 -0.6087573 0.7933591 0 -0.6087539 0.923879 0 -0.3826848 0.9238801 0 -0.3826824 0.9914448 0 0.1305269 0.9914449 0 0.1305267 0.9914452 0 -0.1305242 0.9914452 0 -0.130524 0.923879 0 -0.3826847 0.7933568 0 -0.608757 0.608763 0 -0.7933521 0.3826841 0 -0.9238793 0.1305082 0 -0.9914473 -0.1305081 0 -0.9914473 -0.130515 0 -0.9914463 -0.3826841 0 -0.9238793 -0.6087633 0 -0.7933521 -0.7933589 0 -0.6087542 -0.9238795 0 -0.3826838 -0.9914449 0 -0.130526 -0.991445 0 -0.1305258 -0.9914446 0 0.1305287 -0.9914446 0 0.1305285 -0.9238805 0 0.3826813 -0.7933564 0 0.6087575 -0.6087633 0 0.7933521 -0.38269 0 0.9238769 -0.1305287 0 0.9914446 0.3826841 0 0.9238793 0.7933517 0 0.6087637 0.9238801 0 0.3826822 0.923879 0 0.3826847 0.991445 0 0.130526 0.7933568 0 0.608757 0.6087542 0 0.7933591 0.6087629 0 0.7933523 0.3826838 0 0.9238795 0.1305217 0 0.9914455 0.1305285 0 0.9914447 -0.1305285 0 0.9914446 -0.1305218 0 0.9914454 -0.3826897 0 0.9238771 -0.3826838 0 0.9238795 -0.6087543 0 0.7933589 -0.6087589 0 -0.7933554 -0.6087674 0 -0.7933487 -0.3826779 0 -0.9238818 -0.3826838 0 -0.9238795 0.1305149 0 -0.9914463 0.3826838 0 -0.9238795 0.6087672 0 -0.793349 0.6087585 0 -0.7933557 0.7933593 0 -0.6087536 0.991445 0 -0.1305251 0.9914448 0 0.1305269 0.7933541 0 0.6087604 0.6087588 0 0.7933555 0.608763 0 0.7933522 0.1305217 0 0.9914455 -0.1305285 0 0.9914447 -0.1305217 0 0.9914455 -0.6087589 0 0.7933554 -0.7933536 0 0.6087611 -0.7933512 0 0.6087644 -0.9238795 0 0.3826838 -0.7933563 0 -0.6087577 -0.3826897 0 -0.9238771 -0.1305149 0 -0.9914463 -0.1305081 0 -0.9914473 0.1305081 0 -0.9914473 0.3826898 0 -0.9238769 0.608763 0 -0.7933522 0.7933593 0 -0.6087538 0.9914452 0 -0.1305242 0.9914449 0 0.1305268 0.9238801 0 0.3826822 0.7933567 0 0.608757 0.6087545 0 0.7933588 0.3826841 0 0.9238793 0.38269 0 0.9238769 0.1305286 0 0.9914445 -0.1305286 0 0.9914445 -0.3826898 0 0.9238769 -0.3826839 0 0.9238794 -0.6087633 0 0.7933519 -0.6087546 0 0.7933586 -0.7933512 0 0.6087643 -0.9238795 0 0.3826837 -0.9914446 0 0.1305286 -0.9914446 0 0.1305285 -0.9914449 0 -0.1305259 -0.991445 0 -0.1305258 -0.9238795 0 -0.3826837 -0.7933563 0 -0.6087576 -0.608759 0 -0.7933552 -0.6087678 0 -0.7933486 -0.382678 0 -0.9238818 -0.3826839 0 -0.9238794 -0.130515 0 -0.9914463 0.3826841 0 -0.9238793 0.3826782 0 -0.9238818 0.6087675 0 -0.7933487 0.7933594 0 -0.6087537 0.9238791 0 -0.3826846 0.9914452 0 -0.130524 0.9914448 0 0.1305268 0.991445 0 0.1305259 0.923879 0 0.3826848 0.9238801 0 0.3826823 0.7933515 0 0.6087638 0.7933541 0 0.6087605 0.6087587 0 0.7933555 0.1305217 0 0.9914455 -0.3826897 0 0.9238771 -0.6087589 0 0.7933554 -0.7933537 0 0.6087611 -0.7933511 0 0.6087645 -0.9238804 0 0.3826814 -0.9238794 0 0.3826838 -0.9914446 0 0.1305286 -0.9914449 0 -0.1305259 -0.9238795 0 -0.3826839 -0.9238794 0 -0.3826838 -0.7933589 0 -0.6087543 -0.7933562 0 -0.6087577 -0.6087632 0 -0.7933521 -0.3826779 0 -0.923882 0.1305081 0 -0.9914473 0.608763 0 -0.7933522 0.7933567 0 -0.6087571 0.7933592 0 -0.6087538 0.923879 0 -0.3826848 0.9914452 0 -0.1305241 0.9914452 0 -0.1305241 0.991445 0 0.130526 0.9914448 0 0.1305268 0.9238801 0 0.3826824 0.7933567 0 0.6087572 0.6087542 0 0.7933589 0.6087629 0 0.7933523 0.3826839 0 0.9238795 0.3826898 0 0.923877 0.1305217 0 0.9914456 0.1305285 0 0.9914446 -0.1305285 0 0.9914446 -0.3826895 0 0.923877 -0.3826837 0 0.9238795 -0.6087632 0 0.7933521 -0.6087545 0 0.7933587 -0.9238795 0 0.3826839 -0.9914447 0 0.1305277 -0.9914448 0 -0.1305269 -0.9238795 0 -0.3826839 -0.6087588 0 -0.7933555 -0.6087675 0 -0.7933487 -0.3826778 0 -0.923882 -0.3826837 0 -0.9238795 -0.1305149 0 -0.9914464 0.1305149 0 -0.9914464 0.3826839 0 -0.9238795 0.382678 0 -0.9238819 0.6087673 0 -0.7933489 0.6087586 0 -0.7933555 0.9238801 0 -0.3826824 0.991445 0 -0.1305251 0.3826839 0 0.9238793 0.3826898 0 0.923877 0.1305217 0 0.9914455 -0.1305286 0 0.9914447 -0.1305217 0 0.9914456 -0.6087632 0 0.7933521 -0.6087588 0 0.7933555 -0.7933536 0 0.6087611 -0.9238804 0 0.3826814 -0.9914446 0 0.1305286 -0.9914449 0 -0.130526 -0.9238794 0 -0.3826838 -0.7933589 0 -0.6087544 -0.6087589 0 -0.7933554 -0.6087675 0 -0.7933487 -0.1305217 0 -0.9914455 -0.1305081 0 -0.9914473 0.1305081 0 -0.9914473 0.1305217 0 -0.9914456 0.3826839 0 -0.9238793 0.3826779 0 -0.9238818 0.6087674 0 -0.7933489 0.923879 0 0.3826851 0.9238799 0 0.3826826 0.7933513 0 0.6087642 0.7933565 0 0.6087574 0.6087584 0 0.7933558 0.6087583 0 0.7933558 0.3826895 0 0.923877 0.3826897 0 0.9238771 0.1305217 0 0.9914455 0.1305216 0 0.9914455 -0.1305216 0 0.9914455 -0.3826894 0 0.9238771 -0.6087588 0 0.7933555 -0.6087585 0 0.7933557 -0.7933561 0 0.608758 -0.7933509 0 0.6087648 -0.9238803 0 0.3826816 -0.9238793 0 0.382684 -0.9914447 0 0.1305278 -0.9238793 0 -0.3826841 -0.9238793 0 -0.382684 -0.7933587 0 -0.6087546 -0.793356 0 -0.608758 -0.608763 0 -0.7933521 -0.6087672 0 -0.793349 -0.3826776 0 -0.923882 -0.1305148 0 -0.9914464 0.1305148 0 -0.9914464 0.1305148 0 -0.9914464 0.3826837 0 -0.9238795 0.3826779 0 -0.9238818 0.6087671 0 -0.7933491 0.6087626 0 -0.7933524 0.7933564 0 -0.6087575 0.7933591 0 -0.608754 0.923879 0 -0.3826851 -0.7933563 0 0.6087577 -0.9914447 0 0.1305277 -0.9914448 0 -0.1305269 -0.7933589 0 -0.6087543 0.8883506 0 0.4591658 0.927184 0 0.3746065 0.9271843 0 0.3746055 0.9579893 0 0.2868037 0.9805005 0 0.196517 0.9805004 0 0.1965174 0.9945216 0 0.1045323 0.9945216 0 0.1045322 0.9999324 0 0.01162803 0.9999325 0 0.01162809 0.9966852 0 -0.08135575 0.9848079 0 -0.1736479 0.9644035 0 -0.2644351 0.9356499 0 -0.3529297 0.8541578 0 -0.5200142 0.8021231 0 -0.5971587 0.8021246 0 -0.5971567 0.677736 0 -0.7353053 0.6777363 0 -0.7353051 0.6064465 0 -0.7951244 0.5299227 0 -0.8480461 0.5299257 0 -0.8480441 0.4487985 0 -0.8936331 0.363797 0 -0.9314783 0.3637893 0 -0.9314813 0.2756356 0 -0.9612622 0.2756317 0 -0.9612634 0.1850891 0 -0.9827218 0.1850973 0 -0.9827202 0.09296005 0 -0.9956699 0 0 -1 -0.09296 0 -0.9956699 -0.1850973 0 -0.9827202 -0.1850895 0 -0.9827217 -0.2756317 0 -0.9612634 -0.363789 0 -0.9314815 -0.3637966 0 -0.9314785 -0.4487981 0 -0.8936332 -0.4487985 0 -0.8936331 -0.5299257 0 -0.8480441 -0.6777358 0 -0.7353056 -0.6777353 0 -0.7353061 -0.7431446 0 -0.6691309 -0.8021246 0 -0.5971567 -0.8021231 0 -0.5971587 -0.854157 0 -0.5200153 -0.8987929 0 -0.4383736 -0.8987936 0 -0.4383723 -0.9356499 0 -0.3529297 -0.9356496 0 -0.3529303 -0.9644035 0 -0.2644351 -0.9848077 0 -0.1736482 -0.9848079 0 -0.1736478 -0.996685 0 -0.08135813 -0.996685 0 -0.08135825 -0.9999324 0 0.01163464 -0.9999324 0 0.01163458 -0.9945219 0 0.104529 -0.9805005 0 0.1965166 -0.9805007 0 0.196516 -0.9579895 0 0.2868034 -0.9579893 0 0.2868039 -0.9271843 0 0.3746057 -0.927184 0 0.3746063 -0.8883503 0 0.4591667 -0.8883504 0 0.4591662 0 1 1.66594e-5 0 1 2.77282e-6 0 1 -1.66956e-5 0 1 -2.51292e-6 0 1 5.1057e-7 0 1 -1.36767e-5 0 1 5.49475e-6 0 1 5.66981e-7 0 1 1.01037e-5 0 1 -5.63818e-7 0 1 -1.10109e-5 0 1 6.06223e-6 0 1 -5.49475e-7 0 1 -4.64288e-6 0 1 -6.70425e-6 0 1 4.09978e-6 0 1 -2.08043e-5 0 1 6.59597e-6 0 1 5.54362e-7 0 1 -4.0134e-6 0 1 -5.11673e-6 0 1 -2.17576e-6 0 1 2.31736e-6 0 1 -2.32501e-6 0 1 5.82636e-7 0 1 -5.83474e-7 0 1 5.83755e-7 0 1 -1.63182e-6 0 1 -8.5279e-6 0 1 4.62794e-6 0 1 -5.73343e-7 0 1 -5.54362e-6 0 1 1.34558e-5 -0.9271843 0 0.3746055 -0.9805006 0 0.1965162 -0.9945219 0 0.1045289 -0.9848079 0 -0.1736479 -0.8987933 0 -0.4383727 -0.8541568 0 -0.5200157 -0.802123 0 -0.5971591 -0.743143 0 -0.6691327 -0.6064472 0 -0.7951237 -0.6064471 0 -0.795124 -0.5299232 0 -0.8480458 -0.2756356 0 -0.9612622 -0.1850976 0 -0.9827202 -0.09296005 0 -0.9956699 0.1850892 0 -0.9827217 0.3637897 0 -0.9314811 0.4487989 0 -0.8936329 0.5299262 0 -0.8480439 0.6064468 0 -0.7951242 0.7431438 0 -0.6691318 0.7431422 0 -0.6691336 0.8021243 0 -0.5971571 0.8987923 0 -0.4383748 0.898793 0 -0.4383736 0.9356503 0 -0.3529288 0.9848077 0 -0.1736482 0.9805004 0 0.1965175 0.9579895 0 0.2868037 0.8883509 0 0.4591654 0 -1 -1.66956e-5 0 -1 -2.05225e-6 0 -1 1.66594e-5 0 -1 -2.18609e-6 0 -1 1.52344e-6 0 -1 -1.45503e-6 0 -1 -1.31289e-6 0 -1 4.33387e-6 0 -1 6.37516e-6 0 -1 -1.14669e-6 0 -1 -4.62794e-6 0 -1 4.64476e-6 0 -1 -1.13705e-5 0 -1 2.31571e-6 0 -1 -2.32372e-6 0 -1 -5.43939e-7 0 -1 1.1625e-6 0 -1 -2.91737e-7 0 -1 2.91878e-7 0 -1 -1.16527e-6 0 -1 -1.08788e-6 0 -1 2.31571e-6 0 -1 9.66494e-6 0 -1 -4.62794e-6 0 -1 4.60721e-6 0 -1 -4.58674e-6 0 -1 1.19188e-5 0 -1 -3.42991e-6 0 -1 4.66164e-6 0 -1 -6.32606e-6 0 -1 6.31236e-6 0 -1 -4.66366e-6 0 -1 3.48621e-6 0 -1 5.76949e-6 0 -1 -4.62911e-6 0 -1 4.53585e-6 0 -1 1.01037e-5 0 -1 -5.63818e-7 0 -1 -1.37636e-5 0 -1 1.34716e-5 0 -1 1.12642e-5 -0.9933484 0.08454489 -0.07817345 -0.9933497 0.08453732 -0.07816696 -0.9933497 -0.08453661 -0.07816576 -0.9933483 -0.08454751 -0.07817327 -0.9647684 -0.2512199 -0.07816982 -0.9647734 -0.2511997 -0.07817351 -0.9084414 -0.4106379 -0.07817184 -0.9084435 -0.4106308 -0.07818514 -0.8259689 -0.5582689 -0.07817435 -0.825977 -0.5582563 -0.07817935 -0.7197521 -0.6898155 -0.07817614 -0.7197499 -0.6898165 -0.07818675 -0.5928033 -0.8015428 -0.07818919 -0.5928079 -0.8015401 -0.0781809 -0.4488203 -0.8901951 -0.07818597 -0.4488291 -0.8901903 -0.07819074 -0.2919278 -0.9532386 -0.07819479 -0.291936 -0.9532364 -0.0781911 -0.1266288 -0.9888632 -0.07819741 -0.1266209 -0.9888647 -0.07819151 0.04231953 -0.9960395 -0.07819426 0.04230958 -0.9960402 -0.07819098 0.2100275 -0.9745652 -0.07817476 0.210036 -0.974562 -0.07819157 0.3717303 -0.9250409 -0.07820618 0.3717178 -0.9250481 -0.07817947 0.5226944 -0.8489282 -0.07817596 0.5227022 -0.8489221 -0.07819068 0.6586644 -0.7483627 -0.0781967 0.6586431 -0.7483846 -0.07816547 0.7756502 -0.6263048 -0.0781607 0.7756465 -0.6263073 -0.07817876 0.8703526 -0.4861831 -0.07818168 0.8703458 -0.4861953 -0.0781809 0.9399881 -0.3321288 -0.07818567 0.9399886 -0.3321263 -0.07818925 0.9825991 -0.1684795 -0.07819056 0.9825975 -0.1684966 -0.07817399 0.9969395 0 -0.07817667 0.9969395 0 -0.07817661 0.9825986 0.1684896 -0.0781759 0.9825979 0.1684862 -0.07819074 0.9399877 0.3321286 -0.07819074 0.9399865 0.332132 -0.07819056 0.8703424 0.4861996 -0.07819378 0.8703554 0.4861782 -0.07818144 0.7756486 0.6263036 -0.07818597 0.7756444 0.6263104 -0.07817399 0.6586615 0.7483666 -0.07818287 0.6586509 0.7483763 -0.078179 0.5227057 0.8489218 -0.07817029 0.5227001 0.8489239 -0.07818573 0.3717091 0.925051 -0.07818579 0.3717218 0.9250477 -0.07816481 0.2100349 0.9745643 -0.07816612 0.2100323 0.9745653 -0.07815921 0.04232048 0.9960418 -0.07816547 0.04231172 0.9960418 -0.07816886 -0.1266315 0.9888635 -0.07818883 -0.1266363 0.9888636 -0.07817947 -0.2919312 0.9532383 -0.07818621 -0.2919168 0.9532436 -0.07817453 -0.4488298 0.8901911 -0.07817631 -0.4488255 0.8901939 -0.07816952 -0.59281 0.8015401 -0.07816547 -0.5928097 0.8015385 -0.07818388 -0.7197533 0.6898137 -0.07818102 -0.7197524 0.6898158 -0.07817119 -0.8259667 0.5582714 -0.0781812 -0.8259644 0.5582746 -0.07818049 -0.908448 0.4106215 -0.07818084 -0.908441 0.41064 -0.07816427 -0.96477 0.2512156 -0.07816404 -0.964772 0.2512041 -0.07817685 -0.9690547 -0.08247733 -0.2326597 -0.9690544 -0.08248263 -0.2326591 -0.9411715 -0.2450796 -0.2326633 -0.941182 -0.245052 -0.2326505 -0.8862291 -0.4005887 -0.2326515 -0.8862206 -0.4006056 -0.2326549 -0.805777 -0.544606 -0.2326543 -0.8057743 -0.5446108 -0.232652 -0.702149 -0.672949 -0.2326509 -0.7021371 -0.6729581 -0.2326605 -0.578305 -0.7819381 -0.232672 -0.5783286 -0.7819276 -0.2326489 -0.4378554 -0.8684292 -0.2326229 -0.4378423 -0.8684267 -0.2326573 -0.2847957 -0.9299296 -0.2326424 -0.2847974 -0.9299295 -0.2326405 -0.1235236 -0.9646836 -0.2326532 -0.1235328 -0.9646883 -0.2326292 0.0412746 -0.9716863 -0.2326415 0.04127585 -0.9716892 -0.2326296 0.2049015 -0.9507344 -0.2326363 0.2049116 -0.9507265 -0.2326599 0.3626299 -0.9024264 -0.2326508 0.3626202 -0.9024336 -0.2326375 0.509918 -0.8281677 -0.2326412 0.5099213 -0.8281686 -0.2326306 0.6425392 -0.7300854 -0.2326344 0.6425384 -0.7300846 -0.2326392 0.756691 -0.6109765 -0.2326512 0.7566919 -0.6109712 -0.2326621 0.8490673 -0.4742905 -0.2326657 0.8490561 -0.474326 -0.2326343 0.9170061 -0.324012 -0.2326285 0.9170116 -0.3239775 -0.2326555 0.9585688 -0.1643771 -0.23265 0.9585677 -0.1643835 -0.2326502 0.9725599 0 -0.2326527 0.9725605 0 -0.2326504 0.9585669 0.164387 -0.2326509 0.958569 0.1643725 -0.2326525 0.9169994 0.324016 -0.2326494 0.917019 0.3239802 -0.2326226 0.8490726 0.4743022 -0.2326225 0.8490555 0.4743164 -0.2326563 0.7566822 0.6109847 -0.2326581 0.7566927 0.610976 -0.2326466 0.6425466 0.7300775 -0.2326388 0.6425418 0.7300778 -0.2326511 0.5099194 0.8281649 -0.2326484 0.5099136 0.8281668 -0.2326539 0.3626333 0.9024245 -0.232653 0.3626329 0.902423 -0.2326588 0.2049006 0.9507285 -0.2326607 0.2048884 0.9507324 -0.232656 0.04127705 0.9716821 -0.2326588 0.04127913 0.9716824 -0.2326573 -0.1235398 0.9646823 -0.2326504 -0.1235159 0.9646897 -0.2326321 -0.2847829 0.9299357 -0.2326335 -0.2847939 0.929928 -0.2326508 -0.4378535 0.868425 -0.2326424 -0.4378612 0.868415 -0.232665 -0.5783129 0.781935 -0.2326628 -0.5783179 0.7819354 -0.232649 -0.7021495 0.6729469 -0.2326554 -0.7021515 0.6729481 -0.2326463 -0.8057661 0.5446249 -0.2326476 -0.8057717 0.5446126 -0.2326573 -0.8862244 0.4005969 -0.2326554 -0.886225 0.4005969 -0.2326534 -0.9411764 0.2450651 -0.2326591 -0.9411779 0.2450624 -0.2326555 -0.9690547 0.08247733 -0.2326597 -0.9690549 0.08248084 -0.2326574 -0.9210346 -0.07839238 -0.3815102 -0.9210355 -0.07839864 -0.3815068 -0.894542 -0.2329092 -0.3815078 -0.8945402 -0.2329155 -0.3815078 -0.842307 -0.3807517 -0.3815063 -0.8423162 -0.3807399 -0.3814981 -0.7658541 -0.5176154 -0.3814995 -0.7658427 -0.5176264 -0.3815074 -0.6673442 -0.639608 -0.3815147 -0.6673523 -0.6396117 -0.3814941 -0.5496733 -0.7431813 -0.381498 -0.5496572 -0.7431868 -0.3815106 -0.4161446 -0.8253912 -0.3815144 -0.4161403 -0.8253907 -0.38152 -0.2706827 -0.8838453 -0.3815082 -0.2706827 -0.8838387 -0.3815234 -0.1174107 -0.9168789 -0.3815075 -0.1174186 -0.916871 -0.3815241 0.03922992 -0.9235299 -0.3815151 0.03922986 -0.9235344 -0.3815041 0.1947578 -0.9036157 -0.3815076 0.194747 -0.9036261 -0.3814885 0.3446514 -0.8577178 -0.3814914 0.3446581 -0.8577107 -0.3815011 0.4846424 -0.787132 -0.3815036 0.484649 -0.7871268 -0.3815062 0.6107099 -0.693893 -0.381505 0.6107046 -0.6938897 -0.3815192 0.7192028 -0.580684 -0.3815148 0.7191867 -0.580711 -0.3815039 0.8069832 -0.4508182 -0.3814987 0.8069809 -0.4508191 -0.3815024 0.8715669 -0.3079351 -0.3815065 0.8715723 -0.3079407 -0.3814895 0.9110746 -0.1562256 -0.3814928 0.9110687 -0.1562221 -0.3815081 0.9243665 0 -0.3815056 0.9243664 0 -0.381506 0.9110679 0.1562347 -0.381505 0.9110785 0.1562128 -0.381489 0.8715766 0.3079277 -0.3814902 0.8715572 0.3079534 -0.381514 0.8069759 0.4508158 -0.3815168 0.8069894 0.4508117 -0.3814933 0.719197 0.5807045 -0.3814945 0.7191915 0.5807034 -0.3815065 0.6106989 0.693902 -0.3815062 0.610704 0.6938946 -0.3815115 0.4846424 0.7871321 -0.3815037 0.4846559 0.7871279 -0.3814952 0.3446704 0.8577037 -0.381506 0.3446659 0.8577101 -0.3814957 0.194738 0.9036217 -0.3815039 0.1947317 0.9036245 -0.3815002 0.03923332 0.923532 -0.3815097 0.03922635 0.9235361 -0.3815001 -0.1173969 0.9168756 -0.3815195 -0.1173967 0.9168804 -0.381508 -0.2706816 0.88384 -0.3815212 -0.2706786 0.8838478 -0.3815052 -0.4161631 0.8253814 -0.3815152 -0.4161449 0.8253996 -0.3814955 -0.549659 0.7431941 -0.3814938 -0.5496608 0.7431917 -0.3814959 -0.6673558 0.6396077 -0.3814947 -0.6673593 0.6396009 -0.3815001 -0.765848 0.5176252 -0.3814986 -0.7658449 0.5176298 -0.3814984 -0.84231 0.3807531 -0.3814983 -0.8423143 0.3807318 -0.3815101 -0.8945387 0.2329198 -0.381509 -0.8945415 0.2329084 -0.3815092 -0.9210348 0.07839065 -0.38151 -0.9210356 0.07839703 -0.381507 -0.8504038 -0.07237726 -0.5211286 -0.8504024 -0.0723856 -0.5211299 -0.8259419 -0.2150458 -0.5211291 -0.8259322 -0.2150618 -0.5211378 -0.7777116 -0.351539 -0.5211381 -0.7777152 -0.351542 -0.5211308 -0.7071151 -0.4779271 -0.5211277 -0.707121 -0.4779241 -0.5211224 -0.6161757 -0.5905547 -0.5211265 -0.6161693 -0.5905606 -0.5211274 -0.5075025 -0.6861914 -0.5211359 -0.5074952 -0.6862015 -0.5211298 -0.3842347 -0.7620863 -0.5211412 -0.3842502 -0.7621046 -0.5211032 -0.2499243 -0.8160659 -0.521128 -0.2499054 -0.8160725 -0.5211268 -0.1084132 -0.8465662 -0.5211259 -0.108417 -0.8465638 -0.5211292 0.0362212 -0.85271 -0.5211273 0.03622257 -0.8527001 -0.5211435 0.1798102 -0.8343192 -0.5211332 0.1798149 -0.8343216 -0.5211279 0.3182235 -0.7919219 -0.5211465 0.3182189 -0.791924 -0.521146 0.4474814 -0.7267535 -0.5211428 0.4474814 -0.7267625 -0.5211303 0.563872 -0.6406798 -0.5211313 0.5638734 -0.6406819 -0.5211271 0.6640324 -0.5361701 -0.5211359 0.6640372 -0.5361721 -0.5211278 0.7450938 -0.4162386 -0.5211341 0.7450973 -0.4162271 -0.5211383 0.8047186 -0.2843282 -0.5211387 0.8047149 -0.28433 -0.5211436 0.8411988 -0.1442247 -0.5211372 0.8412019 -0.1442512 -0.521125 0.853486 0 -0.5211157 0.8534802 0 -0.5211253 0.8412107 0.1442158 -0.5211206 0.8411906 0.144262 -0.5211401 0.8047155 0.2843333 -0.5211408 0.8047202 0.2843319 -0.5211343 0.7451035 0.4162214 -0.521134 0.745092 0.4162386 -0.5211368 0.6640259 0.5361763 -0.521138 0.6640329 0.5361686 -0.5211367 0.5638622 0.6406832 -0.5211377 0.5638792 0.640687 -0.5211147 0.4474966 0.726757 -0.521125 0.4474783 0.726765 -0.5211293 0.3182339 0.7919304 -0.5211274 0.3182291 0.7919289 -0.5211323 0.1797972 0.8343245 -0.5211293 0.1798191 0.8343287 -0.521115 0.03621906 0.8527146 -0.5211199 0.03621977 0.8527176 -0.521115 -0.1083979 0.8465696 -0.5211236 -0.1084128 0.8465676 -0.5211238 -0.2499198 0.8160617 -0.5211367 -0.2499093 0.8160746 -0.5211217 -0.3842326 0.762105 -0.5211154 -0.3842499 0.762079 -0.5211407 -0.5074988 0.6861974 -0.5211317 -0.5075086 0.6861814 -0.521143 -0.6161737 0.5905473 -0.5211371 -0.6161596 0.5905725 -0.5211253 -0.7071176 0.4779308 -0.5211209 -0.7071203 0.4779088 -0.5211372 -0.7777134 0.3515332 -0.5211396 -0.7777128 0.3515481 -0.5211303 -0.8259364 0.2150596 -0.521132 -0.8259392 0.2150527 -0.5211304 -0.8504022 0.07237565 -0.5211314 -0.850405 0.07238394 -0.5211258 -0.7588149 -0.06458878 -0.6480959 -0.7588256 -0.06457298 -0.648085 -0.7369922 -0.1919134 -0.6480831 -0.7369945 -0.191899 -0.6480849 -0.6939691 -0.3136695 -0.6480883 -0.6939617 -0.3136921 -0.6480852 -0.630969 -0.4264503 -0.6480883 -0.6309654 -0.4264504 -0.6480917 -0.5498089 -0.5269573 -0.6480943 -0.5498256 -0.5269613 -0.648077 -0.4528539 -0.6122982 -0.6480851 -0.4528401 -0.6123104 -0.6480832 -0.3428671 -0.6800174 -0.6480883 -0.3428695 -0.6800112 -0.6480937 -0.2229909 -0.7281877 -0.6480876 -0.2230089 -0.7281877 -0.6480816 -0.0967403 -0.7553979 -0.648086 -0.09673207 -0.755405 -0.6480788 0.03232181 -0.7608948 -0.6480697 0.03232312 -0.7608648 -0.648105 0.160453 -0.7444837 -0.6480733 0.1604545 -0.7444554 -0.6481053 0.283958 -0.7066528 -0.6480816 0.2839502 -0.7066383 -0.6481007 0.3992797 -0.6484916 -0.6481005 0.3992921 -0.648498 -0.6480866 0.5031468 -0.5716814 -0.6480923 0.5031468 -0.5716901 -0.6480848 0.5925315 -0.4784148 -0.6480939 0.592523 -0.478432 -0.6480891 0.6648539 -0.3714067 -0.6480944 0.6648581 -0.3714244 -0.64808 0.7180678 -0.2537154 -0.6480796 0.7180656 -0.2536967 -0.6480894 0.7506093 -0.1287215 -0.6480868 0.7506054 -0.1287117 -0.6480934 0.7615626 0 -0.6480914 0.7615607 0 -0.6480935 0.7506032 0.1287204 -0.6480941 0.750609 0.1287085 -0.6480898 0.718062 0.2537133 -0.6480869 0.7180758 0.2537014 -0.6480762 0.6648638 0.3714139 -0.6480802 0.6648474 0.3714167 -0.6480954 0.5925182 0.4784408 -0.6480868 0.5925409 0.4784176 -0.6480834 0.5031611 0.5716845 -0.6480786 0.5031467 0.5716937 -0.6480817 0.3992894 0.6484903 -0.648096 0.3992893 0.6485025 -0.6480839 0.2839571 0.7066436 -0.648092 0.2839513 0.706649 -0.6480888 0.1604532 0.744472 -0.6480867 0.1604348 0.7444676 -0.6480962 0.03231877 0.7608626 -0.6481078 0.03232228 0.7608734 -0.648095 -0.09673559 0.7553826 -0.6481044 -0.0967307 0.7553945 -0.6480914 -0.2229957 0.7281814 -0.6480932 -0.2230053 0.7281696 -0.6481031 -0.3428658 0.6800023 -0.6481049 -0.3428432 0.6800249 -0.6480931 -0.4528573 0.6122927 -0.6480879 -0.4528599 0.6122922 -0.6480866 -0.5498 0.5269805 -0.6480829 -0.5498136 0.5269541 -0.648093 -0.6309692 0.4264371 -0.6480966 -0.6309698 0.4264534 -0.6480854 -0.6939619 0.3136978 -0.6480822 -0.6939728 0.3136711 -0.6480836 -0.7369898 0.1919142 -0.6480857 -0.7369985 0.1918991 -0.6480802 -0.7588233 0.06458783 -0.6480863 -0.7588178 0.06457066 -0.6480943 -0.9963979 0.08480226 0 -0.9963989 0.08478963 0 -0.9963988 -0.08479136 0 -0.9963977 -0.08480411 0 -0.9677301 -0.2519896 0 -0.9677332 -0.2519776 0 -0.9112315 -0.4118947 0 -0.9112314 -0.4118948 0 -0.8285072 -0.5599786 0 -0.828513 -0.5599699 0 -0.7219635 -0.6919311 0 -0.7219571 -0.6919378 0 -0.5946304 -0.8039992 0 -0.5946304 -0.8039994 0 -0.4502025 -0.8929266 0 -0.4501972 -0.8929291 0 -0.2928262 -0.9561657 0 -0.2928333 -0.9561635 0 -0.1270175 -0.9919005 0 -0.1270174 -0.9919005 0 0.0424503 -0.9990986 0 0.0424503 -0.9990986 0 0.2106726 -0.9775567 0 0.2106778 -0.9775556 0 0.372871 -0.9278833 0 0.3728621 -0.9278868 0 0.5243012 -0.8515329 0 0.5243011 -0.8515331 0 0.6606814 -0.7506665 0 0.6606877 -0.750661 0 0.7780264 -0.6282317 0 0.7780326 -0.628224 0 0.873019 -0.487686 0 0.873019 -0.4876862 0 0.9428745 -0.3331482 0 0.9856153 -0.1690044 0 0.9856174 -0.1689921 0 0.9856174 0.168992 0 0.9856153 0.1690045 0 0.9428745 0.3331482 0 0.8730183 0.4876874 0 0.8730183 0.4876875 0 0.7780327 0.6282239 0 0.7780264 0.6282317 0 0.6606793 0.7506684 0 0.6606729 0.750674 0 0.524312 0.8515263 0 0.524312 0.8515263 0 0.372844 0.9278941 0 0.3728528 0.9278905 0 0.2106807 0.977555 0 0.2106754 0.9775561 0 0.0424503 0.9990986 0 0.0424503 0.9990986 0 -0.1270175 0.9919005 0 -0.1270174 0.9919005 0 -0.2928307 0.9561643 0 -0.2928234 0.9561666 0 -0.4502021 0.8929267 0 -0.4502071 0.8929241 0 -0.5946266 0.8040022 0 -0.5946264 0.8040022 0 -0.7219586 0.6919363 0 -0.7219649 0.6919298 0 -0.8285065 0.5599795 0 -0.8285005 0.5599884 0 -0.911235 0.4118869 0 -0.9677318 0.2519827 0 -0.9677287 0.2519947 0 0 0 1 -2.13886e-7 0 1 2.06176e-7 0 1 0 0 1 -6.052e-7 0 1 3.20825e-7 0 1 -2.2533e-7 0 1 -5.91585e-7 0 1 5.84019e-7 0 1 2.64993e-6 0 1 -9.62213e-7 0 1 -2.29958e-7 0 1 -4.9761e-7 0 1 -5.82743e-6 0 1 4.76296e-6 0 1 -1.39491e-5 0 1 0 0 1 -1.31462e-7 0 1 0 0 1 1.24401e-7 0 1 -3.64236e-7 0 1 2.97687e-7 0 1 5.86843e-7 0 1 -8.71785e-7 0 1 0.9933466 -0.08456689 -0.07817238 0.9933485 -0.08452689 -0.07819199 0.993347 0.08454477 -0.07819205 0.9933481 0.08454751 -0.07817459 0.9647741 0.2511963 -0.07817584 0.9647691 0.2512136 -0.07818174 0.9084403 0.4106384 -0.07818269 0.9084396 0.4106394 -0.07818484 0.8259668 0.5582711 -0.07818114 0.8259798 0.5582545 -0.07816141 0.7197599 0.6898092 -0.07816129 0.7197362 0.6898318 -0.07817983 0.5928139 0.8015351 -0.07818633 0.59281 0.8015388 -0.07817876 0.4488337 0.8901886 -0.0781821 0.448821 0.8901954 -0.07817906 0.2919285 0.9532391 -0.07818543 0.2919194 0.9532424 -0.07818043 0.1266291 0.9888648 -0.07817715 0.1266362 0.9888628 -0.07818973 -0.04232048 0.996041 -0.0781756 -0.04231226 0.9960426 -0.07815939 -0.210035 0.974565 -0.07815599 -0.2100363 0.9745636 -0.07817107 -0.3717028 0.9250555 -0.07816404 -0.3717213 0.9250462 -0.07818531 -0.5227148 0.8489156 -0.07817667 -0.5226966 0.848928 -0.07816451 -0.6586477 0.7483811 -0.07816082 -0.6586611 0.7483672 -0.07818019 -0.7756549 0.6262984 -0.07816624 -0.7756536 0.6262971 -0.07819038 -0.8703429 0.4861999 -0.07818621 -0.8703299 0.4862259 -0.07816886 -0.9399963 0.3321113 -0.07816088 -0.9399975 0.3321049 -0.07817339 -0.9825974 0.1684995 -0.07817 -0.9825989 0.1684865 -0.07817798 -0.9969395 0 -0.07817667 -0.9969395 0 -0.07817661 -0.9825971 -0.1684995 -0.07817387 -0.9825994 -0.1684867 -0.07817155 -0.9399923 -0.3321198 -0.07817327 -0.9400044 -0.3320908 -0.07815188 -0.8703371 -0.4862153 -0.0781548 -0.8703371 -0.4862111 -0.07818013 -0.7756443 -0.6263103 -0.07817536 -0.7756674 -0.6262829 -0.07816541 -0.6586564 -0.748374 -0.07815498 -0.6586474 -0.7483791 -0.07818144 -0.5226989 -0.8489254 -0.07817667 -0.5227026 -0.8489227 -0.07818043 -0.3717234 -0.9250445 -0.07819455 -0.3717175 -0.9250473 -0.07818973 -0.2100318 -0.9745641 -0.07817631 -0.210036 -0.974562 -0.07819157 -0.04231995 -0.9960403 -0.07818496 -0.04230952 -0.9960387 -0.07821148 0.1266276 -0.9888634 -0.07819664 0.1266196 -0.988865 -0.07819074 0.2919279 -0.9532386 -0.07819479 0.2919358 -0.9532356 -0.07820135 0.4488165 -0.8901972 -0.07818526 0.4488323 -0.8901868 -0.07821202 0.5928072 -0.8015384 -0.07820504 0.5928081 -0.80154 -0.07818084 0.7197566 -0.6898097 -0.07818681 0.719736 -0.6898342 -0.07815945 0.8259793 -0.5582556 -0.07816004 0.8259818 -0.5582492 -0.07817983 0.9084333 -0.4106549 -0.07817625 0.9084425 -0.4106301 -0.07820051 0.9647743 -0.251191 -0.07819074 0.9647688 -0.2512189 -0.07816791 0.9690558 0.08246707 -0.2326587 0.9690547 0.08248084 -0.2326587 0.941179 0.2450553 -0.2326589 0.9411779 0.2450626 -0.2326557 0.8862221 0.4006062 -0.2326483 0.8862276 0.4005873 -0.2326594 0.8057738 0.5446093 -0.2326574 0.8057648 0.5446189 -0.2326662 0.7021404 0.6729485 -0.2326781 0.7021566 0.6729422 -0.232648 0.5783196 0.7819339 -0.2326501 0.5783067 0.7819417 -0.2326552 0.437856 0.8684193 -0.2326591 0.4378552 0.8684246 -0.2326403 0.2847844 0.9299311 -0.2326505 0.284795 0.9299315 -0.2326356 0.1235403 0.9646869 -0.2326309 0.1235166 0.9646829 -0.2326599 -0.04127705 0.9716821 -0.2326588 -0.04127895 0.9716811 -0.2326623 -0.204896 0.9507294 -0.2326611 -0.2048912 0.9507337 -0.2326482 -0.3626332 0.9024245 -0.232653 -0.362626 0.9024271 -0.2326543 -0.5099189 0.8281638 -0.2326533 -0.5099182 0.8281635 -0.232656 -0.6425453 0.7300755 -0.2326486 -0.6425527 0.7300687 -0.2326498 -0.7566902 0.6109809 -0.2326425 -0.7566939 0.6109767 -0.2326415 -0.8490464 0.474339 -0.2326436 -0.8490576 0.4743069 -0.2326676 -0.9170068 0.3239773 -0.2326745 -0.9170025 0.3240065 -0.2326505 -0.9585705 0.164367 -0.2326502 -0.958569 0.1643725 -0.2326525 -0.9725605 0 -0.2326502 -0.9725598 0 -0.232653 -0.9585704 -0.164367 -0.2326505 -0.9585691 -0.1643731 -0.232652 -0.9170102 -0.3239822 -0.2326539 -0.9169989 -0.3239945 -0.2326818 -0.8490381 -0.4743363 -0.2326785 -0.8490626 -0.4743082 -0.2326468 -0.7566965 -0.610971 -0.2326478 -0.756695 -0.6109732 -0.2326468 -0.6425359 -0.730082 -0.2326539 -0.6425492 -0.7300755 -0.2326378 -0.5099236 -0.8281665 -0.2326334 -0.5099201 -0.8281666 -0.2326408 -0.3626283 -0.9024326 -0.2326291 -0.3626148 -0.9024311 -0.2326555 -0.2048985 -0.9507308 -0.2326536 -0.2049126 -0.9507311 -0.2326396 -0.04127478 -0.971691 -0.232622 -0.04127573 -0.9716868 -0.2326397 0.1235241 -0.9646882 -0.2326337 0.1235336 -0.9646827 -0.2326518 0.2847985 -0.9299281 -0.2326446 0.2847974 -0.9299295 -0.2326405 0.4378495 -0.8684275 -0.2326403 0.4378444 -0.8684309 -0.2326371 0.578306 -0.7819496 -0.232631 0.5783243 -0.7819217 -0.2326793 0.7021368 -0.6729579 -0.2326623 0.7021473 -0.6729463 -0.2326638 0.8057795 -0.5445974 -0.2326653 0.8057734 -0.54461 -0.232657 0.8862292 -0.4005886 -0.2326514 0.8862211 -0.4006059 -0.2326524 0.9411774 -0.2450708 -0.232649 0.9411783 -0.2450511 -0.2326656 0.9690561 -0.08246713 -0.2326574 0.9690539 -0.08248257 -0.232661 0.9210385 0.07838028 -0.3815035 0.9210444 0.07836347 -0.3814927 0.8945442 0.2329319 -0.3814884 0.8945347 0.2329296 -0.3815121 0.8423089 0.3807419 -0.3815119 0.8423143 0.3807433 -0.3814987 0.7658422 0.517632 -0.381501 0.7658545 0.5176248 -0.3814861 0.6673672 0.6395969 -0.381493 0.6673591 0.639601 -0.3815003 0.5496494 0.7432021 -0.3814923 0.5496641 0.7431851 -0.3815041 0.416162 0.8253899 -0.381498 0.4161518 0.8253905 -0.3815076 0.270683 0.8838455 -0.3815075 0.270675 0.8838464 -0.3815111 0.1173945 0.9168791 -0.381512 0.117398 0.9168786 -0.381512 -0.03923279 0.9235298 -0.381515 -0.03922724 0.9235348 -0.3815033 -0.1947361 0.9036236 -0.3815002 -0.1947337 0.9036225 -0.3815042 -0.3446649 0.857711 -0.3814944 -0.3446657 0.8577101 -0.3814957 -0.4846526 0.7871271 -0.3815009 -0.4846559 0.7871167 -0.3815183 -0.6107074 0.6938902 -0.3815141 -0.6106972 0.6939094 -0.3814956 -0.7191913 0.5807102 -0.3814965 -0.7191883 0.5807122 -0.3814991 -0.8069915 0.4508032 -0.3814988 -0.8069935 0.4508026 -0.3814952 -0.8715699 0.3079577 -0.3814811 -0.8715668 0.3079566 -0.3814894 -0.9110754 0.1562359 -0.3814867 -0.9110726 0.1562003 -0.381508 -0.9243665 0 -0.3815056 -0.9243664 0 -0.381506 -0.9110684 -0.1562246 -0.3815078 -0.9110774 -0.156212 -0.3814915 -0.8715676 -0.3079568 -0.3814874 -0.8715722 -0.307952 -0.3814808 -0.8070013 -0.4507964 -0.3814859 -0.8069809 -0.4508191 -0.3815024 -0.7191936 -0.580709 -0.3814941 -0.7191885 -0.5807007 -0.3815162 -0.6107074 -0.6938902 -0.3815141 -0.6107073 -0.6938928 -0.3815094 -0.4846495 -0.7871223 -0.3815147 -0.4846534 -0.7871223 -0.3815095 -0.3446439 -0.8577198 -0.3814936 -0.3446581 -0.8577107 -0.3815011 -0.1947587 -0.9036194 -0.3814984 -0.194747 -0.9036261 -0.3814885 -0.03923034 -0.9235283 -0.3815189 -0.03922986 -0.9235344 -0.3815041 0.1174119 -0.9168772 -0.3815112 0.117416 -0.9168746 -0.381516 0.2706829 -0.8838452 -0.3815081 0.2706809 -0.8838452 -0.3815098 0.4161419 -0.8253962 -0.3815063 0.4161482 -0.8253834 -0.3815272 0.5496711 -0.7431784 -0.3815072 0.5496537 -0.7431936 -0.3815025 0.667358 -0.6396 -0.3815039 0.6673482 -0.6396074 -0.3815087 0.7658475 -0.5176217 -0.3815042 0.7658523 -0.5176214 -0.381495 0.8423117 -0.3807432 -0.3815044 0.8423106 -0.3807488 -0.3815013 0.8945416 -0.2329089 -0.3815088 0.89454 -0.2329498 -0.3814877 0.9210427 -0.07837164 -0.3814948 0.9210391 -0.07837611 -0.3815026 0.8504118 0.07236504 -0.5211173 0.8503965 0.0723958 -0.521138 0.8259314 0.2150583 -0.5211403 0.8259326 0.2150762 -0.5211311 0.7777121 0.351544 -0.5211343 0.7777137 0.3515359 -0.5211373 0.7071089 0.4779248 -0.521138 0.7071315 0.4779039 -0.5211267 0.6161742 0.5905591 -0.5211232 0.6161687 0.5905561 -0.521133 0.5075035 0.6861924 -0.5211337 0.5075016 0.6861971 -0.5211294 0.3842417 0.7620884 -0.5211333 0.3842439 0.7620921 -0.5211261 0.2499207 0.8160641 -0.5211325 0.2499042 0.8160707 -0.5211302 0.1083946 0.8465687 -0.521126 0.1084159 0.846566 -0.5211257 -0.0362184 0.8527209 -0.5211098 -0.03622066 0.8527163 -0.521117 -0.1797989 0.8343319 -0.5211168 -0.1798162 0.834315 -0.5211379 -0.3182358 0.7919238 -0.5211362 -0.318227 0.7919362 -0.5211225 -0.4474914 0.7267603 -0.5211248 -0.4474813 0.7267699 -0.5211201 -0.5638673 0.640689 -0.5211251 -0.5638718 0.6406786 -0.521133 -0.6640366 0.5361619 -0.5211391 -0.6640262 0.5361884 -0.521125 -0.7451005 0.4162311 -0.5211305 -0.7450907 0.4162378 -0.5211391 -0.8047174 0.2843339 -0.5211375 -0.804723 0.2843203 -0.5211362 -0.8411965 0.1442363 -0.5211376 -0.8411972 0.1442252 -0.5211395 -0.8534708 0 -0.5211408 -0.8534718 0 -0.521139 -0.8411962 -0.1442357 -0.5211383 -0.8412014 -0.144226 -0.5211326 -0.8047224 -0.2843181 -0.5211383 -0.8047149 -0.28433 -0.5211436 -0.7450833 -0.4162442 -0.5211446 -0.7451023 -0.4162298 -0.521129 -0.6640315 -0.5361806 -0.5211264 -0.6640416 -0.5361632 -0.5211313 -0.5638746 -0.6406826 -0.521125 -0.5638734 -0.6406819 -0.5211271 -0.4474918 -0.7267589 -0.5211263 -0.4474687 -0.7267673 -0.5211344 -0.3182196 -0.7919238 -0.5211459 -0.3182243 -0.7919245 -0.521142 -0.1798073 -0.8343178 -0.5211366 -0.1798157 -0.8343122 -0.5211425 -0.03622102 -0.852705 -0.5211356 -0.03622281 -0.8527057 -0.5211344 0.1084114 -0.8465645 -0.5211293 0.1084182 -0.8465602 -0.5211347 0.2499164 -0.816064 -0.521135 0.2499098 -0.8160737 -0.5211229 0.3842439 -0.7621045 -0.5211079 0.3842476 -0.7620868 -0.5211312 0.5075018 -0.6862015 -0.5211234 0.5074952 -0.6862015 -0.5211298 0.6161733 -0.590564 -0.5211188 0.6161846 -0.59055 -0.5211213 0.7071188 -0.477918 -0.5211309 0.7071186 -0.4779226 -0.5211271 0.7777091 -0.3515493 -0.521135 0.7777162 -0.3515298 -0.5211377 0.8259361 -0.2150557 -0.5211341 0.8259279 -0.2150733 -0.5211398 0.8503981 -0.07236534 -0.5211395 0.8504127 -0.07239907 -0.521111 0.7588084 0.06457388 -0.648105 0.7588207 0.06458532 -0.6480895 0.7369886 0.1919012 -0.6480909 0.7369951 0.1918982 -0.6480844 0.6939634 0.3136985 -0.6480804 0.693968 0.3136834 -0.6480827 0.6309774 0.4264426 -0.6480852 0.6309556 0.4264582 -0.6480961 0.549803 0.526958 -0.6480988 0.5498204 0.5269461 -0.6480937 0.452852 0.612298 -0.6480866 0.4528518 0.6122955 -0.6480891 0.3428664 0.680016 -0.6480902 0.3428385 0.6800154 -0.6481056 0.222993 0.7281725 -0.6481041 0.2230085 0.7281798 -0.6480906 0.09673774 0.7553866 -0.6480996 0.09673029 0.7553909 -0.6480956 -0.03231918 0.7608604 -0.6481104 -0.03232175 0.7608759 -0.648092 -0.1604499 0.7444567 -0.648105 -0.1604369 0.7444781 -0.6480837 -0.2839559 0.7066407 -0.6480957 -0.2839526 0.7066523 -0.6480846 -0.3992887 0.6485015 -0.6480851 -0.3992949 0.6484972 -0.6480857 -0.5031548 0.571665 -0.6481007 -0.5031484 0.5716813 -0.6480912 -0.5925151 0.4784383 -0.6480916 -0.592523 0.478432 -0.6480891 -0.6648632 0.3714135 -0.648081 -0.6648541 0.371406 -0.6480946 -0.7180532 0.2537102 -0.6480979 -0.7180631 0.2537114 -0.6480864 -0.7506057 0.1286956 -0.6480962 -0.7506096 0.1286941 -0.648092 -0.7615625 0 -0.6480915 -0.7615607 0 -0.6480935 -0.7506118 -0.1286967 -0.6480889 -0.7506101 -0.1286981 -0.6480904 -0.7180561 -0.2537112 -0.6480942 -0.7180563 -0.2537078 -0.6480954 -0.6648546 -0.3714071 -0.6480935 -0.6648585 -0.3714103 -0.6480877 -0.5925294 -0.4784133 -0.648097 -0.592501 -0.4784431 -0.648101 -0.5031442 -0.5716785 -0.6480969 -0.5031504 -0.5716653 -0.6481038 -0.3992748 -0.6484963 -0.6480989 -0.3992996 -0.6484957 -0.6480842 -0.2839568 -0.7066499 -0.6480852 -0.2839516 -0.7066416 -0.6480965 -0.1604512 -0.7444629 -0.6480976 -0.1604551 -0.7444723 -0.6480858 -0.03232228 -0.7608812 -0.6480858 -0.03232258 -0.7608805 -0.6480866 0.09673953 -0.7553917 -0.6480933 0.09673446 -0.7554094 -0.6480733 0.2229958 -0.7281908 -0.6480826 0.2230033 -0.7281843 -0.6480873 0.3428627 -0.6800214 -0.6480864 0.3428695 -0.6800112 -0.6480937 0.4528403 -0.6123053 -0.6480879 0.4528381 -0.6123076 -0.6480875 0.5498204 -0.5269432 -0.6480961 0.5498194 -0.526941 -0.6480986 0.6309626 -0.426446 -0.6480974 0.6309615 -0.4264622 -0.6480877 0.6939691 -0.3136821 -0.6480821 0.6939601 -0.3136913 -0.6480873 0.7369941 -0.1919012 -0.6480847 0.7369893 -0.1918976 -0.6480911 0.7588173 -0.0646016 -0.6480917 0.7588121 -0.06455743 -0.6481024 0.9963967 -0.08481681 0 0.9963966 -0.08481681 0 0.9963968 0.08481502 0 0.9963967 0.08481502 0 0.9677318 0.2519827 0 0.9677349 0.2519708 0 0.911235 0.4118869 0 0.9112254 0.4119082 0 0.8285065 0.5599795 0 0.8284945 0.5599972 0 0.721965 0.6919296 0 0.7219649 0.6919298 0 0.5946326 0.8039976 0 0.5946326 0.8039976 0 0.4502072 0.8929242 0 0.4502071 0.8929241 0 0.2928235 0.9561666 0 0.2928199 0.9561677 0 0.1270175 0.9919005 0 0.1270174 0.9919005 0 -0.04244977 0.9990986 0 -0.0424503 0.9990986 0 -0.2106807 0.977555 0 -0.2106781 0.9775556 0 -0.3728485 0.9278923 0 -0.3728484 0.9278923 0 -0.5243234 0.8515193 0 -0.5243177 0.8515228 0 -0.6606666 0.7506796 0 -0.6606665 0.7506796 0 -0.7780389 0.6282162 0 -0.7780326 0.628224 0 -0.8730075 0.4877068 0 -0.8730129 0.4876973 0 -0.9428826 0.3331255 0 -0.9428786 0.3331369 0 -0.9856132 0.1690168 0 -0.9856132 0.1690169 0 -0.9856132 -0.1690168 0 -0.9856132 -0.1690169 0 -0.9428786 -0.3331369 0 -0.9428826 -0.3331255 0 -0.8730136 -0.4876958 0 -0.8730081 -0.4877057 0 -0.7780327 -0.6282239 0 -0.7780389 -0.6282162 0 -0.6606751 -0.7506721 0 -0.660675 -0.7506721 0 -0.5243069 -0.8515294 0 -0.5243124 -0.851526 0 -0.3728665 -0.927885 0 -0.3728665 -0.927885 0 -0.2106752 -0.9775562 0 -0.2106778 -0.9775556 0 -0.0424503 -0.9990986 0 -0.04244977 -0.9990986 0 0.1270175 -0.9919005 0 0.1270174 -0.9919005 0 0.2928227 -0.9561668 0 0.2928262 -0.9561657 0 0.4502025 -0.8929266 0 0.4502024 -0.8929266 0 0.5946366 -0.8039947 0 0.5946364 -0.8039948 0 0.7219635 -0.6919311 0 0.7219635 -0.6919312 0 0.8285012 -0.5599873 0 0.828513 -0.5599699 0 0.9112219 -0.411916 0 0.9112314 -0.4118948 0 0.9677363 -0.2519657 0 0.9677332 -0.2519776 0 1.31462e-7 0 1 0 0 1 -2.48802e-7 0 1 1.82114e-7 0 1 -2.93427e-7 0 1 5.68293e-7 0 1 2.29953e-7 0 1 2.91387e-6 0 1 -4.76321e-6 0 1 -4.69417e-6 0 1 1.39477e-5 0 1 -1.49058e-6 0 1 -5.84022e-7 0 1 -6.0323e-7 0 1 2.25328e-7 0 1 0 0 1 6.052e-7 0 1 2.01734e-7 0 1 -2.06177e-7 0 1 -0.9933484 0.08454489 -0.07817471 -0.9933499 0.08453571 -0.07816547 -0.9933497 -0.08453655 -0.0781669 -0.9933484 -0.08454751 -0.07817202 -0.9647683 -0.2512199 -0.07817113 -0.9647736 -0.2511997 -0.07817095 -0.9084411 -0.4106378 -0.07817691 -0.8259683 -0.5582684 -0.07818448 -0.8259676 -0.5582686 -0.07819145 -0.719743 -0.6898233 -0.07819229 -0.7197622 -0.6898051 -0.07817512 -0.5928138 -0.8015371 -0.07816827 -0.5928077 -0.8015399 -0.07818603 -0.4488083 -0.8902003 -0.07819664 -0.4488297 -0.8901919 -0.07817023 -0.2919259 -0.9532409 -0.07817459 -0.2919391 -0.9532372 -0.07817053 -0.1266292 -0.9888656 -0.07816702 -0.1266211 -0.9888662 -0.07817101 0.04229867 -0.9960412 -0.07818418 0.04231262 -0.9960409 -0.07818073 0.2100301 -0.974563 -0.07819497 0.2100332 -0.9745634 -0.07818132 0.371731 -0.9250422 -0.07818591 0.5226902 -0.8489308 -0.0781762 0.522702 -0.8489218 -0.07819586 0.6586661 -0.7483611 -0.07819652 0.6586449 -0.7483829 -0.07816529 0.7756509 -0.6263034 -0.07816559 0.7756455 -0.6263091 -0.07817381 0.8703527 -0.4861846 -0.07817173 0.8703455 -0.4861952 -0.07818603 0.9399883 -0.3321288 -0.07818317 0.9399884 -0.3321263 -0.07819181 0.9825975 -0.1684961 -0.078175 0.9969395 0 -0.07817685 0.9969397 0 -0.07817596 0.9825989 0.1684887 -0.07817357 0.982598 0.1684863 -0.07818949 0.9399875 0.3321285 -0.0781933 0.9399893 0.3321257 -0.07818394 0.8703438 0.4862 -0.07817602 0.8703559 0.4861789 -0.07817125 0.7756493 0.6263041 -0.0781759 0.7756451 0.6263109 -0.07816374 0.6586715 0.7483606 -0.07815676 0.6586367 0.7483876 -0.0781905 0.5226932 0.8489263 -0.07820636 0.5227031 0.8489234 -0.07817018 0.3717228 0.9250465 -0.07817518 0.3717214 0.9250466 -0.07818019 0.2100375 0.9745628 -0.0781762 0.2100316 0.9745622 -0.07820022 0.04229658 0.9960412 -0.07818579 0.04230874 0.996042 -0.07816886 -0.1266316 0.9888643 -0.0781787 -0.2919288 0.9532398 -0.07817614 -0.2919197 0.9532431 -0.07816934 -0.4488291 0.8901897 -0.07819658 -0.448821 0.8901971 -0.07815951 -0.5928105 0.8015408 -0.07815533 -0.5927983 0.8015474 -0.07817959 -0.7197441 0.6898249 -0.07816702 -0.7197613 0.6898043 -0.0781905 -0.8259735 0.55826 -0.07818979 -0.9084478 0.4106228 -0.07817602 -0.9084407 0.410641 -0.07816451 -0.964771 0.2512078 -0.07817542 -0.9690548 -0.08248084 -0.232658 -0.9411728 -0.2450799 -0.2326576 -0.9411797 -0.2450579 -0.2326533 -0.8862296 -0.4005889 -0.232649 -0.8862214 -0.4006043 -0.2326541 -0.8057686 -0.5446182 -0.2326543 -0.8057687 -0.5446216 -0.2326459 -0.7021608 -0.672938 -0.2326471 -0.7021471 -0.6729471 -0.232662 -0.5783059 -0.7819389 -0.232667 -0.5783116 -0.7819376 -0.2326572 -0.4378515 -0.8684207 -0.2326619 -0.4378639 -0.8684205 -0.2326396 -0.2847983 -0.9299288 -0.2326422 -0.2847939 -0.929928 -0.2326508 -0.1235233 -0.9646813 -0.2326629 -0.1235359 -0.9646878 -0.2326291 0.04127764 -0.9716862 -0.2326415 0.04127877 -0.9716867 -0.2326397 0.2048982 -0.9507326 -0.2326462 0.2049086 -0.950727 -0.23266 0.5099232 -0.8281661 -0.2326353 0.6425409 -0.7300841 -0.232634 0.6425366 -0.730086 -0.2326397 0.7566914 -0.6109795 -0.232642 0.7566912 -0.6109683 -0.2326717 0.8490674 -0.4742904 -0.2326657 0.8490562 -0.4743279 -0.2326299 0.9170051 -0.3240116 -0.2326334 0.9170126 -0.3239779 -0.2326504 0.958568 -0.1643764 -0.2326542 0.958568 -0.1643831 -0.2326496 0.9585669 0.164387 -0.2326513 0.9585683 0.1643734 -0.2326551 0.9170015 0.3240092 -0.232651 0.9170172 0.3239796 -0.2326301 0.849069 0.4743002 -0.2326396 0.8490548 0.4743129 -0.2326653 0.7566791 0.6109822 -0.2326752 0.7566876 0.6109762 -0.2326627 0.6425281 0.7300832 -0.2326717 0.6425594 0.7300699 -0.2326272 0.5099236 0.8281665 -0.2326334 0.5098993 0.8281736 -0.2326612 0.362631 0.9024251 -0.2326539 0.204901 0.9507321 -0.2326461 0.2048881 0.9507312 -0.232661 0.04127401 0.9716823 -0.2326588 0.04128217 0.9716811 -0.2326623 -0.1235217 0.9646865 -0.2326421 -0.2847849 0.9299327 -0.2326431 -0.2847917 0.9299312 -0.2326409 -0.4378499 0.8684293 -0.2326332 -0.4378601 0.8684129 -0.2326751 -0.578303 0.7819458 -0.2326506 -0.5783143 0.7819305 -0.2326744 -0.7021585 0.6729354 -0.2326617 -0.8057671 0.5446255 -0.2326427 -0.8057706 0.5446119 -0.2326624 -0.8862249 0.4005984 -0.2326511 -0.8862239 0.4005964 -0.2326585 -0.9411758 0.2450689 -0.2326575 -0.9411767 0.2450622 -0.2326607 -0.9690541 0.08247572 -0.2326629 -0.9690548 0.08248084 -0.232658 -0.9210348 -0.07839065 -0.38151 -0.9210347 -0.07839858 -0.3815086 -0.8945387 -0.2329143 -0.3815122 -0.8945413 -0.2329158 -0.3815054 -0.8423087 -0.3807513 -0.3815032 -0.8423143 -0.380739 -0.3815029 -0.7658473 -0.5176246 -0.3815009 -0.7658461 -0.5176286 -0.3814976 -0.6673583 -0.6396018 -0.3815003 -0.5496581 -0.7431924 -0.3814983 -0.5496607 -0.7431918 -0.381496 -0.4161665 -0.8253881 -0.3814969 -0.4161413 -0.8253926 -0.3815152 -0.2706799 -0.883846 -0.3815085 -0.1174135 -0.9168785 -0.3815073 -0.1174196 -0.916879 -0.3815045 0.0392329 -0.9235335 -0.3815059 0.03922659 -0.9235304 -0.3815139 0.1947557 -0.90362 -0.3814986 0.194755 -0.9036206 -0.3814977 0.3446501 -0.8577143 -0.3815006 0.3446492 -0.8577117 -0.3815072 0.4846464 -0.7871342 -0.381494 0.4846537 -0.7871244 -0.381505 0.6107079 -0.6938943 -0.3815057 0.6107027 -0.6938911 -0.3815199 0.7192042 -0.5806827 -0.381514 0.7191883 -0.5807122 -0.3814991 0.8069837 -0.4508203 -0.3814951 0.8069791 -0.4508181 -0.3815073 0.8715687 -0.3079357 -0.3815019 0.8715714 -0.3079404 -0.381492 0.9110751 -0.1562252 -0.3814918 0.9110689 -0.1562215 -0.3815082 0.9243685 0 -0.3815011 0.9243659 0 -0.3815071 0.9110669 0.1562355 -0.381507 0.9110795 0.1562113 -0.381487 0.8715775 0.3079282 -0.381488 0.871561 0.3079492 -0.3815087 0.8069812 0.4508157 -0.381506 0.8069804 0.4508225 -0.3814995 0.7191943 0.5807068 -0.381496 0.7191916 0.5807008 -0.3815105 0.6107128 0.6938915 -0.3815031 0.6107118 0.6938821 -0.3815218 0.484631 0.7871419 -0.3814977 0.4846415 0.787135 -0.3814986 0.3446685 0.8577063 -0.3815018 0.3446644 0.8577064 -0.3815055 0.1947321 0.9036265 -0.3814954 0.0392363 0.9235318 -0.3815096 0.03922945 0.9235361 -0.3815001 -0.1174027 0.916875 -0.3815192 -0.1173974 0.9168864 -0.3814933 -0.27068 0.8838443 -0.3815124 -0.270682 0.883849 -0.3815 -0.416144 0.8253979 -0.3815005 -0.5496613 0.7431972 -0.3814847 -0.5496596 0.7431901 -0.3815008 -0.6673544 0.6396065 -0.3814993 -0.6673586 0.6396064 -0.381492 -0.7658495 0.5176262 -0.3814941 -0.7658426 0.5176239 -0.3815112 -0.8423118 0.3807539 -0.3814938 -0.8423124 0.380731 -0.381515 -0.8945404 0.2329202 -0.3815044 -0.894542 0.2329103 -0.3815066 -0.9210349 0.07839065 -0.3815099 -0.9210354 0.07839655 -0.3815072 -0.850405 -0.07237738 -0.5211265 -0.8504038 -0.07238572 -0.5211275 -0.8259393 -0.2150451 -0.5211333 -0.8259335 -0.2150622 -0.5211355 -0.7777111 -0.3515387 -0.5211392 -0.7071154 -0.4779272 -0.5211271 -0.6161794 -0.5905582 -0.5211182 -0.6161653 -0.5905567 -0.5211365 -0.5075048 -0.6861945 -0.5211296 -0.507493 -0.6862025 -0.5211306 -0.384236 -0.7620885 -0.521137 -0.3842477 -0.7620997 -0.5211123 -0.2499248 -0.8160684 -0.5211238 -0.2499068 -0.8160664 -0.5211355 -0.1084125 -0.8465612 -0.5211343 -0.1084136 -0.8465613 -0.5211339 0.03621846 -0.8527101 -0.5211274 0.03621971 -0.8527057 -0.5211344 0.1798185 -0.8343179 -0.5211324 0.1798124 -0.8343248 -0.5211235 0.3182196 -0.7919335 -0.5211312 0.3182256 -0.7919251 -0.5211403 0.4474861 -0.7267516 -0.5211415 0.4474799 -0.7267602 -0.5211348 0.5638734 -0.6406847 -0.5211238 0.5638728 -0.6406885 -0.5211198 0.6640364 -0.5361732 -0.5211275 0.6640363 -0.5361664 -0.5211349 0.7450893 -0.4162361 -0.5211425 0.7450983 -0.4162294 -0.5211349 0.8047161 -0.2843274 -0.5211428 0.8047174 -0.284331 -0.521139 0.8411945 -0.1442235 -0.5211443 0.8412081 -0.1442523 -0.5211147 0.8534829 0 -0.5211211 0.8534823 0 -0.521122 0.8412082 0.1442139 -0.5211251 0.8411871 0.1442614 -0.5211458 0.8047176 0.2843289 -0.52114 0.8047199 0.2843307 -0.5211353 0.7450933 0.4162299 -0.5211417 0.7450945 0.4162383 -0.5211333 0.6640316 0.5361784 -0.5211285 0.6640416 0.5361632 -0.5211313 0.5638767 0.6406798 -0.5211262 0.5638726 0.6406936 -0.5211138 0.4474815 0.7267604 -0.5211331 0.4474743 0.7267637 -0.5211347 0.3182358 0.791935 -0.5211189 0.3182231 0.7919219 -0.5211466 0.03622215 0.8527171 -0.5211157 0.03621625 0.8527149 -0.5211197 -0.1083965 0.8465595 -0.5211403 -0.1084095 0.846568 -0.521124 -0.2499211 0.8160562 -0.5211447 -0.2499071 0.8160778 -0.5211175 -0.3842349 0.7621096 -0.5211071 -0.3842487 0.7620765 -0.5211454 -0.507507 0.6861792 -0.5211477 -0.6161701 0.5905494 -0.521139 -0.6161597 0.5905724 -0.5211253 -0.7071205 0.4779288 -0.5211188 -0.7071227 0.4779104 -0.5211327 -0.7777157 0.3515342 -0.5211353 -0.7777091 0.3515478 -0.5211362 -0.8259372 0.2150612 -0.5211302 -0.8259385 0.2150508 -0.5211323 -0.8504038 0.07237535 -0.5211289 -0.8504021 0.0723837 -0.5211304 -0.7588179 -0.06458902 -0.6480923 -0.7588247 -0.06457316 -0.6480861 -0.7369909 -0.191913 -0.6480848 -0.7369985 -0.1918991 -0.6480802 -0.6939677 -0.3136689 -0.6480902 -0.6939584 -0.3136949 -0.6480875 -0.6309667 -0.4264488 -0.6480914 -0.630961 -0.4264473 -0.6480979 -0.5498083 -0.5269568 -0.6480953 -0.549814 -0.5269626 -0.6480857 -0.4528471 -0.6122927 -0.648095 -0.4528513 -0.6122993 -0.6480859 -0.3428678 -0.6800189 -0.6480866 -0.3428622 -0.6800095 -0.6480993 -0.2229946 -0.7281903 -0.6480836 -0.2229924 -0.7281762 -0.6481001 -0.09673643 -0.7553889 -0.6480971 -0.09675079 -0.7554001 -0.6480818 0.03231865 -0.7608857 -0.6480808 0.03234219 -0.7608571 -0.648113 0.1604477 -0.7444719 -0.6480882 0.160438 -0.7444682 -0.6480948 0.2839585 -0.7066401 -0.6480952 0.2839496 -0.7066529 -0.6480852 0.3992863 -0.6485022 -0.6480859 0.3992919 -0.6484872 -0.6480975 0.5031467 -0.5716877 -0.6480869 0.5031443 -0.571691 -0.6480858 0.5925351 -0.4784132 -0.6480918 0.5925286 -0.4784365 -0.6480806 0.6648578 -0.3714105 -0.6480883 0.664855 -0.3714227 -0.6480842 0.7180737 -0.2537175 -0.6480723 0.7506032 -0.1287205 -0.6480941 0.7506108 -0.1287087 -0.6480876 0.7615582 0 -0.6480966 0.7615634 0 -0.6480906 0.7506001 0.1287199 -0.6480978 0.7506147 0.12871 -0.648083 0.7180605 0.2537118 -0.6480892 0.7180708 0.2536996 -0.6480824 0.6648668 0.371414 -0.6480771 0.664849 0.3714175 -0.6480932 0.5925201 0.478431 -0.6480923 0.592536 0.478411 -0.6480925 0.5031484 0.5716832 -0.6480896 0.5031396 0.5716928 -0.6480879 0.3992856 0.6484883 -0.6481003 0.3992882 0.6484956 -0.6480914 0.283958 0.7066528 -0.6480816 0.2839516 0.7066416 -0.6480965 0.1604538 0.744475 -0.648083 0.1604347 0.7444676 -0.6480962 0.03231602 0.7608657 -0.6481042 0.03231614 0.7608806 -0.6480867 -0.09673398 0.7553922 -0.6480936 -0.09673076 0.7553945 -0.6480914 -0.2229921 0.7281789 -0.6480973 -0.2229951 0.7281785 -0.6480966 -0.3428563 0.6800251 -0.648086 -0.452861 0.6122977 -0.6480807 -0.4528532 0.6122874 -0.6480959 -0.5498046 0.5269848 -0.6480755 -0.5498111 0.5269516 -0.6480972 -0.6309744 0.4264406 -0.6480893 -0.6309635 0.4264512 -0.6480929 -0.6939633 0.3136998 -0.6480799 -0.6939744 0.3136718 -0.6480814 -0.7369953 0.1919142 -0.6480794 -0.736996 0.1918985 -0.6480833 -0.7588232 0.06458777 -0.6480862 -0.7588157 0.06457018 -0.6480969 -0.721955 -0.6919401 0 -0.7219485 -0.6919468 0 -0.5946401 -0.803992 0 -0.59464 -0.8039922 0 -0.4501905 -0.8929325 0 -0.4501852 -0.8929352 0 -0.2928235 -0.9561666 0 -0.2928306 -0.9561644 0 0.04242938 -0.9990995 0 0.04242938 -0.9990995 0 0.2106755 -0.9775561 0 0.2106807 -0.977555 0 0.5242969 -0.8515357 0 0.5242968 -0.8515356 0 0.6606831 -0.7506651 0 0.6606893 -0.7506595 0 0.7780275 -0.6282302 0 0.7780339 -0.6282225 0 0.8730183 -0.4876874 0 0.8730183 -0.4876875 0 0.9856177 0.168991 0 0.9856155 0.1690035 0 0.6606877 0.7506608 0 0.6606813 0.7506665 0 0.5243012 0.8515329 0 0.5243011 0.8515331 0 0.3728569 0.9278889 0 0.3728657 0.9278854 0 0.2106836 0.9775544 0 0.2106782 0.9775555 0 0.0424264 0.9990997 0 0.0424264 0.9990997 0 -0.2928279 0.9561652 0 -0.2928207 0.9561674 0 -0.7219486 0.6919468 0 -0.7219549 0.6919402 0 -0.828514 0.5599684 0 -0.828508 0.5599772 0 -0.9112346 0.411888 0 -0.9112345 0.4118881 0 -2.25333e-7 0 1 1.46002e-7 0 1 0 0 1 1.92448e-7 0 1 -1.83016e-7 0 1 -1.82105e-7 0 1 2.93394e-7 0 1 -5.68282e-7 0 1 -2.29958e-7 0 1 -3.98089e-6 0 1 2.91372e-6 0 1 4.69467e-6 0 1 -1.39492e-5 0 1 2.48433e-7 0 1 1.67905e-6 0 1 -1.32713e-6 0 1 6.19658e-7 0 1 6.18528e-7 0 1 0 0 1 0 0 1 4.12358e-7 0 1 0.993347 0.08454477 -0.07819211 0.9933484 0.08454591 -0.0781731 0.9647744 0.2511963 -0.07817077 0.9647679 0.2512173 -0.07818549 0.9084403 0.4106396 -0.0781753 0.908439 0.4106406 -0.07818508 0.8259744 0.5582607 -0.07817459 0.8259791 0.5582536 -0.07817673 0.7197495 0.6898193 -0.07816755 0.7197466 0.6898217 -0.07817351 0.5928149 0.8015364 -0.07816606 0.5927985 0.8015472 -0.07817959 0.4488333 0.8901885 -0.07818716 0.4488164 0.8901977 -0.07817929 0.2919259 0.9532408 -0.07817542 0.2919223 0.9532415 -0.07818037 0.1266289 0.988864 -0.07818728 0.1266365 0.9888645 -0.07816922 -0.04229664 0.9960435 -0.07815539 -0.0423091 0.9960395 -0.07820045 -0.2100374 0.9745622 -0.07818633 -0.2100362 0.9745628 -0.07818132 -0.3717154 0.9250487 -0.07818388 -0.3717217 0.9250473 -0.07816994 -0.5227034 0.8489226 -0.07817733 -0.5226981 0.8489257 -0.07817977 -0.6586554 0.7483728 -0.07817524 -0.6586485 0.7483804 -0.07816094 -0.7756551 0.6262987 -0.07816118 -0.7756547 0.6262981 -0.07816988 -0.8703439 0.4862005 -0.07817101 -0.8703309 0.4862264 -0.07815349 -0.9399967 0.3321114 -0.07815581 -0.9399997 0.3320984 -0.07817447 -0.9825975 0.1684985 -0.07816958 -0.982599 0.1684865 -0.07817667 -0.9969397 0 -0.07817625 -0.9825969 -0.1684995 -0.07817512 -0.9825996 -0.1684861 -0.07817006 -0.9399925 -0.3321199 -0.07817071 -0.8703364 -0.4862163 -0.07815498 -0.8703375 -0.4862113 -0.078175 -0.7756454 -0.6263091 -0.07817524 -0.7756661 -0.6262845 -0.07816559 -0.6586582 -0.7483724 -0.0781548 -0.6586492 -0.7483775 -0.07818126 -0.5226946 -0.8489277 -0.07818198 -0.3717237 -0.9250453 -0.07818442 -0.3717181 -0.925048 -0.07817941 -0.2100345 -0.9745627 -0.07818639 -0.2100332 -0.9745634 -0.07818132 -0.04229915 -0.9960404 -0.07819515 -0.04231262 -0.9960418 -0.07817047 0.1266278 -0.988865 -0.07817637 0.1266199 -0.9888673 -0.07815998 0.291926 -0.9532417 -0.07816445 0.2919389 -0.9532355 -0.07819104 0.4488049 -0.8902038 -0.07817566 0.4488326 -0.8901875 -0.07820177 0.5928174 -0.8015318 -0.0781942 0.5928083 -0.8015403 -0.07817572 0.7197489 -0.6898188 -0.07817769 0.7197465 -0.689821 -0.07817858 0.825978 -0.5582547 -0.07818031 0.8259733 -0.5582622 -0.07817649 0.908433 -0.4106548 -0.07818132 0.9084426 -0.4106302 -0.07819795 0.9647686 -0.2512189 -0.07817047 0.9690557 0.08246558 -0.2326595 0.9690545 0.08248084 -0.2326593 0.9411771 0.245059 -0.2326625 0.9411786 0.2450626 -0.232653 0.88622 0.4006067 -0.2326551 0.8057734 0.5446089 -0.2326599 0.7021518 0.6729397 -0.2326699 0.7021548 0.6729405 -0.2326581 0.5783071 0.781941 -0.2326574 0.578306 0.7819408 -0.2326604 0.4378518 0.8684225 -0.2326548 0.4378541 0.8684225 -0.2326505 0.284787 0.929929 -0.2326551 0.2847924 0.9299334 -0.2326307 0.1235225 0.9646809 -0.2326648 -0.04127418 0.9716846 -0.232649 -0.04128193 0.9716787 -0.2326725 -0.204896 0.9507294 -0.2326611 -0.2048907 0.9507325 -0.2326533 -0.3626324 0.9024222 -0.2326627 -0.3626247 0.9024313 -0.2326393 -0.5099211 0.8281626 -0.232653 -0.5099067 0.8281743 -0.232643 -0.6425328 0.7300885 -0.2326424 -0.6425638 0.7300535 -0.2326663 -0.7566847 0.6109764 -0.2326718 -0.7566884 0.6109772 -0.2326577 -0.8490432 0.4743373 -0.2326583 -0.8490571 0.4743034 -0.2326766 -0.9170058 0.3239694 -0.2326894 -0.9170037 0.3240069 -0.2326455 -0.9585683 0.1643734 -0.2326551 -0.9585703 -0.1643664 -0.2326513 -0.958569 -0.1643726 -0.2326527 -0.917011 -0.3239825 -0.2326502 -0.9169982 -0.3239943 -0.2326843 -0.8490598 -0.4743081 -0.2326575 -0.756696 -0.6109732 -0.2326435 -0.7566943 -0.6109704 -0.2326564 -0.6425386 -0.7300814 -0.2326486 -0.6425467 -0.730076 -0.2326433 -0.5099224 -0.8281645 -0.2326432 -0.5099232 -0.8281661 -0.2326353 -0.3626278 -0.9024315 -0.232634 -0.2048953 -0.9507291 -0.2326635 -0.2049097 -0.9507318 -0.2326397 -0.04127752 -0.9716862 -0.2326415 -0.04127883 -0.9716866 -0.2326397 0.1235238 -0.9646859 -0.2326434 0.1235366 -0.9646824 -0.2326518 0.2848011 -0.9299274 -0.2326444 0.2847946 -0.9299303 -0.2326406 0.4378485 -0.8684254 -0.2326501 0.4378622 -0.8684172 -0.2326548 0.578303 -0.7819458 -0.2326506 0.5783101 -0.7819356 -0.2326673 0.7021479 -0.6729459 -0.2326633 0.7021582 -0.6729363 -0.2326604 0.8057712 -0.5446096 -0.2326654 0.8057669 -0.5446201 -0.232656 0.8862282 -0.4005881 -0.2326563 0.8862224 -0.400605 -0.2326492 0.9411763 -0.2450705 -0.2326539 0.9411785 -0.2450576 -0.2326584 0.9690556 -0.08246707 -0.2326599 0.9690545 -0.08248084 -0.2326593 0.9210453 0.078363 -0.3814904 0.8945451 0.2329322 -0.3814862 0.8945354 0.2329314 -0.3815094 0.8423098 0.3807423 -0.3815096 0.7658555 0.5176211 -0.381489 0.6673692 0.6395989 -0.3814861 0.6673543 0.6396023 -0.3815067 0.5496505 0.7432036 -0.3814877 0.5496666 0.7431883 -0.3814944 0.4161629 0.8253917 -0.3814935 0.2706803 0.8838442 -0.3815123 0.2706792 0.8838515 -0.3814961 0.1174009 0.9168822 -0.3815026 0.1173983 0.9168806 -0.3815071 -0.03923594 0.9235334 -0.3815059 -0.0392301 0.9235287 -0.381518 -0.1947349 0.9036284 -0.3814895 -0.3446608 0.8577084 -0.3815039 -0.3446642 0.8577063 -0.3815054 -0.4846391 0.7871338 -0.3815041 -0.4846437 0.7871271 -0.3815119 -0.6107195 0.6938775 -0.3815179 -0.610706 0.6938984 -0.3815011 -0.7191883 0.5807127 -0.3814982 -0.7191884 0.5807096 -0.3815031 -0.8069885 0.4507985 -0.3815108 -0.8069934 0.4508183 -0.381477 -0.8715682 0.3079571 -0.3814857 -0.8715714 0.3079529 -0.3814818 -0.9110745 0.1562368 -0.3814887 -0.9110731 0.1561989 -0.3815073 -0.9243675 0 -0.3815033 -0.924367 0 -0.3815047 -0.9110676 -0.1562239 -0.3815102 -0.9110789 -0.1562118 -0.3814881 -0.8715674 -0.3079568 -0.3814877 -0.8715732 -0.3079524 -0.3814783 -0.8070011 -0.4507979 -0.3814846 -0.8069826 -0.4508202 -0.3814975 -0.7191951 -0.5807076 -0.3814931 -0.7191901 -0.580702 -0.3815113 -0.6107054 -0.6938914 -0.3815148 -0.6107041 -0.6938926 -0.3815151 -0.4846526 -0.7871229 -0.3815096 -0.4846591 -0.7871218 -0.3815035 -0.3446436 -0.8577199 -0.3814936 -0.3446492 -0.8577117 -0.3815072 -0.1947554 -0.9036182 -0.3815032 -0.1947559 -0.9036245 -0.3814879 -0.0392335 -0.9235357 -0.3815005 -0.03922641 -0.9235265 -0.3815237 0.1174152 -0.9168807 -0.381502 0.2706801 -0.8838459 -0.3815084 0.2706815 -0.8838471 -0.3815049 0.4161611 -0.8253882 -0.3815026 0.4161537 -0.8253943 -0.3814979 0.549659 -0.7431941 -0.3814938 0.5496549 -0.7431952 -0.3814976 0.6673667 -0.6395886 -0.3815079 0.6673538 -0.6396132 -0.3814892 0.765847 -0.517635 -0.3814872 0.7658506 -0.5176202 -0.3814998 0.8423109 -0.3807415 -0.3815082 0.8423116 -0.3807492 -0.3814989 0.8945424 -0.2329153 -0.3815031 0.8945379 -0.2329493 -0.3814925 0.9210439 -0.07836997 -0.3814922 0.9210383 -0.07837599 -0.3815045 0.8504146 0.0723648 -0.5211126 0.8503947 0.07239568 -0.5211408 0.825931 0.2150596 -0.5211405 0.825934 0.2150749 -0.5211295 0.777713 0.3515445 -0.5211323 0.7777126 0.3515367 -0.5211384 0.7071139 0.4779243 -0.5211318 0.7071292 0.4779022 -0.5211313 0.6161724 0.5905631 -0.5211209 0.6161667 0.5905541 -0.5211377 0.5075013 0.6861892 -0.5211399 0.3842427 0.7620906 -0.5211291 0.384249 0.7621021 -0.5211077 0.2499228 0.816061 -0.5211363 0.2499012 0.8160713 -0.5211306 0.1083939 0.846561 -0.5211386 0.1084118 0.8465608 -0.5211351 -0.03622132 0.8527234 -0.5211055 -0.03621721 0.8527081 -0.5211309 -0.1797994 0.8343344 -0.5211126 -0.1798168 0.8343177 -0.5211333 -0.3182241 0.7919371 -0.5211231 -0.4474776 0.7267659 -0.5211288 -0.4474773 0.7267685 -0.5211255 -0.563879 0.6406827 -0.5211201 -0.5638707 0.6406915 -0.5211183 -0.6640421 0.5361641 -0.5211297 -0.6640328 0.536181 -0.5211243 -0.7450958 0.4162427 -0.5211279 -0.7450848 0.4162328 -0.5211516 -0.8047152 0.2843281 -0.521144 -0.8047254 0.2843201 -0.5211326 -0.8411991 0.1442352 -0.5211337 -0.8411938 0.1442247 -0.5211453 -0.8534727 0 -0.5211378 -0.8534683 0 -0.521145 -0.8411982 -0.1442356 -0.5211352 -0.8411965 -0.1442251 -0.5211406 -0.8047243 -0.2843188 -0.5211351 -0.7450833 -0.4162442 -0.5211446 -0.7450983 -0.4162294 -0.5211349 -0.6640293 -0.5361791 -0.5211306 -0.6640453 -0.5361608 -0.5211291 -0.5638751 -0.6406865 -0.5211196 -0.5638691 -0.6406843 -0.521129 -0.4474939 -0.7267526 -0.5211333 -0.4474672 -0.7267649 -0.5211391 -0.318213 -0.7919282 -0.5211431 -0.3182319 -0.7919281 -0.5211318 -0.1798163 -0.8343189 -0.5211316 -0.1798132 -0.8343154 -0.5211382 -0.03621822 -0.8527076 -0.5211315 -0.03621989 -0.8527085 -0.5211298 0.1084108 -0.8465594 -0.5211375 0.1084151 -0.8465604 -0.5211349 0.2499179 -0.8160688 -0.5211266 0.2499102 -0.816065 -0.5211363 0.3842394 -0.7620954 -0.5211246 0.3842462 -0.7620843 -0.5211357 0.5074928 -0.6862027 -0.5211306 0.6161826 -0.590548 -0.5211259 0.7071162 -0.477921 -0.5211316 0.7777115 -0.3515503 -0.5211309 0.7777136 -0.3515286 -0.5211422 0.8259336 -0.2150551 -0.5211383 0.8259286 -0.2150735 -0.5211387 0.758822 0.0645852 -0.648088 0.7369911 0.1919004 -0.6480883 0.736996 0.1918985 -0.6480833 0.6939619 0.3136991 -0.6480816 0.6939696 0.3136841 -0.6480806 0.6309508 0.4264571 -0.6481016 0.5498052 0.5269601 -0.6480951 0.45285 0.6122956 -0.6480903 0.4528471 0.6122935 -0.6480942 0.3428628 0.6800091 -0.6480994 0.3428531 0.6800187 -0.6480944 0.2229922 0.7281789 -0.6480972 0.2229951 0.7281785 -0.6480966 0.09673541 0.7553898 -0.6480962 0.0967307 0.7553945 -0.6480914 -0.03231668 0.7608667 -0.6481031 -0.03231537 0.7608761 -0.6480922 -0.1604505 0.7444598 -0.6481013 -0.1604362 0.7444746 -0.6480879 -0.283958 0.7066528 -0.6480816 -0.2839502 0.7066383 -0.6481007 -0.3992831 0.648497 -0.6480932 -0.3992938 0.6484903 -0.6480933 -0.5031464 0.5716683 -0.6481044 -0.503139 0.5716778 -0.6481017 -0.5925195 0.4784304 -0.6480935 -0.5925196 0.4784266 -0.6480962 -0.6648647 0.3714128 -0.6480798 -0.6648526 0.3714051 -0.6480967 -0.7180516 0.2537086 -0.6481001 -0.7180615 0.2537108 -0.6480885 -0.7506148 0.1286972 -0.6480852 -0.7506046 0.1286938 -0.6480978 -0.7615613 0 -0.6480929 -0.7615598 0 -0.6480947 -0.7506088 -0.1286962 -0.6480925 -0.7506086 -0.1286939 -0.648093 -0.718059 -0.2537123 -0.6480906 -0.718058 -0.2537084 -0.6480933 -0.664853 -0.3714078 -0.6480947 -0.6648585 -0.3714103 -0.6480877 -0.5925356 -0.4784137 -0.6480911 -0.5925037 -0.4784453 -0.6480968 -0.503138 -0.5716778 -0.6481024 -0.5031479 -0.5716662 -0.6481049 -0.3992773 -0.6485003 -0.6480934 -0.3993051 -0.6484941 -0.6480826 -0.2839608 -0.7066459 -0.6480879 -0.2839469 -0.7066463 -0.6480935 -0.1604484 -0.7444632 -0.6480979 -0.1604355 -0.7444711 -0.648092 -0.032319 -0.7608688 -0.6481005 -0.03234177 -0.7608764 -0.6480904 0.09673798 -0.7554013 -0.6480825 0.09675097 -0.7553868 -0.6480973 0.2229948 -0.7281785 -0.6480969 0.2229911 -0.7281864 -0.6480892 0.3428599 -0.6800159 -0.6480938 0.3428654 -0.6800159 -0.648091 0.4528381 -0.612306 -0.6480888 0.4528471 -0.6122936 -0.6480943 0.5498104 -0.5269448 -0.6481032 0.6309586 -0.4264602 -0.6480919 0.6939635 -0.3136796 -0.6480894 0.6939616 -0.3136964 -0.6480833 0.7369916 -0.1918973 -0.6480886 0.7588235 -0.06460213 -0.6480845 0.7588042 -0.06455701 -0.6481118 0.9112346 0.411888 0 0.9112249 0.4119094 0 0.828514 0.5599684 0 0.8285021 0.5599861 0 0.721955 0.6919401 0 0.7219549 0.6919402 0 0.2928207 0.9561674 0 0.2928171 0.9561685 0 -0.04242581 0.9990996 0 -0.0424264 0.9990997 0 -0.2106836 0.9775544 0 -0.2106809 0.9775549 0 -0.3728614 0.9278872 0 -0.3728613 0.9278872 0 -0.5243126 0.8515259 0 -0.5243068 0.8515295 0 -0.6606751 0.7506721 0 -0.660675 0.7506721 0 -0.9856134 0.1690159 0 -0.9856134 0.169016 0 -0.8730129 -0.4876971 0 -0.8730075 -0.487707 0 -0.7780338 -0.6282224 0 -0.7780401 -0.6282148 0 -0.6606767 -0.7506706 0 -0.6606766 -0.7506707 0 -0.5243026 -0.8515321 0 -0.5243082 -0.8515287 0 -0.2106781 -0.9775556 0 -0.2106807 -0.977555 0 -0.04242938 -0.9990995 0 -0.04242885 -0.9990995 0 0.2928199 -0.9561677 0 0.2928234 -0.9561666 0 0.4501905 -0.8929325 0 0.4501904 -0.8929326 0 0.5946463 -0.8039876 0 0.5946462 -0.8039876 0 0.721955 -0.6919401 0 0.7219549 -0.6919402 0 4.50665e-7 0 1 -4.12363e-7 0 1 3.00412e-7 0 1 0 0 1 4.81236e-7 0 1 -6.19654e-7 0 1 1.93036e-6 0 1 3.61518e-7 0 1 -1.67907e-6 0 1 9.62234e-7 0 1 2.29954e-7 0 1 2.48796e-6 0 1 -5.82775e-6 0 1 -9.38835e-6 0 1 1.39478e-5 0 1 -1.46003e-7 0 1 0 0 1 -1.42071e-7 0 1 3.66031e-7 0 1 -1.24405e-7 0 1 -2.97698e-7 0 1 -5.86799e-7 0 1 4.35941e-7 0 1 0 -0.6712285 0.7412505 -2.011e-6 0 1 -1.22934e-5 0 1 -4.50385e-6 0 1 0 0 1 -1.23482e-7 0 1 1.69104e-7 0 1 2.46305e-7 0 -1 8.65409e-7 0 -1 -1.14101e-6 0 -1 1.34043e-6 0 -1 1.05383e-5 0 -1 1.67475e-7 0 -1 2.94447e-6 0 -1 9.98382e-7 0 -1 2.64491e-5 0 -1 -2.94448e-6 0 -1 3.82202e-6 0 -1 -1.34043e-6 0 -1 -4.23182e-5 0 -1 -4.92299e-6 0 -1 -2.46309e-7 0 -1 -1.40509e-5 0 -1 -0.03036141 0.999539 0 -0.8808106 0.4734691 0 -0.8808069 0.4734756 0 -0.8504471 -0.5260607 0 -0.8504453 -0.5260637 0 0.03036421 -0.999539 0 0.8808053 -0.4734789 0 0.8808087 -0.4734723 0 0.8504433 0.5260668 0 0.850449 0.5260576 0 0.8808074 -0.473475 0 0.8808093 -0.4734715 0 0.8504453 0.5260637 0 0.8504451 0.526064 0 -0.03036421 0.999539 0 -0.8808086 0.4734725 0 -0.880805 0.4734793 0 -0.850449 -0.5260576 0 -0.8504431 -0.526067 0 0.03036147 -0.999539 0 -2.11432e-6 0 1 4.22872e-6 0 1 1.71789e-6 0 -1 -2.37866e-6 0 -1 -0.8808074 -0.473475 0 -0.8808075 -0.4734747 0 -0.8504414 0.5260698 0 -0.8504412 0.5260701 0 0.03036451 0.9995389 0 0.8808086 0.4734725 0 0.8808068 0.4734761 0 0.8504471 -0.5260607 0 0.8504451 -0.526064 0 -0.03036159 -0.999539 0 -2.11432e-6 0 -1 4.22875e-6 0 -1 -0.8808069 -0.4734758 0 -0.8808068 -0.4734761 0 -0.8504436 0.5260663 0 -0.8504435 0.5260666 0 0.03036183 0.999539 0 0.8504492 -0.5260571 0 0.8504472 -0.5260604 0 0.8808069 -0.4734758 0 0.8808085 -0.4734728 0 0.8504473 0.5260602 0 0.8504472 0.5260604 0 -0.03036159 0.999539 0 -0.8504512 -0.5260541 0 -0.8504453 -0.5260635 0 -1.32145e-7 0 -1 -1.32144e-7 0 -1 0 0.9238755 0.3826932 0 0.6087635 0.7933518 0 0.3826639 0.9238877 0 0.1305478 0.991442 0 -0.1305488 0.991442 0 -0.1305478 0.991442 0 -0.3826639 0.9238877 0 -0.3826611 0.9238888 0 -0.6087635 0.7933518 0 -0.6088027 0.7933217 0 -0.7933412 0.6087774 0 -0.7933642 0.6087473 0 -0.9238755 0.3826932 0 -0.9238874 0.3826645 0 -0.9914442 0.1305315 0 -0.9914442 0.1305319 0 -0.9914452 -0.1305238 0 -0.9914453 -0.1305235 0 -0.9238783 -0.3826866 0 -0.9238755 -0.3826932 0 -0.7933642 -0.6087473 0 -0.7933412 -0.6087774 0 -0.6087635 -0.7933518 0 0.1305019 -0.9914482 0 0.382717 -0.9238656 0 0.6087597 -0.7933547 0 0.7933412 -0.6087774 0 0.9238783 -0.3826866 0 0.9914451 -0.1305248 0 0.7933387 0.6087806 0 0.3826632 0.923888 0 0.130548 0.9914421 0 -0.130548 0.9914421 0 -0.3826645 0.9238874 0 -0.3826642 0.9238876 0 -0.608763 0.7933523 0 -0.7933383 0.608781 0 -0.7933615 0.608751 0 -0.9238769 0.3826898 0 -0.9238861 0.3826678 0 -0.9914454 0.1305219 0 -0.9914447 0.1305281 0 -0.9914457 -0.13052 0 -0.9914466 -0.1305139 0 -0.9238769 -0.3826898 0 -0.7933615 -0.608751 0 -0.7933383 -0.608781 0 -0.608763 -0.7933523 0 -0.3826909 -0.9238766 0 -0.3827177 -0.9238654 0 -0.130502 -0.9914481 0 0.1305021 -0.9914481 0 0.3827164 -0.9238659 0 0.608763 -0.7933523 0 0.1305483 0.991442 0 -0.1305473 0.9914421 0 -0.3826652 0.9238871 0 -0.6087616 0.7933533 0 -0.608799 0.7933246 0 -0.9914452 0.1305238 0 -0.9914463 -0.1305158 0 -0.6087597 -0.7933547 0 -0.6087616 -0.7933533 0 -0.3826918 -0.9238761 0 -0.382717 -0.9238656 0 -0.1305019 -0.9914482 0 -0.1305014 -0.9914482 0 0.1305024 -0.9914481 0 0.3827143 -0.9238668 -1 4.30091e-6 0 -1 -1.48138e-5 0 -1 6.92077e-6 0 -1 8.73834e-6 0 -1 -1.11598e-5 0 -1 2.33564e-6 0 -1 -2.76825e-6 0 -1 1.78562e-5 0 -1 -8.73843e-6 0 -1 1.48138e-5 0 -1 -1.89539e-5 0 -1 -1.46389e-7 0 -1 -1.57226e-7 0 -1 -2.657e-7 0 -1 -2.45547e-7 0 -1 2.45551e-7 0 -1 -5.76689e-7 0 -1 -1.89512e-5 0 -1 1.38927e-5 0 0 1 3.0421e-5 0 0.9999997 8.1842e-4 0 1 4.31183e-5 4.00655e-6 0.9998778 -0.01563626 -1.61305e-6 0.9998778 -0.01564049 0 0.9998783 -0.01560664 0 1 3.04656e-4 0 1 3.04849e-4 0 1 3.0506e-4 8.55327e-6 5.64381e-5 1 2.64943e-5 -5.1342e-5 1 2.2471e-5 5.64456e-5 1 -8.74698e-6 0.995616 0.0935347 4.17835e-6 0.995616 0.0935347 0 0.995616 0.0935347 0 1 -3.30688e-5 2.84985e-7 0.9998034 -0.01983058 3.64892e-6 0.9998033 -0.01983422 1.37277e-6 0.9998037 -0.0198186 0 1 -2.58478e-4 0 1 5.23451e-5 0 0.9999997 7.67014e-4 0 0.9999997 7.67014e-4 0 0.9999997 7.67014e-4 0 1 -5.43951e-5 6.99423e-7 0.9997836 0.02080374 -9.58331e-7 0.9997836 0.02080374 1.28523e-6 0.9997836 0.02080374 -3.51109e-7 0.9999551 0.009480297 -1.77044e-6 0.9999557 0.009426176 -2.1793e-7 0.999956 0.009392797 4.20213e-6 -1 8.69585e-5 -3.19444e-7 -0.9991528 -0.04115492 1.9907e-7 -0.999149 -0.04124587 0 -1 -3.76506e-4 0.1072667 -0.980703 0.1634493 0.107268 -0.9807038 0.1634438 0.1072646 -0.9807026 0.1634521 0.1137135 -0.9755373 0.1881393 0.1136651 -0.9755427 0.1881402 0.1136656 -0.9755426 0.1881403 0.6895548 1.54786e-5 0.7242336 0.6895537 2.00663e-5 0.7242347 0.6895541 1.25356e-5 0.7242342 0.7071117 1.96844e-5 0.7071018 0.7071175 -1.13845e-5 0.7070962 0.7071136 1.50055e-5 0.7071 0.2279187 0.9116877 0.3418751 0.2279384 0.9116819 0.3418774 0.2279214 0.911686 0.3418781 0.7139393 0.05822849 0.6977825 0.7259647 0 0.687732 0.7259896 0 0.6877057 0.7259889 0 0.6877064 0.719757 0.02305412 0.6938432 0.7197558 0.02304428 0.6938449 0.7197565 0.02303582 0.6938443 0.7269312 0.01045626 0.6866309 0.6842916 -0.01562619 -0.7290411 0.6842916 -0.01562625 -0.7290411 0.6842916 -0.01562625 -0.729041 0.5295619 -0.04515522 -0.8470687 0.5295677 -0.04515504 -0.8470651 0.5295654 -0.04515421 -0.8470666 0.6895548 1.54804e-5 -0.7242336 0.6895541 1.25337e-5 -0.7242342 0.6895537 2.00598e-5 -0.7242346 0.7085381 0.07997351 -0.7011262 0.7085348 0.07999926 -0.7011266 0.70854 0.08001315 -0.7011198 0.6979591 -0.2762922 -0.6606934 0.8698773 -0.3444437 0.3530892 0.7043225 0.03727501 -0.7089009 0.704319 0.03729206 -0.7089035 0.7043189 0.03731769 -0.7089022 0.7225118 0.02293682 -0.6909781 0.7225065 0.02293688 -0.6909835 0.7225266 0.02293747 -0.6909626 0.7269312 0.01045626 -0.6866309 0.8556685 0.04030537 -0.5159525 0.8557575 0.04020875 -0.5158123 0.8557575 0.04020881 -0.5158124 0.85887 0.01610517 -0.5119404 0.858864 0.01609599 -0.5119509 0.8588624 0.01609516 -0.5119536 0.8637774 -1.94907e-5 -0.5038737 0.8637672 1.61454e-5 -0.5038913 0.8637579 -1.57133e-5 -0.503907 0.8558393 0.03814435 0.5158334 0.8558388 0.03814995 0.5158338 0.8558391 0.03814339 0.5158337 0.8522031 1.86339e-5 0.5232113 0.8521903 -1.76355e-5 0.5232321 0.8521985 6.07967e-6 0.5232187 0.916174 2.29739e-5 0.4007808 0.9161488 -8.09133e-6 0.4008384 0.9161542 -2.32458e-5 0.400826 0 -1 3.76506e-4 1.64084e-7 -0.9980571 0.06230676 1.57914e-7 -0.9980556 0.06232941 -2.25641e-4 -0.9910223 0.1336968 -1.43331e-6 0.9999551 -0.009479343 2.21655e-7 0.999956 -0.009393513 4.96395e-7 0.9999556 -0.009426653 -1.16322e-6 0.9998781 -0.01562213 -2.52388e-7 0.9998777 -0.01564055 -1.80025e-6 0.9998782 -0.01561129 0 0.9999997 -7.67014e-4 0 0.9999997 -7.67014e-4 0 0.9999997 -7.67014e-4 0 0.9999999 4.79384e-4 0 0.9999999 4.79384e-4 0 0.9999999 4.79384e-4 0 1 2.58478e-4 0 0.9999995 -0.001056969 0 1 3.30994e-5 -6.89179e-7 -0.995738 -0.09222722 -3.54834e-7 -0.9957416 -0.09218925 3.1814e-6 -0.9998604 -0.0167123 -4.31575e-6 0.999912 0.01327365 0 0.9999115 0.0133056 -5.10365e-7 0.9999116 0.01330727 0 1 1.35035e-5 0 1 1.39971e-5 0 1 1.29652e-5 0 1 -4.31183e-5 0 0.9999997 -8.60387e-4 -1 1.46393e-7 0 -1 -3.14462e-7 0 -1 -5.22157e-7 0 -1 2.45549e-7 0 -1 -5.76694e-7 0 -1 3.60538e-7 0 -1 5.38894e-7 0 -1 -2.09576e-5 0 -1 -1.89521e-5 0 -1 -2.77832e-5 0 0 1 3.04136e-5 0 1 4.31034e-5 -4.42751e-6 0.9997966 -0.02017229 -1.76951e-6 0.9997968 -0.02016097 8.49366e-7 0.9997968 -0.02016049 0 1 2.08178e-4 0 1 2.0835e-4 0 1 2.08537e-4 8.58307e-6 5.5477e-5 1 2.3067e-5 -5.22882e-5 1 -1.16229e-6 5.83455e-5 1 2.00979e-6 0.9996333 0.02708184 8.41754e-7 0.9996333 0.02708184 0 0.9996333 0.02708184 0 1 -3.31301e-5 -2.96161e-6 0.9987753 -0.04947727 5.21727e-6 0.9987741 -0.0495007 2.80328e-6 0.9987742 -0.04949843 0 1 -2.58371e-4 0 0.9999997 7.67014e-4 0 0.9999997 7.67014e-4 0 0.9999997 7.67014e-4 0 1 -5.45375e-5 -4.66593e-7 0.9997836 0.02080374 5.54137e-7 0.9997836 0.02080374 9.42498e-7 0.9997836 0.02080374 6.61239e-7 0.9999552 0.009472489 2.17743e-6 0.9999551 0.009487986 0 0.9999555 0.00944221 -2.23145e-6 -0.9960132 -0.0892055 -1.42213e-6 -0.9995875 -0.02872318 5.86733e-7 -0.9995863 -0.02876347 0 -1 -3.74252e-4 0.1049576 -0.978601 0.1769861 0.10979 -0.9804294 0.1634151 0.1097926 -0.9804325 0.163395 0.1097865 -0.9804303 0.1634124 0.1134532 -0.9755665 0.1881449 0.1268289 -0.9705756 0.2046884 0.2456362 -0.903808 0.3504198 0.6145904 -0.3093206 0.7256718 0.6145309 -0.3098633 0.7254906 0.6145804 -0.3094112 0.7256416 0.6842012 -0.01555883 0.7291274 0.6911526 -6.93463e-6 0.7227089 0.6911543 -1.77836e-5 0.7227073 0.6911538 -1.75871e-5 0.7227078 0.6893687 -5.72205e-6 0.7244107 0.6893535 -1.58846e-5 0.7244252 0.6893669 2.10702e-5 0.7244125 0.3790629 0.8664522 0.3249184 0.3790738 0.8664535 0.3249022 0.3790714 0.8664488 0.3249175 0.7138747 0.05769801 0.6978926 0.7138985 0.05778521 0.6978609 0.7140176 0.05822181 0.6977027 0.69709 0 0.7169837 0.696829 0 0.7172372 0.6970811 -1.84689e-7 0.7169924 0.7211403 0.02300363 0.6924071 0.7211387 0.02297616 0.6924097 0.7211419 0.02301144 0.6924052 0.7271112 0.008699417 0.6864646 0.7271112 0.008699834 0.6864647 0.7271111 0.008699417 0.6864647 0.7379657 -0.2542851 0.6250967 0.7378376 -0.2550262 0.6249458 0.7379257 -0.2545167 0.6250497 0.6145468 -0.3093167 -0.7257103 0.6145469 -0.3093168 -0.7257103 0.6145469 -0.3093168 -0.7257102 0.5229579 -0.04536688 -0.8511503 0.522958 -0.04536521 -0.8511505 0.5229577 -0.04536885 -0.8511503 0.5177742 -0.0461204 -0.8542733 0.517364 -0.04613405 -0.854521 0.52617 -0.04659307 -0.8491021 0.6906206 1.7114e-5 -0.7232173 0.6906203 2.17361e-5 -0.7232177 0.6906203 -1.04411e-5 -0.7232176 0.702777 0.08066326 -0.7068225 0.7027806 0.08062481 -0.7068233 0.7027798 0.08064675 -0.7068215 0.3694657 0.8336072 -0.4106023 0.3695611 0.8335592 -0.4106137 0.3694638 0.8336028 -0.410613 0.6985738 0.05724537 -0.7132445 0.6985737 0.05724543 -0.7132446 0.6985738 0.05724519 -0.7132445 0.7138088 0.05760389 -0.6979677 0.7041198 0.04400944 -0.7087162 0.704124 0.04400753 -0.7087122 0.7041143 0.04401427 -0.7087212 0.7218329 0.0229609 -0.6916865 0.7217635 0.02295732 -0.691759 0.7218324 0.02296096 -0.6916869 0.7269235 0.01006865 -0.6866446 0.7269539 0.009881198 -0.6866152 0.7269539 0.009881198 -0.6866153 0.7378711 -0.25493 -0.6249457 0.7379094 -0.2546986 -0.6249947 0.7379325 -0.2545596 -0.6250241 0.8557302 0.04050946 -0.5158343 0.855597 0.01626771 -0.5173869 0.8556032 0.01629495 -0.5173757 0.8555946 0.01625382 -0.5173913 0.8944333 0 -0.4472016 0.8944309 -1.95503e-5 -0.4472063 0.8944334 -1.49012e-7 -0.4472014 0.9999771 0.001324951 -0.006650745 0.8507903 0.02951985 0.5246756 0.8506929 0.02997034 0.5248079 0.8507223 0.0298351 0.5247682 0.8555555 0.03818178 0.5163013 0.8555549 0.03818941 0.5163016 0.8555553 0.03818172 0.5163016 0.8588427 2.23611e-5 0.5122394 0.8588439 -1.55661e-5 0.5122374 0.8588441 2.14614e-5 0.5122371 0.8637818 0 0.5038662 0.8637772 6.97374e-6 0.5038741 0.8637748 -7.74619e-6 0.5038781 0.8608768 0.05034393 0.5063167 0.8608329 0.05007839 0.5064178 0.8608476 0.05016684 0.5063841 2.22027e-5 1.61007e-5 1 -5.00977e-5 -7.06818e-5 1 -8.61287e-5 -2.10926e-5 1 -1.71065e-5 0.9999553 -0.00946474 9.5889e-6 0.9999555 -0.009437203 6.9961e-6 0.9999556 -0.009432554 2.29012e-6 0.9996618 -0.02601093 2.98955e-7 0.999661 -0.02604079 1.08685e-6 0.9996614 -0.02602297 0 0.9999997 -7.67014e-4 0 0.9999997 -7.67014e-4 0 0.9999997 -7.67014e-4 0 0.9999999 4.79384e-4 0 0.9999999 4.79384e-4 0 0.9999999 4.79384e-4 0 1 2.58425e-4 0 0.9999995 -0.001014113 0 1 3.3012e-5 4.77711e-5 1 0 -3.34275e-5 1 3.41275e-5 3.34196e-5 1 -3.41352e-5 5.57862e-7 -0.9957364 -0.09224456 -1.6368e-7 -0.9957421 -0.09218358 4.13507e-6 -0.9830879 -0.1831347 2.41399e-6 0.9998406 0.01785707 -1.8049e-6 0.9998405 0.01785963 -2.7921e-6 0.9998402 0.0178765 0 1 2.35585e-5 0 1 2.40562e-5 0 1 2.30152e-5 0 1 -4.30293e-5 0 0.9999997 -8.32963e-4 1 1.38427e-4 0 -0.9872684 0 0.1590633 -0.9872685 0 0.1590635 -0.8873543 0 0.4610882 -0.8333135 0 0.5528008 -0.6175252 0 0.7865512 -0.5304288 0 0.8477296 -0.437296 0 0.8993177 -0.4372999 0 0.8993158 -0.3392463 0 0.9406976 -0.2373166 0 0.9714324 0.3888186 0 0.9213144 0.4845506 0 0.8747633 0.4845469 0 0.8747654 0.574787 0 0.8183031 0.6585113 0 0.7525709 0.8027127 0 0.596366 0.8615508 0 0.5076715 0.9106351 0 0.4132116 0.9106354 0 0.4132109 0.9493982 0 0.3140749 0.9774034 0 -0.2113828 0.9493975 0 -0.3140775 0.9106355 0 -0.4132106 0.9106352 0 -0.4132114 0.8615533 0 -0.5076672 0.7347747 0 -0.6783112 0.574787 0 -0.8183031 0.4845511 0 -0.8747631 0.4845516 0 -0.8747628 0.3888227 0 -0.9213127 0.07978665 0 -0.996812 -0.2373258 0 -0.9714301 -0.3392393 0 -0.9407002 -0.4373064 0 -0.8993126 -0.4373074 0 -0.8993122 -0.5304213 0 -0.8477342 -0.6175244 0 -0.7865518 -0.8333145 0 -0.5527991 -0.8873519 0 -0.4610927 -0.9872683 0 -0.1590636 -0.9872683 0 -0.1590639 0 1 3.66585e-6 0 1 -4.9344e-6 0 1 -4.94735e-6 0 1 4.28505e-6 0 1 -3.76737e-6 0 1 5.51075e-6 0 1 -4.70231e-6 0 1 -3.93702e-6 0 1 -6.83422e-6 0 1 -8.37277e-7 0 1 6.02811e-6 0 1 -7.24364e-6 0 1 8.70387e-6 0 1 -3.62816e-6 0 1 1.76337e-6 0 1 -2.06654e-6 0 1 6.04983e-6 0 1 -4.61467e-6 0 1 -7.53477e-6 0 1 1.55333e-5 0 1 -2.17937e-6 0 1 -2.14014e-6 0 1 1.06949e-5 0 1 -1.09979e-5 0 1 -4.82339e-5 0 1 1.4417e-4 0.9872683 0 0.1590641 0.9872685 0 0.1590635 0.8873519 0 0.4610927 0.833315 0 0.5527986 0.6175255 0 0.7865509 0.5304213 0 0.8477342 0.4373074 0 0.8993122 0.4373064 0 0.8993126 0.3392399 0 0.9407 0.2373258 0 0.9714301 -0.07978606 0 0.996812 -0.3888227 0 0.9213127 -0.4845516 0 0.8747628 -0.4845511 0 0.8747631 -0.5747883 0 0.8183022 -0.7347742 0 0.6783118 -0.8615536 0 0.5076667 -0.9106353 0 0.4132111 -0.9106354 0 0.4132109 -0.9493978 0 0.3140764 -0.9774035 0 0.2113823 -0.9493985 0 -0.3140742 -0.9106355 0 -0.4132106 -0.910635 0 -0.4132118 -0.8615514 0 -0.5076704 -0.8027102 0 -0.5963695 -0.6585085 0 -0.7525733 -0.574787 0 -0.8183031 -0.4845469 0 -0.8747654 -0.4845506 0 -0.8747633 -0.3888227 0 -0.9213127 0.2373212 0 -0.9714313 0.3392463 0 -0.9406976 0.4372999 0 -0.8993158 0.437296 0 -0.8993177 0.5304288 0 -0.8477296 0.6175252 0 -0.7865512 0.8333142 0 -0.5527997 0.8873543 0 -0.4610882 0.9872683 0 -0.1590636 0.9872685 0 -0.1590632 -0.9989332 0 -0.04617869 -0.9904105 0 0.1381558 -0.9734376 0 0.2289527 -0.9481612 0 0.3177899 -0.9147945 0 0.4039197 -0.7693344 0 0.6388464 -0.7693337 0 0.6388471 -0.7071047 0 0.7071089 -0.7071071 0 0.7071065 -0.5651347 0 0.8249988 -0.4866102 0 0.8736192 -0.3177964 0 0.948159 -0.2289445 0 0.9734395 0.2289443 0 0.9734395 0.3178005 0 0.9481576 0.3177964 0 0.948159 0.486607 0 0.873621 0.5651313 0 0.8250011 0.6388508 0 0.7693308 0.6388485 0 0.7693326 0.7071068 0 0.7071068 0.7071049 0 0.7071086 0.8249988 0 0.5651344 0.9147949 0 0.4039188 0.9481608 0 0.3177911 0.998933 0 0.04618316 0.9989331 0 -0.04618352 0.998933 0 -0.04618364 0.9904104 0 -0.1381565 0.9904105 0 -0.1381561 0.9481606 0 -0.3177918 0.9147944 0 -0.40392 0.7071063 0 -0.7071074 0.7071068 0 -0.7071068 0.5651365 0 -0.8249976 0.486604 0 -0.8736227 0.3177919 0 -0.9481606 0.3177917 0 -0.9481606 0.2289503 0 -0.9734382 -0.2289505 0 -0.973438 -0.3177917 0 -0.9481606 -0.4866038 0 -0.8736228 -0.5651366 0 -0.8249973 -0.7071065 0 -0.7071071 -0.7693335 0 -0.6388475 -0.769334 0 -0.6388469 -0.9147938 0 -0.4039213 -0.9481609 0 -0.3177908 -0.9904105 0 -0.1381558 0 -1 -6.61493e-7 0 -1 6.615e-7 0 -1 -4.2406e-6 0 -1 2.74409e-6 0 -1 -4.26426e-6 0 -1 -6.09053e-7 0 -1 1.21878e-6 0 -1 1.2231e-6 0 -1 -2.1185e-6 0 -1 1.2207e-6 0 -1 -2.12144e-6 0 -1 2.43786e-6 0 -1 -2.43624e-6 0 -1 2.12357e-6 0 -1 -2.43659e-6 0 -1 -2.11724e-6 0 -1 1.05998e-6 0 -1 2.12236e-6 0 -1 -2.4369e-6 0 -1 -2.11927e-6 0 -1 2.44551e-6 0 -1 -1.21908e-6 0 -1 -1.21925e-6 0 -1 1.83363e-6 0 -1 1.22001e-6 0 -1 -1.22e-6 0 -1 -1.83364e-6 0 -1 1.21924e-6 0 -1 1.21908e-6 0 -1 -4.24238e-6 0 -1 2.1181e-6 0 -1 -2.44552e-6 0 -1 2.11927e-6 0 -1 -5.30487e-7 0 -1 3.98129e-7 0 -1 9.2903e-7 0 -1 2.43691e-6 0 -1 -1.59177e-6 0 -1 -1.05999e-6 0 -1 2.43658e-6 0 -1 2.43625e-6 0 -1 -2.43786e-6 0 -1 4.24291e-6 0 -1 -1.2207e-6 0 -1 -1.22309e-6 0 -1 -1.21879e-6 0 -1 6.09048e-7 0 -1 -4.24709e-6 0 -1 4.26428e-6 0 -1 -2.74409e-6 0 -1 4.2406e-6 0 -1 -2.29089e-6 0 1 7.938e-7 0 1 -7.93792e-7 0 1 -6.09183e-7 0 1 1.2181e-6 0 1 2.43759e-6 0 1 -4.24342e-6 0 1 2.44091e-6 0 1 2.44619e-6 0 1 -1.2207e-6 0 1 -1.21893e-6 0 1 1.21813e-6 0 1 -1.06136e-6 0 1 1.21941e-6 0 1 -1.05816e-6 0 1 1.06118e-6 0 1 1.21867e-6 0 1 -1.22096e-6 0 1 -1.21908e-6 0 1 2.43634e-6 0 1 2.43644e-6 0 1 -2.43848e-6 0 1 3.66369e-6 0 1 -4.23167e-6 0 1 4.88971e-6 0 1 1.21856e-6 0 1 -1.21856e-6 0 1 -4.88967e-6 0 1 4.23166e-6 0 1 -3.66369e-6 0 1 2.4385e-6 0 1 -2.43644e-6 0 1 4.24717e-6 0 1 -2.43632e-6 0 1 1.21908e-6 0 1 -2.12118e-6 0 1 1.22096e-6 0 1 5.29818e-7 0 1 1.06097e-6 0 1 -1.21866e-6 0 1 9.29028e-7 0 1 -1.06118e-6 0 1 1.05816e-6 0 1 2.12061e-6 0 1 -1.21941e-6 0 1 2.12273e-6 0 1 -1.21812e-6 0 1 1.21893e-6 0 1 1.2207e-6 0 1 4.22965e-6 0 1 -2.4462e-6 0 1 -2.44093e-6 0 1 4.24345e-6 0 1 -2.43756e-6 0 1 -1.21811e-6 0 1 6.0918e-7 0 1 -4.58176e-7 0.130501 0 0.9914482 0.1305419 0 0.9914428 0.3826903 0 0.9238768 0.3826904 0 0.9238767 0.608756 0 0.7933576 0.608756 0 0.7933576 0.7933786 0 0.6087286 0.7933735 0 0.6087353 0.9238817 0 0.3826782 0.9238818 0 0.3826782 0.9914414 0 0.1305526 0.9914405 0 0.1305599 0.9914411 0 0.1305544 0.9238796 0 0.3826832 0.9238817 0 0.3826783 0.7933786 0 0.6087285 0.3826786 0 0.9238816 0.6087649 0 0.7933508 0.7933789 0 0.6087283 0.9238796 0 0.3826835 0.9914408 0 0.130557 0.9914416 0 0.1305509 0.9914414 0 0.1305527 0.9238817 0 0.3826785 0.7933734 0 0.6087354 0.7933785 0 0.6087287 0.1305364 0 0.9914436 0.1305419 0 0.9914428 0.1304603 0 0.9914537 0.3826788 0 0.9238815 0.3826906 0 0.9238767 0.1304601 0 0.9914537 0.1304602 0 0.9914537 0.3826786 0 0.9238815 0.6087559 0 0.7933576 0.1305691 0 0.9914393 0.6087561 0 0.7933575 0.7933787 0 0.6087285 0.3826785 0 0.9238816 0.6087557 0 0.7933577 0.7933787 0 0.6087285 0.9238817 0 0.3826783 0.9238798 0 0.3826832 0.9914396 0 0.130567 0.3826788 0 0.9238814 0.6087562 0 0.7933574 0.7933784 0 0.6087288 0.7933736 0 0.6087351 0.9238798 0 0.382683 0.9238798 0 0.3826832 0.9914405 0 0.1305598 0.06483793 0.9893599 0.1302425 0.06483626 0.9893634 0.1302161 0.1934379 0.972429 0.1302444 0.1934384 0.9724292 0.1302427 0.3187031 0.9388636 0.130244 0.3187029 0.9388637 0.1302441 0.4385073 0.8892408 0.1302395 0.4385197 0.8892343 0.1302421 0.5508359 0.8243842 0.1302713 0.5508409 0.8243896 0.130216 0.6537275 0.74544 0.1302292 0.6537306 0.7454299 0.130271 0.7454345 0.6537316 0.1302401 0.7454334 0.6537318 0.1302453 0.824384 0.550843 0.1302427 0.8243992 0.5508233 0.1302297 0.8892326 0.4385245 0.1302374 0.8892354 0.4385131 0.1302567 0.9388585 0.3187108 0.1302627 0.938857 0.3187115 0.130272 0.9724287 0.1934189 0.1302747 0.9724296 0.1934377 0.1302411 0.9893581 0.06486278 0.130244 0.9893564 0.06481772 0.1302789 0.9221844 0.06042933 0.3820005 0.9221915 0.06043589 0.3819821 0.7922827 0.0519284 0.6079406 0.7923075 0.05194282 0.607907 0.6082915 0.03987967 0.7927113 0.6082704 0.03986829 0.792728 0.3825623 0.02507734 0.9235893 0.3825546 0.02507644 0.9235925 0.1304969 0.008554518 0.9914118 0.1289024 0.009218752 0.9916145 0.1296569 0.02579444 0.9912235 0.1249929 0.02718847 0.9917851 0.126301 0.04287022 0.9910653 0.1189092 0.04435127 0.9919142 0.1204088 0.05938619 0.9909465 0.1107876 0.06048631 0.9920018 0.1121447 0.07492142 0.9908635 0.1006953 0.07537955 0.9920577 0.1016017 0.08912098 0.9908253 0.08885258 0.0888499 0.9920741 0.08911556 0.1016175 0.9908241 0.0753864 0.1007001 0.9920567 0.07491815 0.1121257 0.9908658 0.060485 0.1107656 0.9920043 0.05938345 0.1204206 0.9909453 0.04435384 0.1189064 0.9919144 0.04287272 0.1262978 0.9910655 0.02719271 0.124985 0.991786 0.02579027 0.1296763 0.991221 0.00921452 0.1288799 0.9916175 0.008551716 0.1305127 0.9914098 0.02506798 0.3825539 0.9235931 0.02506887 0.3825588 0.9235911 0.03986215 0.60829 0.7927134 0.0398693 0.6082741 0.7927251 0.05192631 0.7922875 0.6079345 0.05193454 0.7922798 0.6079438 0.06044733 0.9221833 0.382 0.06043326 0.9221854 0.3819972 0.07479339 0.3760085 0.9235929 0.07479327 0.3760184 0.9235888 0.1232359 0.3630424 0.9235871 0.1232379 0.3630326 0.9235907 0.169562 0.3438454 0.9235904 0.1695591 0.3438485 0.9235898 0.2130055 0.3187701 0.9235877 0.2130084 0.318781 0.9235833 0.2527758 0.2882522 0.9235882 0.2527709 0.2882269 0.9235974 0.2882459 0.2527753 0.9235903 0.2882364 0.2527829 0.9235911 0.3187767 0.212994 0.9235882 0.3187633 0.2129867 0.9235944 0.3438415 0.169569 0.9235906 0.3438361 0.1695677 0.9235928 0.3630323 0.1232205 0.9235932 0.3630318 0.123239 0.9235909 0.376016 0.07479965 0.9235893 0.3760023 0.07479006 0.9235956 0.1189323 0.5979052 0.7926946 0.1189298 0.5978624 0.7927271 0.195943 0.5772236 0.7927291 0.1959511 0.5772417 0.7927139 0.2696098 0.5467217 0.7927206 0.2696086 0.5467265 0.7927176 0.3386697 0.506843 0.792725 0.338672 0.5068506 0.7927192 0.4019259 0.4583151 0.7927186 0.4019367 0.45833 0.7927046 0.4583243 0.4019483 0.792702 0.458306 0.4019166 0.7927287 0.5068441 0.3386718 0.7927235 0.5068429 0.3386642 0.7927275 0.5467178 0.2696099 0.7927234 0.5467165 0.2696275 0.7927182 0.5772439 0.1959356 0.7927162 0.5772415 0.1959325 0.7927187 0.5978851 0.118923 0.7927111 0.5978732 0.1189303 0.792719 0.180305 0.9063981 0.3820114 0.154904 0.7787423 0.6079187 0.1548967 0.7787247 0.6079431 0.2552139 0.7518551 0.6079307 0.2552165 0.751836 0.6079534 0.3511554 0.7120963 0.6079547 0.3511686 0.7121039 0.6079382 0.4411162 0.6601598 0.6079519 0.441131 0.6601878 0.6079109 0.523514 0.5969721 0.6079124 0.5234897 0.5969308 0.6079739 0.5969417 0.5234736 0.607977 0.596964 0.5235273 0.6079089 0.6601876 0.4411299 0.607912 0.6601778 0.4411168 0.6079321 0.7120981 0.3511672 0.6079456 0.712107 0.3511816 0.6079269 0.7518492 0.2552214 0.6079348 0.7518481 0.2552015 0.6079448 0.7787184 0.1548923 0.6079524 0.7787247 0.1548967 0.6079431 0.2970641 0.8751214 0.3819889 0.1802967 0.9064108 0.3819854 0.297062 0.8751357 0.3819578 0.408747 0.8288607 0.3819894 0.4087482 0.8288796 0.3819471 0.5134377 0.7684301 0.3819648 0.5134481 0.7683975 0.3820161 0.6093469 0.6948143 0.3820074 0.6093272 0.6948538 0.3819668 0.6948311 0.6093545 0.3819645 0.6948283 0.6093325 0.3820049 0.7684162 0.5134273 0.3820064 0.7684075 0.5134622 0.381977 0.8288686 0.408741 0.3819786 0.8288726 0.4087557 0.3819546 0.8751309 0.2970718 0.3819612 0.8751314 0.2970652 0.3819652 0.9064176 0.1802979 0.3819684 0.9064061 0.1802964 0.3819965 0 0.9914458 0.1305188 0 0.9914495 0.1304911 0 0.9914458 0.1305186 0 0.9238868 0.382666 0 0.9238765 0.3826909 0 0.7933388 0.6087805 0 0.7933658 0.6087452 0 0.6087513 0.7933611 0 0.6087653 0.7933505 0 0.3826723 0.9238842 0 0.3826822 0.9238801 0 0.1304917 0.9914495 0 0.1305149 0.9914463 0 0.9238865 0.3826666 0 0.9238764 0.3826912 0 0.7933523 0.6087629 0 0.7933521 0.6087633 0 0.608765 0.7933506 0 0.6087514 0.793361 0 0.382682 0.9238802 0 0.3826816 0.9238803 0 0.130517 0.9914461 0 0.1305174 0.991446 0 0.1305169 0.9914461 0 0.1305098 0.991447 0 0.3826727 0.9238841 0 0.6087659 0.7933501 0 0.7933655 0.6087456 0 0.7933525 0.6087625 0 0.9238766 0.3826906 0 0.9238867 0.3826665 0 0.9914313 0.130629 0 0.9914469 0.1305114 0 0.3826824 0.9238801 0 0.3826728 0.923884 0 0.6087656 0.7933502 0 0.6087526 0.7933602 0 0.7933662 0.6087448 0 0.7933394 0.6087797 0 0.9238768 0.3826903 0 0.991446 0.1305184 0 0.1305136 0.9914466 0 0.9914568 0.1304361 0 0.9914277 0.1306565 0 0.9238768 0.3826903 0 0.9238767 0.3826904 0 0.7933524 0.6087626 0 0.7933659 0.608745 0 0.6087516 0.793361 0 0.6087517 0.7933609 0 0.3826821 0.9238801 0 0.1305208 0.9914456 0 0.130506 0.9914476 0 0.1305209 0.9914456 0 0.3826826 0.9238799 0 0.9238765 0.3826907 0 0.9238865 0.3826668 0 0.9914749 0.1302981 0 0.9238767 0.3826904 0 0.9238865 0.3826665 0 0.9238767 0.3826905 0 0.7933388 0.6087804 0 0.9914314 0.130629 0 0.9914712 0.1303259 0 0.9914423 0.130546 0 0.9238867 0.3826663 0 0.6087644 0.7933511 0 0.9238768 0.3826899 0 0.9914458 0.1305189 0 0.9914386 0.1305739 0 0.9238865 0.382667 0 0.7933529 0.608762 0 0.7933658 0.6087454 0 0.6087517 0.7933609 0 0.6087649 0.7933508 0 0.3826818 0.9238802 0 0.1305354 0.9914437 0 0.7933527 0.6087625 0 0.7933384 0.6087809 0 0.7933661 0.6087449 0 0.7933525 0.6087626 0 0.793366 0.608745 0 0.7933524 0.6087627 0 0.7933524 0.6087628 0 0.6087647 0.7933508 0 0.7933666 0.6087443 0 0.7933393 0.6087799 0 0.7933521 0.608763 0 0.608752 0.7933606 0 0.6087652 0.7933505 0 0.6087652 0.7933506 0 0.1305061 0.9914476 0 0.3826722 0.9238842 0 0.3826822 0.9238802 0 0.3826823 0.9238801 0 0.1305171 0.9914461 0 0.1305207 0.9914456 -0.989361 0.06483441 0.1302356 -0.9893604 0.06483238 0.1302416 -0.9724307 0.1934337 0.1302391 -0.972429 0.1934376 0.1302446 -0.9388644 0.3186985 0.1302493 -0.9388604 0.3187127 0.1302437 -0.8892348 0.4385185 0.1302428 -0.8892301 0.4385319 0.1302292 -0.8243951 0.5508266 0.1302421 -0.8243961 0.5508309 0.130217 -0.7454429 0.6537247 0.1302273 -0.745432 0.6537306 0.1302594 -0.6537128 0.7454437 0.1302821 -0.653733 0.7454327 0.1302427 -0.5508314 0.8243918 0.1302416 -0.5508409 0.8243896 0.130216 -0.4385185 0.8892348 0.1302428 -0.4385253 0.8892313 0.1302437 -0.3187047 0.9388615 0.130256 -0.3186997 0.9388648 0.1302443 -0.193437 0.9724295 0.1302426 -0.1934411 0.9724285 0.1302446 -0.06483519 0.9893606 0.1302388 -0.06483513 0.98936 0.1302426 -0.06043249 0.9221742 0.3820244 -0.0604456 0.9221997 0.3819607 -0.05192792 0.7922784 0.6079462 -0.05193138 0.7922846 0.6079378 -0.03987181 0.6082987 0.7927061 -0.03985363 0.6082741 0.7927259 -0.02506941 0.3825598 0.9235906 -0.02507036 0.3825507 0.9235943 -0.008554756 0.1305147 0.9914095 -0.00921446 0.128879 0.9916176 -0.02578985 0.129672 0.9912216 -0.02718794 0.1249836 0.9917863 -0.04287272 0.1262978 0.9910655 -0.04435271 0.1189087 0.9919141 -0.05938345 0.1204206 0.9909453 -0.06048476 0.1107686 0.992004 -0.07491809 0.11213 0.9908654 -0.07538813 0.1006965 0.9920569 -0.08911556 0.1016197 0.9908239 -0.08885192 0.08884799 0.9920744 -0.1015999 0.08911514 0.990826 -0.1007001 0.07538485 0.9920567 -0.1121457 0.07492423 0.9908632 -0.1107946 0.06048381 0.9920012 -0.1204037 0.05938369 0.9909473 -0.118898 0.04435175 0.9919155 -0.1262999 0.04287195 0.9910653 -0.1249894 0.02718633 0.9917855 -0.1296569 0.02579444 0.9912235 -0.1289089 0.009214699 0.9916137 -0.1304956 0.008554458 0.9914121 -0.3825653 0.02507638 0.9235882 -0.3825559 0.02506971 0.9235922 -0.60828 0.03985321 0.7927215 -0.6082795 0.03986346 0.7927213 -0.79229 0.05192667 0.607931 -0.7922832 0.05192828 0.6079398 -0.9221839 0.06043523 0.3820008 -0.9221922 0.06043004 0.3819814 -0.3760036 0.07479321 0.9235948 -0.3760169 0.07479298 0.9235894 -0.36303 0.1232371 0.9235919 -0.3630494 0.1232351 0.9235845 -0.3438578 0.169569 0.9235845 -0.3438392 0.1695608 0.9235929 -0.3187549 0.212998 0.9235948 -0.3187775 0.2129976 0.923587 -0.2882623 0.2527747 0.9235853 -0.288237 0.2527751 0.9235931 -0.2527756 0.2882423 0.9235914 -0.2527748 0.2882409 0.923592 -0.2129936 0.318778 0.9235877 -0.2130129 0.3187793 0.9235829 -0.1695653 0.3438382 0.9235925 -0.1695564 0.3438432 0.9235922 -0.1232458 0.3630366 0.9235882 -0.1232336 0.3630406 0.9235882 -0.0747956 0.3760195 0.9235882 -0.07479512 0.3760066 0.9235935 -0.5978712 0.1189308 0.7927204 -0.5978821 0.1189209 0.7927137 -0.5772343 0.1959399 0.7927221 -0.5772251 0.1959428 0.792728 -0.5467005 0.2696089 0.7927356 -0.5467154 0.269611 0.7927246 -0.5068334 0.3386647 0.7927334 -0.506837 0.3386762 0.7927262 -0.4583036 0.4019225 0.792727 -0.4583306 0.4019302 0.7927076 -0.4019371 0.4583202 0.7927101 -0.4019251 0.4583247 0.7927135 -0.3386799 0.5068411 0.792722 -0.3386578 0.5068374 0.7927337 -0.269598 0.5467094 0.7927331 -0.2696274 0.5467405 0.7927017 -0.1959487 0.5772302 0.7927228 -0.1959464 0.5772474 0.792711 -0.1189248 0.5978789 0.7927155 -0.1189382 0.5978848 0.7927091 -0.9064031 0.1803104 0.3819968 -0.7787249 0.1549082 0.60794 -0.7787365 0.1548914 0.6079295 -0.7518485 0.2552211 0.6079359 -0.7518703 0.2552015 0.6079171 -0.712109 0.3511798 0.6079255 -0.7120986 0.351185 0.6079348 -0.6601779 0.441116 0.6079324 -0.6601756 0.4411228 0.60793 -0.5969537 0.5235053 0.6079379 -0.5969499 0.5235073 0.60794 -0.5234993 0.5969489 0.6079479 -0.5235193 0.596956 0.6079236 -0.4411202 0.6601657 0.6079427 -0.4411312 0.6601691 0.607931 -0.351168 0.7121072 0.6079345 -0.3511586 0.7120991 0.6079494 -0.2552114 0.7518341 0.6079578 -0.2552168 0.7518597 0.6079238 -0.1549067 0.7787392 0.607922 -0.1548976 0.7787218 0.6079468 -0.8751141 0.2970677 0.3820028 -0.9064064 0.1802965 0.3819956 -0.8751377 0.2970527 0.3819606 -0.8288646 0.4087522 0.3819756 -0.8288705 0.4087399 0.3819756 -0.7684276 0.5134336 0.3819752 -0.7684004 0.5134427 0.3820176 -0.6948121 0.6093409 0.3820208 -0.6948197 0.6093543 0.3819855 -0.6093494 0.6948254 0.3819829 -0.6093358 0.6948322 0.3819923 -0.5134291 0.7684154 0.382006 -0.513451 0.7684165 0.3819742 -0.4087535 0.8288702 0.3819622 -0.4087511 0.8288635 0.3819792 -0.2970672 0.8751379 0.3819488 -0.2970551 0.8751227 0.381993 -0.1803076 0.9064114 0.3819788 -0.1802936 0.9063954 0.3820231 -0.9914473 0 0.1305086 -0.9914465 0 0.1305139 -0.9238817 0 0.3826785 -0.9238817 0 0.3826783 -0.7933509 0 0.6087646 -0.793356 0 0.608758 -0.6087559 0 0.7933576 -0.608756 0 0.7933576 -0.3826946 0 0.923875 -0.382683 0 0.9238798 -0.1304587 0 0.9914538 -0.1305677 0 0.9914395 -0.1304994 0 0.9914484 -0.3826828 0 0.9238799 -0.3826947 0 0.9238749 -0.7933509 0 0.6087647 -0.9238796 0 0.3826832 -0.9238798 0 0.382683 -0.3826826 0 0.9238799 -0.1304996 0 0.9914485 -0.7933511 0 0.6087644 -0.6087562 0 0.7933574 -0.6087647 0 0.7933509 -0.3826829 0 0.9238798 -0.1305349 0 0.9914438 -0.1304587 0 0.9914538 -0.1304723 0 0.991452 -0.3826825 0 0.9238799 -0.6087557 0 0.7933577 -0.9914469 0 0.130511 -0.9914462 0 0.1305157 -0.9914478 0 0.1305049 -0.9238818 0 0.3826782 -0.9238818 0 0.3826782 -0.9914475 0 0.1305068 -0.9914475 0 0.1305067 -0.9238798 0 0.3826832 -0.9238796 0 0.3826833 -0.9914465 0 0.1305139 -0.9238817 0 0.3826783 -0.6087561 0 0.7933575 -0.7933506 0 0.608765 -0.608756 0 0.7933576 -0.3826828 0 0.9238798 -0.1305676 0 0.9914395 -0.793356 0 0.6087582 -0.7933562 0 0.6087579 -0.6087649 0 0.7933508 -0.3826947 0 0.9238749 -0.1305403 0 0.991443 -0.3826944 0 0.923875 -0.06485009 -0.9893559 0.1302668 -0.06483948 -0.9893579 0.1302567 -0.1934228 -0.9724338 0.1302308 -0.193418 -0.9724351 0.1302291 -0.3187021 -0.9388642 0.1302421 -0.3187167 -0.9388512 0.1303 -0.4385224 -0.8892284 0.1302726 -0.438503 -0.8892444 0.1302292 -0.5508335 -0.824395 0.1302135 -0.5508528 -0.8243751 0.1302569 -0.653728 -0.7454303 0.1302823 -0.653719 -0.7454476 0.1302284 -0.7454484 -0.6537152 0.1302425 -0.7454342 -0.6537343 0.1302285 -0.8243935 -0.550835 0.1302155 -0.824393 -0.5508288 0.1302453 -0.8892369 -0.4385125 0.1302482 -0.8892315 -0.4385255 0.1302416 -0.9388644 -0.3186985 0.1302493 -0.9388604 -0.3187127 0.1302437 -0.9724301 -0.1934335 0.1302427 -0.9724296 -0.1934377 0.1302411 -0.9893603 -0.06483525 0.1302407 -0.989361 -0.06483435 0.1302356 -0.9221858 -0.06042993 0.3819969 -0.9221913 -0.06043684 0.3819826 -0.7922882 -0.05192995 0.6079332 -0.7922839 -0.05192607 0.6079393 -0.6082882 -0.03986424 0.7927145 -0.6082655 -0.03985309 0.7927325 -0.3825604 -0.02506983 0.9235904 -0.3825694 -0.02507627 0.9235865 -0.1304948 -0.008554399 0.9914121 -0.1289024 -0.009214699 0.9916145 -0.1296602 -0.0257951 0.9912229 -0.1249924 -0.02718645 0.9917852 -0.1262852 -0.04287278 0.9910671 -0.1189211 -0.04435181 0.9919127 -0.1204197 -0.05938303 0.9909455 -0.110772 -0.06048393 0.9920037 -0.1121276 -0.07492375 0.9908653 -0.100696 -0.07538408 0.9920573 -0.1015999 -0.08911514 0.990826 -0.08885902 -0.08884644 0.9920738 -0.08911556 -0.1016197 0.9908239 -0.07537901 -0.1006982 0.9920575 -0.0749194 -0.1121319 0.9908651 -0.06048882 -0.1107706 0.9920035 -0.05938142 -0.1204165 0.9909459 -0.04435455 -0.1189082 0.9919141 -0.04287344 -0.1263 0.9910652 -0.02719181 -0.124983 0.9917863 -0.02578985 -0.129672 0.9912216 -0.009222745 -0.1288819 0.9916172 -0.008553385 -0.1305103 0.9914101 -0.02507555 -0.3825499 0.9235945 -0.02507513 -0.3825711 0.9235857 -0.03986722 -0.6082615 0.7927349 -0.03985869 -0.6082938 0.7927106 -0.05191528 -0.7923007 0.6079183 -0.05192703 -0.7922785 0.6079462 -0.06044352 -0.9221881 0.3819893 -0.0604372 -0.9221985 0.3819649 -0.07479238 -0.3759995 0.9235965 -0.07479435 -0.3760278 0.9235849 -0.1232361 -0.363039 0.9235885 -0.1232379 -0.3630326 0.9235907 -0.1695599 -0.3438333 0.9235952 -0.1695699 -0.3438534 0.923586 -0.2129933 -0.3187817 0.9235866 -0.2129872 -0.3187618 0.9235948 -0.2527833 -0.2882426 0.9235892 -0.2527784 -0.2882397 0.9235914 -0.2882404 -0.2527764 0.9235917 -0.288248 -0.2527699 0.9235911 -0.318769 -0.2130021 0.9235889 -0.3187649 -0.2130004 0.9235907 -0.343849 -0.1695608 0.9235893 -0.3438472 -0.1695647 0.9235892 -0.3630424 -0.1232359 0.9235871 -0.3630334 -0.1232354 0.9235908 -0.3760188 -0.07479625 0.9235884 -0.376014 -0.07479238 0.9235906 -0.1189258 -0.5978667 0.7927245 -0.1189222 -0.5978528 0.7927356 -0.1959425 -0.5772214 0.7927308 -0.1959424 -0.5772275 0.7927263 -0.2696127 -0.5467122 0.7927262 -0.269611 -0.5467154 0.7927246 -0.3386576 -0.5068439 0.7927297 -0.3386536 -0.506847 0.7927294 -0.4019274 -0.4583091 0.7927214 -0.4019251 -0.4583247 0.7927135 -0.4583253 -0.4019358 0.7927078 -0.4583147 -0.4019083 0.7927279 -0.5068437 -0.3386664 0.792726 -0.5068616 -0.3386819 0.792708 -0.5467137 -0.2696154 0.7927243 -0.5467093 -0.2696002 0.7927325 -0.577219 -0.1959399 0.7927331 -0.5772324 -0.1959453 0.7927221 -0.5978686 -0.1189152 0.7927246 -0.5978726 -0.1189382 0.7927182 -0.1802824 -0.9064099 0.381994 -0.1548905 -0.7787413 0.6079236 -0.1548991 -0.778729 0.6079371 -0.2552263 -0.7518555 0.6079251 -0.2552207 -0.7518411 0.6079453 -0.3511697 -0.7121181 0.6079208 -0.3511701 -0.7120991 0.6079429 -0.4410985 -0.6601662 0.6079578 -0.441121 -0.6601879 0.607918 -0.523514 -0.5969572 0.607927 -0.5235152 -0.5969426 0.6079404 -0.5969527 -0.5235247 0.6079224 -0.596951 -0.5234874 0.6079561 -0.660158 -0.4411101 0.6079583 -0.6601747 -0.4411147 0.6079369 -0.7121045 -0.3511703 0.6079364 -0.7120966 -0.3511916 0.6079332 -0.7518588 -0.25521 0.6079278 -0.7518539 -0.2552163 0.6079313 -0.7787361 -0.1548973 0.6079285 -0.7787356 -0.1548989 0.6079288 -0.2970802 -0.8751232 0.3819721 -0.1802871 -0.906406 0.3820012 -0.2970752 -0.8751277 0.3819658 -0.4087366 -0.8288615 0.3819984 -0.4087463 -0.8288611 0.3819894 -0.5134413 -0.7684066 0.3820071 -0.5134431 -0.7684267 0.3819646 -0.6093437 -0.6948333 0.3819776 -0.6093479 -0.6948145 0.3820053 -0.6948257 -0.6093451 0.3819893 -0.6948145 -0.6093479 0.3820053 -0.7684256 -0.5134287 0.3819859 -0.7684193 -0.5134456 0.3819756 -0.8288732 -0.4087433 0.3819664 -0.828861 -0.4087644 0.3819701 -0.875135 -0.2970707 0.3819527 -0.8751219 -0.2970523 0.3819968 -0.9064064 -0.1803116 0.3819885 -0.9064049 -0.1802933 0.3820008 0 -0.9914423 0.1305459 0 -0.9914458 0.1305189 0 -0.9914495 0.1304911 0 -0.9238766 0.3826906 0 -0.9238768 0.3826903 0 -0.7933529 0.608762 0 -0.7933523 0.6087629 0 -0.608785 0.7933352 0 -0.6087653 0.7933505 0 -0.382692 0.9238761 0 -0.3826771 0.9238822 0 -0.1305207 0.9914456 0 -0.130513 0.9914466 0 -0.9238867 0.3826663 0 -0.9238768 0.3826899 0 -0.7933527 0.6087625 0 -0.6087791 0.7933398 0 -0.6087729 0.7933446 0 -0.3826873 0.923878 0 -0.3826828 0.9238798 0 -0.1305156 0.9914463 0 -0.1305152 0.9914464 0 -0.1305172 0.991446 0 -0.1305153 0.9914463 0 -0.3826826 0.9238799 0 -0.3826868 0.9238783 0 -0.608772 0.7933452 0 -0.6087852 0.7933351 0 -0.7933521 0.6087633 0 -0.7933525 0.6087625 0 -0.9238768 0.3826903 0 -0.9238867 0.3826665 0 -0.9914605 0.1304084 0 -0.9914391 0.1305702 0 -0.382682 0.9238802 0 -0.3826866 0.9238783 0 -0.6087785 0.7933403 0 -0.7933658 0.6087452 0 -0.7933384 0.6087809 0 -0.9238862 0.3826672 0 -0.9914458 0.1305188 0 -0.9238865 0.3826666 0 -0.9238765 0.3826909 0 -0.7933388 0.6087805 0 -0.7933655 0.6087456 0 -0.6087712 0.7933459 0 -0.3826869 0.9238781 0 -0.3826816 0.9238803 0 -0.130515 0.9914464 0 -0.9914459 0.1305185 0 -0.9914531 0.1304638 0 -0.9914314 0.130629 0 -0.9238767 0.3826904 0 -0.7933524 0.6087626 0 -0.7933524 0.6087628 0 -0.6087787 0.79334 0 -0.608772 0.7933453 0 -0.3826872 0.9238781 0 -0.3826822 0.9238802 0 -0.1305354 0.9914437 0 -0.1305061 0.9914476 0 -0.1305133 0.9914466 0 -0.9238868 0.382666 0 -0.9238865 0.3826668 0 -0.9914458 0.1305187 0 -0.9238865 0.3826665 0 -0.9238865 0.3826665 0 -0.9238767 0.3826905 0 -0.9914169 0.1307392 0 -0.9914531 0.1304637 0 -0.9238865 0.382667 0 -0.7933391 0.6087801 0 -0.9238765 0.3826907 0 -0.9914386 0.1305739 0 -0.9914531 0.1304634 0 -0.7933521 0.608763 0 -0.7933528 0.6087622 0 -0.6087794 0.7933396 0 -0.3826773 0.9238821 0 -0.1305208 0.9914456 0 -0.7933524 0.6087627 0 -0.9238767 0.3826904 0 -0.7933525 0.6087626 0 -0.6087856 0.7933349 0 -0.6087716 0.7933456 0 -0.7933666 0.6087443 0 -0.3826919 0.9238761 0 -0.382677 0.9238822 0 -0.1305134 0.9914466 0 -0.6087856 0.7933349 0 -0.6087652 0.7933505 0 -0.6087719 0.7933454 0 -0.6087656 0.7933502 0 -0.608765 0.7933506 0 -0.6087723 0.7933451 0 -0.3826875 0.9238778 0 -0.1304987 0.9914485 0 -0.3826921 0.9238759 0 -0.3826821 0.9238801 0 -0.382687 0.9238781 0 -0.3826822 0.9238802 0 -0.3826818 0.9238802 0 -0.1305137 0.9914466 0 -0.1304899 0.9914497 0.989354 -0.06484913 0.1302815 0.9893603 -0.06483429 0.1302418 0.9724333 -0.1934199 0.1302395 0.972425 -0.1934368 0.1302765 0.9388563 -0.31871 0.1302803 0.9388587 -0.3187121 0.1302579 0.8892352 -0.4385117 0.1302622 0.8892362 -0.4385135 0.1302496 0.8243905 -0.550833 0.1302437 0.8243865 -0.5508388 0.1302443 0.7454414 -0.6537234 0.1302413 0.7454342 -0.6537343 0.1302285 0.6537374 -0.7454268 0.1302555 0.6537236 -0.7454384 0.130258 0.5508419 -0.8243824 0.1302567 0.5508499 -0.8243815 0.1302291 0.4385121 -0.889236 0.1302552 0.4384958 -0.8892441 0.1302558 0.3187072 -0.9388545 0.1302999 0.3187159 -0.9388594 0.1302435 0.1934167 -0.9724353 0.1302291 0.1934241 -0.9724336 0.1302309 0.06485027 -0.9893575 0.1302546 0.06484133 -0.9893573 0.1302604 0.06043976 -0.9221885 0.3819891 0.06044185 -0.9221978 0.381966 0.05192917 -0.79229 0.6079309 0.05191779 -0.7922943 0.6079264 0.03986328 -0.6082687 0.7927296 0.03986477 -0.6082842 0.7927175 0.0250777 -0.382561 0.92359 0.02507793 -0.3825577 0.9235912 0.008554756 -0.1305105 0.99141 0.009222686 -0.1288805 0.9916173 0.02579069 -0.1296785 0.9912207 0.02718847 -0.124984 0.9917862 0.04287272 -0.1262978 0.9910655 0.04435223 -0.1189075 0.9919143 0.05938041 -0.1204144 0.9909462 0.06048476 -0.1107705 0.9920039 0.0749194 -0.1121276 0.9908655 0.07538205 -0.1007009 0.992057 0.08911556 -0.1016175 0.9908241 0.08885735 -0.08884751 0.9920738 0.1015999 -0.08911943 0.9908255 0.1006985 -0.07537972 0.9920573 0.1121276 -0.0749216 0.9908654 0.1107786 -0.06048578 0.9920028 0.1204248 -0.05938559 0.9909446 0.1189203 -0.04435211 0.9919128 0.1262852 -0.04287064 0.9910672 0.1249904 -0.02718853 0.9917854 0.1296602 -0.0257951 0.9912229 0.1289089 -0.009218752 0.9916137 0.1304951 -0.008554399 0.9914121 0.3825542 -0.02507627 0.9235928 0.3825722 -0.0250777 0.9235853 0.6082849 -0.0398705 0.7927169 0.6082745 -0.03987836 0.7927244 0.79229 -0.05194115 0.6079298 0.7922979 -0.05193114 0.6079204 0.9221841 -0.06043571 0.3820002 0.9221922 -0.060431 0.3819811 0.3760077 -0.07479798 0.9235928 0.3760242 -0.07479441 0.9235863 0.363032 -0.1232298 0.9235921 0.363031 -0.1232289 0.9235925 0.3438308 -0.1695637 0.9235956 0.3438334 -0.1695663 0.9235941 0.3187627 -0.2129912 0.9235936 0.3187729 -0.2129974 0.9235886 0.288245 -0.2527814 0.9235889 0.2882474 -0.2527778 0.9235892 0.252791 -0.2882338 0.9235897 0.2527745 -0.2882448 0.9235909 0.212997 -0.3187792 0.9235866 0.2129861 -0.3187685 0.9235928 0.1695778 -0.3438392 0.9235897 0.1695591 -0.3438485 0.9235898 0.1232479 -0.3630384 0.9235871 0.1232314 -0.3630422 0.9235878 0.07479572 -0.376016 0.9235895 0.07479387 -0.3760044 0.9235945 0.5978735 -0.1189237 0.7927197 0.5978713 -0.1189299 0.7927204 0.5772261 -0.1959347 0.7927292 0.5772488 -0.1959349 0.7927127 0.5467159 -0.269624 0.7927198 0.5467253 -0.269616 0.7927159 0.5068516 -0.3386691 0.7927199 0.5068597 -0.3386728 0.7927131 0.458306 -0.4019188 0.7927276 0.4583233 -0.4019318 0.792711 0.4019322 -0.4583147 0.7927158 0.4019267 -0.4583175 0.7927169 0.3386623 -0.5068376 0.7927317 0.3386622 -0.5068597 0.7927175 0.2696186 -0.5467203 0.7927186 0.2696052 -0.5467197 0.7927236 0.1959472 -0.5772181 0.792732 0.1959403 -0.5772178 0.792734 0.118926 -0.5978544 0.7927338 0.1189273 -0.5978702 0.7927216 0.9064044 -0.1803092 0.3819943 0.778729 -0.1548914 0.6079391 0.7787254 -0.1548938 0.6079431 0.7518351 -0.2552166 0.6079545 0.7518553 -0.2552091 0.6079325 0.7120944 -0.35118 0.6079425 0.7121043 -0.351165 0.6079397 0.6601648 -0.4411219 0.6079424 0.66018 -0.4411106 0.6079341 0.5969516 -0.5235016 0.6079433 0.5969573 -0.5235081 0.6079321 0.5234984 -0.5969531 0.6079445 0.5235176 -0.5969377 0.6079431 0.4411122 -0.6601759 0.6079373 0.4411106 -0.66018 0.6079341 0.3511699 -0.7121035 0.6079377 0.3511734 -0.7121057 0.6079333 0.2552306 -0.7518546 0.6079244 0.2552298 -0.7518451 0.6079365 0.1548829 -0.7787379 0.6079299 0.1549033 -0.7787387 0.6079236 0.8751314 -0.297071 0.3819603 0.9064232 -0.1802822 0.3819625 0.8751387 -0.2970677 0.3819463 0.8288775 -0.4087476 0.3819524 0.8288633 -0.4087583 0.3819717 0.7684219 -0.5134443 0.3819723 0.7684211 -0.5134369 0.3819839 0.6948352 -0.6093422 0.3819766 0.6948285 -0.6093455 0.3819837 0.6093376 -0.6948345 0.3819854 0.6093577 -0.6948236 0.3819729 0.513446 -0.7684192 0.3819755 0.5134373 -0.7684106 0.3820043 0.4087311 -0.8288612 0.3820052 0.4087461 -0.828868 0.3819745 0.2970842 -0.875135 0.3819422 0.2970756 -0.8751145 0.3819959 0.1802835 -0.9064062 0.3820024 0.1802872 -0.9064112 0.3819887 -0.9978594 0.06539571 0 -0.9978594 0.06539565 0 -0.9807841 0.1950964 0 -0.9807842 0.1950964 0 -0.9469305 0.3214384 0 -0.9469267 0.3214498 0 -0.896873 0.4422883 0 -0.896873 0.4422882 0 -0.8314692 0.5555709 0 -0.8314751 0.5555621 0 -0.7518474 0.6593372 0 -0.6593359 0.7518485 0 -0.5555702 0.8314698 0 -0.5555645 0.8314735 0 -0.4422904 0.8968719 0 -0.4422903 0.8968721 0 -0.3214389 0.9469304 0 -0.1951001 0.9807834 0 -0.06539332 0.9978596 0 -0.06539374 0.9978595 0 -0.06539332 0.9978596 0 -0.1951 0.9807834 0 -0.1951025 0.9807829 0 -0.3214387 0.9469305 0 -0.321435 0.9469317 0 -0.4422901 0.8968721 0 -0.4422902 0.8968721 0 -0.5555644 0.8314736 0 -0.6593357 0.7518487 0 -0.659342 0.7518433 0 -0.7518411 0.6593443 0 -0.7518473 0.6593372 0 -0.831475 0.5555623 0 -0.831475 0.5555623 0 -0.8968679 0.4422985 0 -0.9469344 0.3214272 0 -0.9807817 0.1951085 0 -0.9807841 0.1950964 0 -0.9978603 0.06538319 0 0 1 -9.73928e-7 0 1 -1.64226e-5 0 1 2.06656e-5 0 1 1.71649e-6 0 1 5.00437e-7 0 1 8.78467e-6 0 1 -3.43786e-6 0 1 2.46671e-6 0 1 -3.93238e-6 0 1 5.6977e-6 0 1 2.25274e-6 0 1 -2.21334e-6 0 1 -5.51351e-6 0 1 3.60597e-7 0 1 -5.74235e-7 0 1 6.61091e-6 0 1 -4.0924e-6 0 1 5.89499e-6 0 1 5.7928e-6 0 1 -9.39343e-7 0 1 2.18969e-5 0 1 4.05583e-5 0 1 -6.85623e-6 0 1 3.33196e-6 0 1 -7.27537e-6 0 1 -8.26364e-7 0 1 9.57058e-6 0 1 1.72297e-7 0 1 -8.25721e-6 0 1 5.23119e-6 0 1 3.37265e-6 0 1 -2.21334e-6 0 1 -1.1017e-6 0 1 -6.30491e-6 0 1 5.53926e-6 0 1 1.60654e-6 0 1 2.20376e-6 0 1 -5.79607e-6 0.06539458 0.9978595 0 0.06539499 0.9978595 0 0.1951001 0.9807834 0 0.321435 0.9469317 0 0.3214389 0.9469304 0 0.4422804 0.8968769 0 0.4422853 0.8968745 0 0.555576 0.8314658 0 0.5555762 0.8314657 0 0.6593421 0.7518432 0 0.6593359 0.7518485 0 0.7518474 0.6593372 0 0.751835 0.6593514 0 0.831475 0.5555621 0 0.8314751 0.5555621 0 0.8968681 0.4422985 0 0.896873 0.4422882 0 0.9469305 0.3214384 0 0.9469229 0.321461 0 0.9807865 0.1950843 0 0.9807866 0.1950843 0 0.9978586 0.06540817 0 0.9978586 0.06540822 0 0.9807865 0.1950843 0 0.9807866 0.1950843 0 0.9469267 0.3214498 0 0.896873 0.4422884 0 0.896873 0.4422883 0 0.8314692 0.5555709 0 0.831475 0.5555623 0 0.7518411 0.6593443 0 0.6593419 0.7518432 0 0.6593357 0.7518487 0 0.5555818 0.831462 0 0.555576 0.8314659 0 0.4422802 0.896877 0 0.4422852 0.8968745 0 0.3214387 0.9469305 0 0.321435 0.9469317 0 0.1951 0.9807834 0 0.06539493 0.9978595 0 1 1.822e-6 0 1 -2.59509e-7 0 1 3.07922e-6 0 1 5.06613e-6 0 1 9.36634e-6 0 1 4.15214e-7 0 1 -9.36634e-6 0 1 -1.68518e-6 0 1 4.78932e-7 0 1 -7.11885e-7 0 1 2.93942e-6 0 1 -4.78917e-7 0 1 -1.52615e-6 0 1 2.69629e-6 0 1 1.65611e-6 0 1 -5.87862e-6 0 1 1.7934e-6 0 1 -5.06633e-6 0 -2.3095e-6 0 1 -2.72512e-6 0 1 -7.36681e-6 0 1 5.431e-6 0 1 4.46444e-6 0 1 4.41868e-6 0 1 -3.29207e-6 0 1 -3.3008e-6 0 1 2.06378e-6 0 1 5.52515e-6 0 1 -2.71558e-6 0 1 -4.46444e-6 0 1 -4.41891e-6 0 1 6.60179e-6 0 1 -4.12749e-6 0 1 5.43109e-6 0 1 -4.41915e-6 0 1 -1.31676e-5 0 1 4.41915e-6 0 1 -4.95124e-6 0 1 2.72515e-6 0 1 0 -1 -4.86964e-7 0 -1 8.21134e-6 0 -1 -2.06656e-5 0 -1 3.92339e-6 0 -1 -1.05092e-5 0 -1 -4.34705e-6 0 -1 -1.45448e-6 0 -1 5.36616e-6 0 -1 -3.46607e-6 0 -1 -5.69771e-6 0 -1 2.8504e-6 0 -1 -1.44348e-7 0 -1 6.54089e-6 0 -1 5.51351e-6 0 -1 -2.07343e-6 0 -1 4.78529e-6 0 -1 -2.0462e-6 0 -1 -5.12609e-7 0 -1 -1.04995e-5 0 -1 1.54992e-5 0 -1 -2.18969e-5 0 -1 2.61666e-5 0 -1 1.15856e-5 0 -1 5.66384e-6 0 -1 -6.1513e-6 0 -1 7.27537e-6 0 -1 -6.19773e-7 0 -1 3.82823e-7 0 -1 -7.83952e-6 0 -1 3.41965e-6 0 -1 -6.6431e-7 0 -1 -1.44348e-7 0 -1 -5.88469e-6 0 -1 6.26525e-6 0 -1 -5.83858e-6 0 -1 5.53927e-6 0 -1 -7.55509e-6 0 -1 4.18714e-6 0.9978585 -0.06540912 0 0.9978585 -0.06540906 0 0.9807865 -0.1950843 0 0.9807866 -0.1950843 0 0.9469228 -0.3214609 0 0.9469305 -0.3214384 0 0.8968758 -0.4422827 0 0.8968707 -0.4422929 0 0.8314708 -0.5555686 0 0.751835 -0.6593514 0 0.7518474 -0.6593372 0 0.6593464 -0.7518393 0 0.6593526 -0.7518339 0 0.5555729 -0.8314679 0 0.5555728 -0.831468 0 0.4422854 -0.8968744 0 0.4422803 -0.8968769 0 0.321443 -0.9469289 0 0.3214393 -0.9469303 0 0.1950821 -0.9807869 0 0.06540888 -0.9978587 0 0.06540846 -0.9978586 0 0.06540888 -0.9978587 0 0.1950821 -0.9807869 0 0.3214392 -0.9469302 0 0.321443 -0.946929 0 0.4422851 -0.8968745 0 0.4422802 -0.896877 0 0.5555785 -0.8314641 0 0.6593464 -0.7518395 0 0.6593526 -0.751834 0 0.7518411 -0.6593443 0 0.8314707 -0.5555688 0 0.8314649 -0.5555774 0 0.8968757 -0.4422829 0 0.8968756 -0.4422828 0 0.9469267 -0.3214498 0 0.9807865 -0.1950843 0 0.9807866 -0.1950843 0 0.9978585 -0.06540912 0 -0.06540763 -0.9978587 0 -0.06540727 -0.9978587 0 -0.1950821 -0.9807869 0 -0.321443 -0.9469289 0 -0.3214431 -0.946929 0 -0.4422904 -0.8968719 0 -0.4422903 -0.8968721 0 -0.5555613 -0.8314757 0 -0.555567 -0.8314719 0 -0.6593464 -0.7518393 0 -0.6593464 -0.7518395 0 -0.7518474 -0.6593372 0 -0.8314708 -0.5555686 0 -0.831465 -0.5555773 0 -0.8968758 -0.4422827 0 -0.8968757 -0.4422827 0 -0.9469267 -0.3214496 0 -0.9469305 -0.3214384 0 -0.9807841 -0.1950964 0 -0.9807842 -0.1950964 0 -0.9978594 -0.06539654 0 -0.9978594 -0.0653966 0 -0.9978602 -0.06538408 0 -0.9807841 -0.1950964 0 -0.9807817 -0.1951085 0 -0.9469344 -0.3214272 0 -0.9469267 -0.3214498 0 -0.8968757 -0.4422829 0 -0.8968707 -0.4422929 0 -0.8314707 -0.5555688 0 -0.8314707 -0.5555687 0 -0.7518473 -0.6593372 0 -0.7518411 -0.6593443 0 -0.6593526 -0.7518339 0 -0.6593463 -0.7518394 0 -0.5555611 -0.8314757 0 -0.4422901 -0.8968721 0 -0.4422902 -0.8968721 0 -0.3214392 -0.9469302 0 -0.321443 -0.946929 0 -0.1950845 -0.9807865 0 -0.1950821 -0.9807869 0 -0.06540727 -0.9978587 0 0 1 6.06356e-6 0 1 -1.78253e-6 0 1 5.41947e-6 0 1 -3.21014e-6 0 1 3.48386e-6 0 1 6.42759e-6 0 1 -7.56235e-6 0 1 5.51079e-6 0 1 5.70161e-6 0 1 -5.87783e-6 0 1 -1.03664e-6 0 1 -1.47639e-6 0 1 7.52762e-6 0 1 -4.98001e-6 0 1 -6.57614e-7 0 1 1.46524e-6 0 1 4.64291e-6 0 1 -6.54722e-6 0 1 -7.65076e-7 0 1 -6.69823e-6 0 1 4.80531e-6 0 1 7.01456e-6 0 1 -5.09323e-6 0 1 7.5276e-6 0 1 -1.72245e-6 0 1 -1.0997e-6 0 1 9.4046e-6 0 1 -9.1859e-6 0 1 8.3186e-6 0 1 -1.13021e-5 0 1 1.71401e-5 0 1 -6.18419e-6 0 1 -1.16235e-5 0 1 1.74192e-5 0 1 -1.71208e-5 0 1 2.70976e-6 0 1 1.42602e-5 0 1 -9.86876e-6 0 1 -1.21271e-5 -0.04208415 0 0.9991141 -0.04206854 0 0.9991148 -0.2952271 0 0.9554271 -0.528861 0 0.8487085 -0.5288671 0 0.8487047 -0.7276354 0 0.6859642 -0.7276313 0 0.6859685 -0.878388 0 0.4779483 -0.8783882 0 0.4779481 -0.9711585 0 0.2384349 -0.9711594 0 0.2384312 -0.9998586 0 -0.01681929 -0.9998586 0 -0.01681929 -0.9625941 0 -0.2709478 -0.962595 0 -0.2709448 -0.86178 0 -0.5072824 -0.861779 0 -0.5072839 -0.7041393 0 -0.7100619 -0.7041377 0 -0.7100635 -0.5000356 0 -0.866005 -0.5000385 0 -0.8660032 -0.2629032 0 -0.9648222 -0.2629069 0 -0.9648212 -0.008462607 0 -0.9999642 -0.00845474 0 -0.9999643 -0.5288667 0 0.848705 -0.727635 0 0.6859645 -0.9711594 0 0.2384312 -0.9998586 0 -0.01681929 -0.9625941 0 -0.2709478 -0.962595 0 -0.2709447 -0.86178 0 -0.5072823 -0.008443772 0 -0.9999644 -0.008478283 0 -0.9999641 -0.008427321 0 -0.9999645 -0.2629035 0 -0.9648222 -0.5000389 0 -0.8660029 -0.7041382 0 -0.710063 -0.7041397 0 -0.7100615 -0.8617783 0 -0.5072854 -0.9625948 0 -0.2709455 -0.9625946 0 -0.2709457 -0.9998586 0 -0.01681929 -0.9711591 0 0.2384328 -0.8783884 0 0.4779477 -0.04207634 0 0.9991145 -0.04209411 0 0.9991137 -0.04210764 0 0.9991132 -0.2952199 0 0.9554293 -0.2952341 0 0.955425 -0.5288608 0 0.8487086 -0.04209202 0 0.9991137 -0.04206079 0 0.9991151 -0.04209977 0 0.9991135 -0.2952198 0 0.9554294 -0.528861 0 0.8487086 -0.5288667 0 0.848705 -0.727635 0 0.6859645 -0.7276313 0 0.6859685 -0.8783881 0 0.4779482 -0.971159 0 0.2384331 -0.971159 0 0.2384331 -0.9998586 0 -0.01681929 -0.2952274 0 0.9554271 -0.2952203 0 0.9554292 -0.2952342 0 0.955425 -0.04199814 0 0.9991178 -0.04212331 0 0.9991125 -0.2952271 0 0.9554272 -0.2952271 0 0.9554272 -0.5288611 0 0.8487085 -0.04206073 0 0.9991151 -0.2952197 0 0.9554295 -0.2952272 0 0.9554272 -0.7276319 0 0.6859679 -0.8783884 0 0.4779475 -0.9998586 0 -0.01681929 -0.9625941 0 -0.2709477 -0.861779 0 -0.5072841 -0.7041376 0 -0.7100636 -0.5000352 0 -0.8660052 -0.008446931 0 -0.9999644 -0.5288617 0 0.8487081 -0.5288665 0 0.8487051 -0.5288609 0 0.8487085 -0.5288664 0 0.8487051 -0.7276346 0 0.6859649 -0.7276349 0 0.6859647 -0.7276313 0 0.6859685 -0.7276314 0 0.6859684 -0.7276353 0 0.6859643 -0.8783866 0 0.477951 -0.9998586 0 -0.01681929 -0.962595 0 -0.2709447 -0.8617791 0 -0.5072839 -0.7041396 0 -0.7100617 -0.5000384 0 -0.8660033 -0.262903 0 -0.9648224 -0.8783882 0 0.4779481 -0.8783882 0 0.4779481 -0.7276312 0 0.6859686 -0.9625941 0 -0.2709476 -0.8617799 0 -0.5072824 -0.9711585 0 0.2384348 -0.9711594 0 0.2384313 -0.971159 0 0.2384333 -0.9711591 0 0.2384327 -0.9998586 0 -0.01681929 -0.9625946 0 -0.2709459 -0.7041397 0 -0.7100614 -0.5000355 0 -0.866005 -0.262907 0 -0.9648212 -0.2629104 0 -0.9648203 -0.9998586 0 -0.01681929 -0.9998586 0 -0.01681929 -0.9625942 0 -0.2709474 -0.8617803 0 -0.5072819 -0.8617783 0 -0.5072851 -0.7041381 0 -0.7100631 -0.7041402 0 -0.7100611 -0.500033 0 -0.8660064 -0.9625946 0 -0.270946 -0.9625945 0 -0.2709468 -0.5000357 0 -0.8660049 -0.5000385 0 -0.8660032 -0.2629069 0 -0.9648213 -0.8617798 0 -0.5072826 -0.7041375 0 -0.7100637 -0.5000354 0 -0.866005 -0.5000386 0 -0.8660032 -0.2629032 0 -0.9648223 -0.2629031 0 -0.9648223 -0.2629073 0 -0.9648211 -0.008462607 0 -0.9999642 -0.7041378 0 -0.7100634 -0.5000386 0 -0.8660032 -0.2629033 0 -0.9648222 -0.008462607 0 -0.9999642 -0.5000358 0 -0.8660048 -0.008470416 0 -0.9999642 -0.2629069 0 -0.9648212 -0.002709984 0.04133361 0.9991418 -0.002543807 0.04208648 0.9991108 -0.01784873 0.2951782 0.9552755 -0.01785778 0.2951853 0.9552732 -0.03198015 0.528634 0.8482474 -0.03196531 0.5285794 0.8482819 -0.04396069 0.726931 0.6853021 -0.04397028 0.7269414 0.6852904 -0.05305701 0.8771281 0.4773166 -0.05305951 0.8771322 0.477309 -0.05864626 0.9694916 0.2380059 -0.05863082 0.9694834 0.238043 -0.06035715 0.9980359 -0.01678019 -0.06037527 0.9980345 -0.01678889 -0.05813264 0.9609648 -0.2704945 -0.0581364 0.9609504 -0.270545 -0.05206584 0.8606039 -0.5066064 -0.05205559 0.8606539 -0.5065225 -0.04254972 0.7034921 -0.7094283 -0.04255461 0.7034706 -0.7094492 -0.03023326 0.4998142 -0.8656048 -0.03023701 0.499794 -0.8656163 -0.01590281 0.2628713 -0.9646999 -0.01590311 0.2628737 -0.9646993 -5.1044e-4 0.008451759 -0.9999642 -5.43902e-4 0.008300721 -0.9999654 -0.001551926 0.008464038 -0.999963 -0.001598358 0.008039534 -0.9999665 -0.002595424 0.008326947 -0.999962 -0.002603828 0.007672548 -0.9999672 -0.003617763 0.00803858 -0.9999612 -0.003554046 0.007204115 -0.9999678 -0.004595756 0.007601797 -0.9999606 -0.004433095 0.006640553 -0.9999682 -0.005506694 0.007024645 -0.9999603 -0.005248129 0.005987167 -0.9999684 -0.006319165 0.006319344 -0.9999601 -0.005981743 0.005250513 -0.9999684 -0.007024407 0.005503475 -0.9999603 -0.006638169 0.004437029 -0.9999682 -0.007601797 0.004595279 -0.9999606 -0.007200241 0.003552496 -0.9999678 -0.008038938 0.003617644 -0.9999611 -0.007672429 0.002604424 -0.9999673 -0.008328676 0.002594947 -0.999962 -0.008035182 0.001599013 -0.9999665 -0.008469581 0.001551151 -0.9999629 -0.008302867 5.4413e-4 -0.9999654 -0.008450508 5.11055e-4 -0.9999642 -0.2628735 0.01589757 -0.9646994 -0.2628773 0.01590216 -0.9646983 -0.2590458 0.04747271 -0.9646977 -0.2590295 0.04747325 -0.9647021 -0.2514166 0.07834297 -0.9647032 -0.25143 0.07834732 -0.9646993 -0.2401487 0.1080839 -0.9647003 -0.240153 0.1080853 -0.964699 -0.2253734 0.1362442 -0.9646992 -0.2253839 0.1362493 -0.964696 -0.2073212 0.1624187 -0.9646959 -0.2073103 0.162419 -0.9646982 -0.1862268 0.186224 -0.964697 -0.1862267 0.1862267 -0.9646965 -0.1624188 0.2073185 -0.9646964 -0.1624146 0.2073067 -0.9646998 -0.1362414 0.2253708 -0.9647002 -0.1362368 0.2253695 -0.9647011 -0.1080926 0.240159 -0.9646967 -0.1080833 0.240148 -0.9647005 -0.07835245 0.2514386 -0.9646966 -0.07834535 0.2514193 -0.9647023 -0.04747152 0.2590404 -0.9646993 -0.04746752 0.2590458 -0.964698 -0.4998119 0.03022885 -0.8656063 -0.4997988 0.03022867 -0.865614 -0.4925163 0.09025877 -0.8656102 -0.4925186 0.09026157 -0.8656087 -0.4780519 0.1489611 -0.865608 -0.4780303 0.1489592 -0.8656201 -0.456591 0.2054942 -0.8656193 -0.4565785 0.2054932 -0.8656262 -0.4284787 0.2590271 -0.8656275 -0.4284894 0.2590345 -0.86562 -0.394155 0.3087962 -0.8656135 -0.3941474 0.3087903 -0.8656192 -0.3540583 0.3540665 -0.8656094 -0.3540486 0.3540433 -0.8656229 -0.3088012 0.3941544 -0.8656121 -0.3087927 0.394147 -0.8656185 -0.2590493 0.4285262 -0.8655974 -0.2590299 0.428473 -0.8656296 -0.205487 0.4565603 -0.8656372 -0.2054949 0.4566003 -0.8656142 -0.1489643 0.4780377 -0.8656152 -0.1489654 0.4780697 -0.8655973 -0.09025573 0.4925448 -0.8655944 -0.09025448 0.4924982 -0.865621 -0.7035052 0.04255741 -0.7094148 -0.7035027 0.04254221 -0.7094182 -0.6932393 0.1270539 -0.70942 -0.6932432 0.1270419 -0.7094184 -0.6728751 0.2096682 -0.7094212 -0.6729034 0.2096812 -0.7093905 -0.6427218 0.2892654 -0.70939 -0.642696 0.2892429 -0.7094227 -0.6031326 0.3646203 -0.7094246 -0.6031448 0.3646259 -0.7094113 -0.554797 0.4346576 -0.7094175 -0.5547902 0.4346327 -0.7094381 -0.4983389 0.4983389 -0.7094482 -0.4983557 0.4983557 -0.7094246 -0.4346513 0.5548038 -0.709416 -0.4346497 0.5547952 -0.7094237 -0.3646112 0.6031274 -0.7094336 -0.3646211 0.6031532 -0.7094066 -0.2892605 0.6427229 -0.7093911 -0.2892575 0.6427218 -0.7093933 -0.2096714 0.6728852 -0.7094107 -0.2096704 0.6728553 -0.7094393 -0.1270388 0.6932274 -0.7094343 -0.1270484 0.6932398 -0.7094205 -0.8606127 0.05205112 -0.5065931 -0.8606398 0.05207061 -0.5065452 -0.8480917 0.1554177 -0.506543 -0.8480582 0.1554059 -0.506603 -0.8231352 0.2564958 -0.5066146 -0.8231521 0.2565153 -0.5065773 -0.7862408 0.3538439 -0.5065767 -0.7862389 0.3538435 -0.50658 -0.7378456 0.446063 -0.5065686 -0.7378338 0.4460338 -0.5066114 -0.6787136 0.5317212 -0.5065771 -0.678709 0.5317556 -0.5065474 -0.6096746 0.6096799 -0.5065444 -0.6096814 0.6096711 -0.5065469 -0.5317344 0.678717 -0.5065588 -0.5317297 0.6786961 -0.5065918 -0.4460507 0.7378588 -0.5065603 -0.4460344 0.7378432 -0.5065973 -0.3538544 0.7862469 -0.5065598 -0.3538621 0.78623 -0.5065808 -0.2565054 0.8231657 -0.5065603 -0.2565015 0.8231355 -0.5066113 -0.1554163 0.8480445 -0.5066224 -0.1554148 0.8481068 -0.5065189 -0.9609664 0.0581448 -0.2704864 -0.9609457 0.05810666 -0.2705684 -0.9469339 0.1735295 -0.2705621 -0.9469513 0.1735401 -0.2704942 -0.9191333 0.2864153 -0.2704817 -0.9191226 0.2864091 -0.2705246 -0.877902 0.3950982 -0.2705283 -0.8779002 0.3951172 -0.2705064 -0.8238746 0.4980528 -0.2705071 -0.8238791 0.4980587 -0.2704827 -0.757836 0.5937336 -0.2704906 -0.7578378 0.5937195 -0.2705162 -0.6807404 0.6807327 -0.2705467 -0.6807362 0.6807413 -0.2705358 -0.5937286 0.7578264 -0.2705283 -0.5937218 0.7578356 -0.2705173 -0.4980447 0.8238714 -0.2705317 -0.498041 0.8238676 -0.2705504 -0.3951144 0.8778767 -0.2705869 -0.395104 0.877898 -0.2705332 -0.2864139 0.9191257 -0.2705088 -0.2864093 0.9191305 -0.2704979 -0.1735261 0.9469502 -0.2705073 -0.173525 0.9469525 -0.2704996 -0.9980361 0.06035089 -0.01678776 -0.9980351 0.06037122 -0.01677036 -0.9834801 0.180238 -0.01676869 -0.9834828 0.1802174 -0.01683139 -0.9545847 0.2974634 -0.01683986 -0.9545871 0.2974592 -0.01678061 -0.911774 0.4103493 -0.01678884 -0.9117749 0.4103471 -0.01679062 -0.8556547 0.5172743 -0.01680946 -0.8556603 0.5172645 -0.01682126 -0.7870762 0.6166251 -0.01687037 -0.7870713 0.6166338 -0.01678049 -0.7070094 0.7070044 -0.0168094 -0.7070019 0.7070121 -0.01680088 -0.6166318 0.7870728 -0.01678913 -0.6166316 0.7870736 -0.01676011 -0.5172683 0.8556591 -0.01676863 -0.5172553 0.8556671 -0.01676017 -0.4103554 0.9117719 -0.01674824 -0.4103577 0.9117703 -0.01678031 -0.2974585 0.9545872 -0.01678913 -0.2974628 0.9545853 -0.01682102 -0.1802234 0.9834825 -0.01678937 -0.1802315 0.9834797 -0.01686209 -0.9694882 0.05863589 0.2380221 -0.9694904 0.05863016 0.2380145 -0.9553537 0.1750736 0.2380097 -0.9553335 0.1750808 0.2380859 -0.9272688 0.2889536 0.2380723 -0.9272809 0.2889435 0.2380373 -0.8856948 0.3986082 0.2380264 -0.8856838 0.3986177 0.2380505 -0.8311786 0.5024658 0.2380557 -0.8311805 0.5024645 0.2380516 -0.7645477 0.5989925 0.2380654 -0.764547 0.5989927 0.2380667 -0.6867848 0.6867746 0.2380493 -0.686771 0.6867812 0.2380697 -0.5989897 0.7645557 0.2380459 -0.5989871 0.7645515 0.2380665 -0.5024591 0.8311792 0.2380675 -0.5024738 0.8311915 0.2379932 -0.3986187 0.8856847 0.2380455 -0.3986281 0.8856898 0.2380111 -0.2889578 0.9272841 0.2380074 -0.2889406 0.927279 0.2380484 -0.1750745 0.9553335 0.2380899 -0.1750714 0.9553438 0.2380512 -0.8771511 0.05304682 0.4772756 -0.8771249 0.05305653 0.4773228 -0.8643333 0.1584098 0.4773199 -0.864353 0.1583969 0.4772889 -0.8389629 0.2614266 0.4772813 -0.8389512 0.2614265 0.477302 -0.8013188 0.360646 0.4773078 -0.8013117 0.3606468 0.477319 -0.7520071 0.4546015 0.477308 -0.7520103 0.4546087 0.4772959 -0.6917374 0.5419432 0.477281 -0.6917526 0.5419406 0.4772617 -0.6213796 0.6213847 0.477251 -0.6213293 0.6213605 0.4773481 -0.541936 0.6917253 0.4773067 -0.5419377 0.6917199 0.4773124 -0.454602 0.752013 0.4772982 -0.4546078 0.7519983 0.4773158 -0.3606623 0.8013373 0.4772645 -0.3606308 0.8013047 0.4773429 -0.261411 0.8389323 0.4773437 -0.2614252 0.838947 0.47731 -0.1583967 0.864336 0.4773194 -0.1583918 0.8643442 0.4773061 -0.7269278 0.04397761 0.6853042 -0.7269317 0.043971 0.6853005 -0.7163308 0.1312798 0.6852999 -0.716327 0.1312628 0.685307 -0.6952835 0.2166609 0.6853021 -0.6952872 0.2166563 0.6852998 -0.6640989 0.2988888 0.6853016 -0.664094 0.2988857 0.6853076 -0.6232249 0.3767651 0.685302 -0.6232292 0.3767405 0.6853116 -0.5732731 0.4491272 0.6853049 -0.5732416 0.4490971 0.6853509 -0.5149263 0.5149472 0.6853324 -0.5149891 0.5149785 0.6852616 -0.4491478 0.5732942 0.6852738 -0.4491239 0.5732675 0.6853117 -0.3767579 0.6232458 0.685287 -0.3767633 0.6232325 0.6852961 -0.2988851 0.6641023 0.6852999 -0.2988914 0.6641061 0.6852934 -0.2166602 0.695298 0.6852877 -0.2166609 0.6952944 0.6852911 -0.131273 0.7163417 0.6852898 -0.1312798 0.7163414 0.6852887 -0.5285953 0.03198087 0.8482714 -0.5285909 0.03197377 0.8482744 -0.5208874 0.09545832 0.8482712 -0.520888 0.09545618 0.8482712 -0.5055808 0.1575435 0.8482736 -0.5055662 0.1575454 0.848282 -0.4829011 0.2173297 0.8482773 -0.4829139 0.2173394 0.8482676 -0.4532013 0.2739692 0.8482627 -0.4532024 0.2739649 0.8482635 -0.4168673 0.326596 0.848267 -0.4168811 0.3266044 0.8482568 -0.3744842 0.3744788 0.8482495 -0.3744481 0.374459 0.8482742 -0.3265988 0.4168627 0.8482682 -0.3265806 0.4168632 0.848275 -0.2739557 0.4531772 0.84828 -0.273975 0.4532011 0.8482609 -0.2173377 0.4829071 0.8482719 -0.2173328 0.4829053 0.8482742 -0.1575464 0.50559 0.8482677 -0.1575545 0.5055855 0.8482688 -0.09546113 0.5208976 0.8482646 -0.09545266 0.5208803 0.8482763 -0.2951822 0.01785588 0.9552742 -0.295189 0.01785397 0.9552721 -0.2908885 0.05330735 0.9552708 -0.2908626 0.05331188 0.9552784 -0.2823215 0.08797478 0.9552775 -0.2823308 0.08797568 0.9552747 -0.2696683 0.121366 0.9552745 -0.2696577 0.121366 0.9552776 -0.2530667 0.1529791 0.9552773 -0.2530644 0.1529842 0.9552771 -0.2327893 0.1823709 0.9552749 -0.2327778 0.182375 0.9552769 -0.2091041 0.2091013 0.955276 -0.2090852 0.2090908 0.9552825 -0.1823673 0.2327767 0.9552786 -0.1823748 0.2327832 0.9552757 -0.1529932 0.2530691 0.9552744 -0.1529774 0.2530587 0.9552797 -0.1213629 0.269658 0.9552778 -0.1213657 0.2696663 0.9552751 -0.08798378 0.2823328 0.9552733 -0.0879743 0.282319 0.9552782 -0.05330526 0.2908866 0.9552715 -0.05330479 0.2908757 0.9552749 -0.04208511 0.002545952 0.9991108 -0.04133456 0.002708554 0.9991417 -0.04214882 0.007725656 0.9990815 -0.04003328 0.007962405 0.9991667 -0.04147028 0.01292377 0.9990562 -0.03820353 0.01296734 0.9991859 -0.04003173 0.01801955 0.9990359 -0.03587383 0.01768815 0.9991999 -0.03785485 0.02288681 0.9990212 -0.03306823 0.02209043 0.999209 -0.03498631 0.02741092 0.9990119 -0.02981489 0.02614319 0.9992136 -0.03147369 0.03147852 0.9990088 -0.02614825 0.02981013 0.9992136 -0.02740639 0.03498905 0.9990119 -0.02209132 0.03306132 0.9992092 -0.02288693 0.03786307 0.9990209 -0.01768934 0.03586953 0.9991999 -0.01801621 0.04003667 0.9990358 -0.01296889 0.03819948 0.999186 -0.01292395 0.04147279 0.9990561 -0.007961273 0.04002964 0.9991669 -0.007725059 0.04215276 0.9990813 1.68452e-4 0.08891087 -0.9960396 0 -0.07274115 -0.9973509 -2.08573e-4 0.02943146 -0.9995668 0 0.05597436 -0.9984322 0 0.2629091 -0.9648207 0 0.2629083 -0.9648208 0 0.5000164 -0.866016 0 0.5000454 -0.8659992 0 0.7041489 -0.7100524 -0.001044213 0.704117 -0.7100833 6.67146e-4 0.8162762 -0.5776616 -0.001907706 0.8617888 -0.507264 8.03693e-4 0.9061161 -0.4230283 8.08769e-4 0.9059133 -0.4234627 -0.00134921 0.9625936 -0.2709461 0.003901004 0.9857523 -0.1681587 -0.002303838 0.9998564 -0.01679062 0.00350213 0.9858495 0.1675962 -0.001540184 0.9711715 0.2383769 9.47906e-4 0.9158189 0.4015907 -0.002941906 0.8783578 0.4779948 0.001359045 0.8293099 0.5587874 -0.002184569 0.7276158 0.6859815 1.2004e-4 0.7068622 0.7073513 -1.53154e-4 0.5385969 0.8425636 -0.001348495 0.5288841 0.848693 5.87895e-4 0.3809756 0.924585 -0.00366503 0.2952085 0.9554259 -8.80585e-4 0.258556 0.965996 6.51511e-4 0.1239041 0.992294 0 0.1123817 0.9936652 -0.002066612 -0.01622986 0.9998662 0 0.04208958 0.9991139 0 0.04209244 0.9991137 0 0.2952064 0.9554336 0 0.2952145 0.9554311 0 0.5288917 0.8486894 0 0.5288924 0.8486889 0 0.7276147 0.6859861 0 0.7276295 0.6859704 0 0.8783603 0.4779991 0 0.8783611 0.4779979 0 0.9711619 0.2384211 0 0.9711695 0.2383906 0 0.9998586 -0.01681703 0 0.9998592 -0.0167846 0 0.9625919 -0.2709556 0 0.9625923 -0.2709546 0 0.8617921 -0.5072618 0 0.861778 -0.5072858 0 0.7041312 -0.71007 0 0.7041479 -0.7100534 0 0.5000441 -0.8659999 0 0.5000168 -0.8660158 0 0.2629079 -0.9648209 0 0.2629088 -0.9648207 0 0.008451581 -0.9999644 0 0.008451402 -0.9999643 0 0.00845164 -0.9999644 0 0.2629011 -0.9648228 0 0.5000316 -0.8660072 0 0.5000449 -0.8659996 0 0.704133 -0.7100682 0 0.8617782 -0.5072854 0 0.8617919 -0.5072622 0 0.9625921 -0.2709551 0 0.9998592 -0.01678454 0 0.9711542 0.2384526 0 0.878374 0.4779742 0 0.8783745 0.4779734 0 0.7276309 0.6859689 0 0.7276142 0.6859865 0 0.5289062 0.8486803 0 0.528892 0.8486892 0 0.2952155 0.9554307 0 0.2952057 0.9554339 0 0.04209089 0.9991138 0 0.7276304 0.6859694 0 0.2952059 0.9554337 0 0.04209101 0.9991138 0 0.04208803 0.9991139 0 0.7276133 0.6859875 0 0.2952054 0.9554339 0 0.04209095 0.9991138 0 0.528891 0.8486899 0 0.295215 0.9554309 0 0.04208946 0.9991139 -7.56158e-4 0.6997247 -0.7144122 5.62861e-4 0.5573195 -0.830298 -0.001584589 0.5000289 -0.8660073 6.18626e-5 0.4273052 -0.9041075 -7.38636e-5 0.3255501 -0.9455249 -0.001615405 0.2629059 -0.9648202 -2.06821e-4 0.2120588 -0.9772569 0 0.2629093 -0.9648206 0 0.2629007 -0.964823 0 0.5000308 -0.8660076 0 0.5000457 -0.8659992 0 0.7041327 -0.7100685 0 0.8617784 -0.5072849 0 0.9626006 -0.2709245 0 0.9998581 -0.01684939 0 0.971162 0.2384206 0 0.00845164 -0.9999644 0 0.2629004 -0.964823 0 0.5000301 -0.8660081 0 0.05597436 -0.9984322 0 0.05595695 -0.9984332 0 0.262901 -0.9648229 0 0.5000452 -0.8659994 0 0.7041317 -0.7100695 0 0.9625921 -0.2709548 0 0.9998592 -0.0167846 0 0.9998586 -0.01681697 0 0.971162 0.2384208 0 0.5000312 -0.8660075 0 0.5000445 -0.8659998 0 0.7041324 -0.7100687 0 0.8617786 -0.5072847 0 0.500046 -0.8659989 0 0.5000318 -0.8660071 0 0.7041474 -0.7100539 0 0.8617774 -0.5072867 0 0.962592 -0.2709553 0 0.9998586 -0.01681703 0 0.9711693 0.238391 0 0.9711543 0.2384521 0 0.8783737 0.4779745 0 0.7041487 -0.7100526 0 0.9626005 -0.2709251 0 0.9625923 -0.2709543 0 0.971162 0.2384209 0 0.8617783 -0.5072851 0 0.8617779 -0.5072861 0 0.8783608 0.4779983 0 0.8783747 0.4779729 0 0.9625923 -0.2709541 0 0.9998586 -0.01681697 0 0.7276312 0.6859686 0 0.9998586 -0.01681697 0 0.9711694 0.2383908 0 0.9711618 0.2384213 0 0.7276461 0.6859527 0 0.72763 0.6859699 0 0.5288928 0.8486887 0 0.7276138 0.6859871 0 0.5289059 0.8486805 0 0.2952061 0.9554336 -0.8806211 -0.05012035 0.4711629 -0.8630396 0.262809 0.4313863 -0.8914361 0.2626705 0.3692507 -0.8002761 0.4996755 0.3314858 -0.8261209 0.4996807 0.2604678 -0.6775139 0.7038089 0.2136071 -0.6935567 0.7037991 0.1537722 -0.4956068 0.8615698 0.1098698 -0.503295 0.8615708 0.0662567 -0.2688757 0.9625239 0.0354067 -0.270938 0.9625241 0.011828 -0.01680219 0.9998586 7.34504e-4 -0.01680195 0.9998586 -7.3395e-4 0.2384118 0.9711085 0.01040291 0.2365916 0.9711096 0.03115409 0.4742609 0.8781676 0.0624352 0.467012 0.8781692 0.1035315 0.6700497 0.7273029 0.1485394 0.6545501 0.7273048 0.2063782 0.8096351 0.5285105 0.2552798 0.7843081 0.528513 0.3248612 0.8827717 0.2949746 0.3656558 0.8475408 0.294967 0.4412134 0.8846788 0.07241535 0.4605429 0.8813384 0.01394337 0.47228 0.8413023 0.07044696 0.535955 0.8373176 0.01596975 0.5464837 0.7915019 0.06841331 0.6073257 0.7870678 0.01802313 0.6166033 0.7356555 0.06629383 0.674104 0.7309654 0.02016776 0.6821165 0.6741901 0.06417006 0.7357649 0.6693845 0.02242487 0.7425777 0.6075901 0.06191098 0.7918342 0.6028632 0.02462565 0.7974645 0.5363522 0.05968809 0.841881 0.5318384 0.02696287 0.8464165 0.4609917 0.057379 0.8855475 0.4568728 0.02932733 0.8890485 0.3821175 0.05496841 0.9224775 0.3785036 0.03171008 0.9250565 0.3002883 0.05246186 0.9524047 0.2973351 0.03423708 0.9541593 0.216171 0.04998135 0.9750754 0.2139565 0.03675919 0.9761514 0.1303818 0.04737585 0.9903314 0.1290031 0.0393911 0.9908616 0.04358267 0.04476022 0.9980466 0.04310274 0.04202634 0.9981864 -0.04310274 0.04202634 0.9981864 -0.04358148 0.04475909 0.9980468 -0.1290057 0.03939199 0.9908611 -0.1303818 0.04737675 0.9903313 -0.2139539 0.03676021 0.976152 -0.2161771 0.04998189 0.9750741 -0.2973335 0.0342341 0.9541598 -0.3002883 0.05246186 0.9524047 -0.3785064 0.03170973 0.9250553 -0.3821175 0.05496662 0.9224776 -0.4568713 0.02932608 0.8890493 -0.4609916 0.05738258 0.8855473 -0.5318391 0.02696853 0.8464159 -0.5363395 0.05968308 0.8418895 -0.6028632 0.02462428 0.7974645 -0.6076039 0.06190884 0.7918237 -0.669389 0.02241963 0.7425737 -0.6741902 0.06416654 0.735765 -0.7309629 0.02015733 0.6821196 -0.7356693 0.06630223 0.6740882 -0.7870642 0.01802396 0.6166077 -0.791508 0.06842803 0.6073161 -0.8373143 0.01596969 0.5464888 -0.8413087 0.0704475 0.5359449 -0.8813347 0.0139442 0.472287 -0.8846822 0.07245123 0.4605304 -0.9187958 0.01203405 0.3945499 -0.9213244 0.07431268 0.3816267 -0.9494037 0.01008009 0.3138968 -0.9509476 0.07620203 0.29982 -0.9729465 0.008284926 0.2308822 -0.9733245 0.07797735 0.2157753 -0.9892403 0.006460785 0.1461576 -0.9882901 0.07971668 0.1301069 -0.9981669 0.004759013 0.06033372 -0.9957364 0.08135527 0.04348003 -0.9996588 0.003071784 -0.02593815 -0.9956036 0.0829665 -0.04347455 -0.9937064 0.001499831 -0.112006 -0.9878956 0.08454823 -0.1300542 -0.9803521 -1.44217e-5 -0.1972559 -0.9726753 0.08605885 -0.2156306 -0.9601897 8.37065e-4 -0.2793478 -0.9482783 0.1294207 -0.2898597 -0.9215235 0.2705432 -0.2785695 -0.915573 0.2951 -0.2732074 -0.8769915 0.3967602 -0.271049 -0.8118932 0.5286356 -0.2477376 -0.7917773 0.5580309 -0.2483755 -0.6547074 0.7273181 -0.2058315 -0.6524226 0.7294043 -0.2057038 -0.456187 0.8781825 -0.1438365 -0.456215 0.8781686 -0.1438333 -0.2275931 0.9711076 -0.07177388 -0.2275816 0.9711127 -0.07174104 0.01603907 0.9998586 0.005058467 0.01603943 0.9998586 0.005057215 0.2586362 0.9625273 0.08153855 0.2586336 0.9625268 0.08155268 0.4841495 0.861566 0.1526543 0.4841496 0.8615673 0.152647 0.6775181 0.7037996 0.2136247 0.6775204 0.7037997 0.2136169 0.8261195 0.4996853 0.2604634 0.8261213 0.4996722 0.2604827 0.9202265 0.2626692 0.2901523 0.9202256 0.2626778 0.2901469 0.9535573 -0.01832032 0.3006542 0.9268214 0.0372529 0.37365 -0.8884372 0.02488964 0.4583231 -0.9238548 -0.006907403 0.382681 -0.8914412 0.2626695 0.369239 -0.9202281 0.2626715 0.2901451 -0.8261221 0.4996731 0.2604789 -0.8456782 0.4996813 0.1874752 -0.6935577 0.7038038 0.1537463 -0.7043236 0.7037974 0.09272295 -0.5032922 0.8615722 0.06626176 -0.5071529 0.8615717 0.02213996 -0.2709245 0.9625279 0.01183015 -0.2709242 0.962528 -0.01182729 -0.01680123 0.9998586 -7.34457e-4 -0.01667302 0.9998586 -0.002194166 0.236592 0.9711097 0.03114831 0.2329733 0.9711108 0.0516479 0.4670066 0.8781718 0.1035347 0.4562065 0.8781715 0.1438429 0.654541 0.7273143 0.2063737 0.6340602 0.7273172 0.2626355 0.7842918 0.5285291 0.3248747 0.7529966 0.5285314 0.3919834 0.8475521 0.2949517 0.4412017 0.8058668 0.294954 0.5134012 -0.92682 0.0372585 0.3736531 -0.9535573 -0.01832032 0.3006542 -0.9202277 0.26267 0.2901473 -0.9420096 0.2626854 0.2088406 -0.8456849 0.4996663 0.1874857 -0.8588001 0.4996795 0.1130622 -0.7043216 0.7037992 0.0927242 -0.70972 0.7038021 0.0309863 -0.5071493 0.8615738 0.02214246 -0.5071497 0.8615735 -0.02214348 -0.2709358 0.9625247 -0.01183056 -0.268877 0.9625239 -0.03539991 -0.01667398 0.9998586 -0.002195775 -0.01641917 0.9998586 -0.003646254 0.232972 0.9711112 0.0516445 0.2275797 0.9711113 0.07176631 0.4562141 0.8781678 0.1438404 0.4419387 0.8781695 0.1830534 0.6340736 0.7273036 0.2626406 0.6087734 0.7272995 0.3169076 0.7529929 0.5285316 0.3919898 0.7159715 0.5285282 0.4561172 0.8058756 0.2949511 0.5133891 0.7580596 0.2949471 0.5816802 -0.9571045 0.04768651 0.2857919 -0.9759185 -0.02781361 0.2163552 -0.942012 0.2626789 0.2088382 -0.9566291 0.2626788 0.1259388 -0.8588031 0.4996731 0.1130671 -0.8653853 0.4996809 0.03778052 -0.709733 0.7037888 0.03099244 -0.7097313 0.7037907 -0.03098648 -0.5071551 0.8615704 -0.02214246 -0.5032942 0.8615711 -0.06626063 -0.2688646 0.9625273 -0.03539752 -0.2647587 0.9625268 -0.05869573 -0.0164197 0.9998586 -0.003641903 -0.0160399 0.9998586 -0.005058705 0.2275856 0.9711112 0.07174932 0.2204644 0.9711091 0.09133744 0.4419308 0.8781745 0.1830483 0.4242945 0.8781747 0.2208701 0.6087847 0.7272939 0.3168987 0.5788444 0.7272896 0.368767 0.7159674 0.5285328 0.4561181 0.673488 0.5285338 0.5167842 0.7580623 0.2949618 0.5816693 0.7044733 0.2949602 0.6455354 -0.9790867 0.05616098 0.1955383 -0.9908261 -0.03533214 0.1304427 -0.9566283 0.2626803 0.1259419 -0.9639648 0.2626791 0.04209089 -0.865395 0.4996633 0.03778862 -0.8653926 0.499668 -0.03778272 -0.7097182 0.7038037 -0.03099167 -0.7043175 0.7038031 -0.09272605 -0.5032972 0.8615694 -0.06625831 -0.4956064 0.8615697 -0.1098731 -0.2647433 0.9625309 -0.05869752 -0.2586198 0.9625309 -0.08154898 -0.01603925 0.9998586 -0.005049467 -0.01553744 0.9998586 -0.006443619 0.2204666 0.9711102 0.09132134 0.2116698 0.9711086 0.110201 0.4242844 0.8781815 0.2208622 0.4034171 0.8781798 0.2570118 0.5788452 0.727293 0.3687589 0.5444996 0.7272855 0.417823 0.6734788 0.5285484 0.5167813 0.625876 0.5285372 0.5735223 0.7044823 0.2949846 0.6455143 0.6455261 0.294974 0.704476 -0.9926322 0.06270223 0.1036809 -0.9982105 -0.04094308 0.04358428 -0.9639609 0.2626939 0.04208832 -0.9639589 0.2627004 -0.04209172 -0.8653902 0.4996718 -0.03778821 -0.8587974 0.4996843 -0.1130604 -0.7043212 0.7037997 -0.09272402 -0.693551 0.7038081 -0.1537567 -0.4956182 0.8615623 -0.1098774 -0.4841524 0.8615642 -0.1526553 -0.2586345 0.9625273 -0.08154517 -0.250541 0.9625279 -0.103776 -0.01553773 0.9998586 -0.006434381 -0.01491755 0.9998585 -0.007776081 0.2116714 0.9711107 0.1101783 0.2012616 0.9711077 0.1282329 0.4034259 0.8781772 0.257007 0.3794913 0.8781768 0.2911909 0.5444938 0.7273029 0.4178004 0.5060146 0.7273014 0.4636616 0.6258869 0.5285245 0.573522 0.5735172 0.5285345 0.6258829 0.6455112 0.2949743 0.7044896 0.5816903 0.2948623 0.758085 -0.9976702 0.06732994 0.01100122 -0.9980534 -0.04461646 -0.0435763 -0.9639695 0.2626626 -0.042086 -0.9566289 0.2626788 -0.1259407 -0.858805 0.4996697 -0.1130671 -0.8456849 0.4996681 -0.1874802 -0.6935597 0.7038002 -0.1537543 -0.6775214 0.703796 -0.2136257 -0.4841481 0.8615676 -0.1526502 -0.4689993 0.8615673 -0.1942716 -0.2505397 0.9625288 -0.10377 -0.2405411 0.9625279 -0.1252208 -0.01491737 0.9998587 -0.007757961 -0.01418375 0.9998585 -0.009048104 0.2012588 0.9711116 0.1282078 0.1893174 0.9711094 0.1452773 0.3794945 0.8781722 0.2912001 0.3526674 0.878178 0.323155 0.506014 0.7272964 0.46367 0.4636581 0.7273002 0.5060195 0.5734706 0.5285956 0.6258739 0.5167798 0.5285174 0.6735043 0.5816674 0.2949501 0.7580683 0.5133885 0.2949457 0.8058779 -0.9941917 0.07002329 -0.08172976 -0.9903792 -0.04635673 -0.1303844 -0.9566315 0.2626674 -0.1259448 -0.9420137 0.2626702 -0.2088413 -0.8456786 0.4996778 -0.1874834 -0.8261232 0.4996809 -0.26046 -0.6775222 0.703798 -0.2136167 -0.6563331 0.7037882 -0.2718623 -0.4690064 0.8615645 -0.194267 -0.4502899 0.8615638 -0.2344074 -0.2405437 0.9625266 -0.1252251 -0.228712 0.9625282 -0.1457061 -0.01418399 0.9998586 -0.009031713 -0.01334244 0.9998585 -0.01025271 0.1893222 0.9711121 0.145253 0.1759417 0.9711074 0.1612299 0.3526737 0.8781692 0.3231723 0.3231485 0.8781721 0.3526882 0.4636304 0.7273213 0.5060145 0.4178034 0.7272614 0.5445469 0.5167685 0.5285458 0.6734908 0.4561249 0.5285397 0.7159581 0.5134032 0.2949193 0.8058784 0.4411962 0.2949115 0.847569 -0.9822415 0.0708028 -0.1737488 -0.975255 -0.04617118 -0.2162082 -0.9420106 0.2626842 -0.2088375 -0.9202253 0.2626802 -0.2901458 -0.8261142 0.4996823 -0.2604861 -0.8002672 0.4996992 -0.3314712 -0.6563205 0.703803 -0.2718545 -0.6301308 0.7037932 -0.3280401 -0.4502923 0.8615639 -0.2344024 -0.4281533 0.8615561 -0.2727746 -0.2287168 0.9625266 -0.1457096 -0.2151466 0.9625282 -0.1650804 -0.01334226 0.9998587 -0.01022523 -0.01239931 0.9998584 -0.01138174 0.1759342 0.9711107 0.1612176 0.1612079 0.9711079 0.1759594 0.3231366 0.8781864 0.3526633 0.2912063 0.8781601 0.3795179 0.4177733 0.7273223 0.5444886 0.3687495 0.7273094 0.5788307 0.4561232 0.5285353 0.7159624 0.3919853 0.5285375 0.7529913 0.4412218 0.294932 0.8475485 0.3656558 0.2949182 0.8827905 -0.9619288 0.06967365 -0.26427 -0.9527907 -0.0440731 -0.3004125 -0.9202309 0.2626622 -0.2901443 -0.8914405 0.2626692 -0.3692408 -0.8002769 0.4996733 -0.3314869 -0.7683356 0.4996872 -0.3999667 -0.6301183 0.7038133 -0.3280212 -0.59913 0.7038132 -0.3816939 -0.4281429 0.8615701 -0.2727468 -0.402738 0.8615691 -0.3090321 -0.2151387 0.9625294 -0.1650837 -0.1999328 0.9625264 -0.183221 -0.01239925 0.9998588 -0.01134997 -0.01136112 0.9998584 -0.01241803 0.1611906 0.9711152 0.1759342 0.1452605 0.9711083 0.1893361 0.2911794 0.878162 0.3795341 0.2570213 0.8781597 0.4034549 0.3687605 0.7273133 0.5788187 0.3169019 0.7273004 0.6087753 0.3919777 0.5285332 0.7529981 0.3248634 0.5285484 0.7842833 0.3656601 0.2949577 0.8827756 0.2873203 0.2949513 0.9112908 -0.9334102 0.06660771 -0.3525745 -0.9231352 -0.04004031 -0.3823851 -0.8914355 0.262679 -0.369246 -0.8558564 0.2626853 -0.4455404 -0.7683434 0.4996566 -0.3999899 -0.7305675 0.4996613 -0.4654136 -0.5991479 0.7038022 -0.3816863 -0.563591 0.7037945 -0.4324798 -0.4027515 0.8615576 -0.3090468 -0.374281 0.8615567 -0.3429782 -0.1999373 0.962531 -0.1831919 -0.1831947 0.962527 -0.1999536 -0.01136076 0.9998589 -0.01238507 -0.01023799 0.9998584 -0.01335889 0.1452604 0.9711098 0.1893286 0.1282173 0.971109 0.2012656 0.2570154 0.8781709 0.4034343 0.2208777 0.8781721 0.4242957 0.3169124 0.7273157 0.6087517 0.2626333 0.7272747 0.6341099 0.3248634 0.5285445 0.784286 0.255267 0.5285378 0.8096213 0.2873323 0.2949565 0.9112853 0.2068123 0.2949514 0.9328625 -0.8968979 0.06162834 -0.4379225 -0.8864972 -0.03410243 -0.4614757 -0.8558574 0.2626959 -0.4455322 -0.8137731 0.262695 -0.5184252 -0.7305471 0.4996908 -0.4654139 -0.6872009 0.4996947 -0.5273142 -0.5635932 0.7038133 -0.4324461 -0.5237526 0.7038125 -0.4799284 -0.3742811 0.8615581 -0.3429742 -0.3429334 0.8615562 -0.3743229 -0.1831795 0.9625344 -0.199932 -0.1650744 0.9625273 -0.2151551 -0.01023656 0.9998591 -0.01331108 -0.009035706 0.9998583 -0.01421165 0.1282123 0.9711107 0.2012602 0.1101828 0.971112 0.2116631 0.2208693 0.8781681 0.4243085 0.1830519 0.8781687 0.4419409 0.2626566 0.7273046 0.6340659 0.2063875 0.7272861 0.654568 0.2552861 0.5285099 0.8096336 0.1837407 0.5285084 0.8288053 0.2068067 0.2949743 0.9328565 0.1247126 0.2949613 0.9473356 -0.8526705 0.0546956 -0.5195781 -0.8431111 -0.0261805 -0.5371019 -0.8137748 0.2626672 -0.5184365 -0.7655007 0.2626625 -0.5873817 -0.687216 0.4996598 -0.5273276 -0.6386521 0.4996663 -0.5851985 -0.5237543 0.7038199 -0.4799157 -0.4798753 0.7038114 -0.5238028 -0.342911 0.8615788 -0.3742914 -0.3090172 0.8615426 -0.4028064 -0.1650655 0.9625267 -0.2151644 -0.1457073 0.9625279 -0.2287128 -0.009036421 0.9998588 -0.01417356 -0.007765889 0.9998584 -0.01493525 0.1101908 0.971114 0.2116498 0.09132254 0.9711014 0.2205045 0.1830615 0.8781675 0.4419395 0.1438469 0.8781741 0.4562001 0.2063801 0.7273051 0.6545493 0.1485432 0.727289 0.6700639 0.1837344 0.5285104 0.8288055 0.1108211 0.5285116 0.8416616 0.1247358 0.2949119 0.9473479 0.04168307 0.2949 0.9546186 -0.8010566 0.04588472 -0.5968274 -0.793254 -0.01635205 -0.6086713 -0.7654852 0.2626981 -0.5873858 -0.7113779 0.2627092 -0.6518631 -0.638633 0.4996641 -0.585221 -0.585137 0.4996693 -0.638706 -0.4798703 0.7038452 -0.5237618 -0.4324132 0.7037681 -0.5636748 -0.3090031 0.8615633 -0.4027728 -0.27276 0.8615543 -0.428166 -0.1457075 0.9625275 -0.228714 -0.1252184 0.9625244 -0.2405565 -0.007765412 0.9998589 -0.01489979 -0.006435751 0.9998586 -0.01553684 0.09131765 0.97112 0.2204251 0.07175189 0.971112 0.2275814 0.14383 0.8781749 0.4562036 0.1035262 0.8781836 0.4669862 0.1485462 0.7273225 0.6700269 0.08958351 0.7272883 0.6804606 0.110805 0.5285463 0.8416419 0.03702133 0.5285323 0.8481056 0.04167145 0.2949941 0.95459 -0.04168665 0.2949926 0.9545899 -0.7424743 0.03509354 -0.6689547 -0.7372708 -0.00459057 -0.6755818 -0.7113932 0.2626604 -0.651866 -0.6517809 0.262664 -0.7114698 -0.5851245 0.4997098 -0.6386858 -0.5272712 0.4996408 -0.687273 -0.4324142 0.7038081 -0.5636242 -0.3816922 0.7037849 -0.5991644 -0.2727536 0.8615785 -0.4281215 -0.2344015 0.8615661 -0.4502885 -0.1252186 0.9625303 -0.2405327 -0.1037768 0.9625218 -0.2505639 -0.006435632 0.999859 -0.01551175 -0.005057036 0.9998585 -0.01604855 0.07176101 0.9711098 0.2275879 0.05165237 0.9711062 0.2329911 0.1035357 0.8781573 0.4670333 0.0624358 0.8781692 0.474258 0.08957743 0.7273409 0.6804052 0.02993637 0.7273173 0.6856482 0.03702968 0.528511 0.8481185 -0.03701865 0.528499 0.8481265 -0.04166918 0.2949101 0.9546161 -0.1247187 0.2949019 0.9473533 -0.6773494 0.02236223 -0.7353216 -0.6754773 0.008464634 -0.7373322 -0.6517601 0.2627381 -0.7114616 -0.5873021 0.2626502 -0.7655659 -0.5272294 0.4996767 -0.687279 -0.46542 0.4996877 -0.7305454 -0.3817033 0.7037928 -0.599148 -0.328024 0.7037729 -0.6301618 -0.2344011 0.8615714 -0.4502785 -0.1942626 0.8615673 -0.469003 -0.1037789 0.9625303 -0.2505304 -0.08154678 0.9625241 -0.2586454 -0.005057036 0.999859 -0.01601654 -0.003639876 0.9998583 -0.01643991 0.05164968 0.9711153 0.2329539 0.03114628 0.9711077 0.2366006 0.0624352 0.8781715 0.474254 0.02087122 0.8781732 0.4778875 0.0299409 0.7273072 0.6856586 -0.02993398 0.7272921 0.685675 -0.03703194 0.5285388 0.848101 -0.1108115 0.5285423 0.8416436 -0.1247311 0.2949739 0.9473292 -0.2068055 0.2949639 0.93286 -0.6086312 0.008360862 -0.7934092 -0.6060834 0.02365761 -0.7950493 -0.5372877 -0.005740106 -0.8433795 -0.5294037 0.03620266 -0.8475973 -0.4616755 -0.01732486 -0.8868798 -0.4481464 0.04679119 -0.8927349 -0.3825498 -0.02699905 -0.9235404 -0.3631038 0.05542033 -0.9300991 -0.300525 -0.03475123 -0.9531407 -0.2749931 0.06215631 -0.9594351 -0.2162656 -0.04050314 -0.9754942 -0.1846069 0.06698369 -0.9805272 -0.1304007 -0.04434579 -0.9904692 -0.09268742 0.06985223 -0.9932421 -0.04356765 -0.04631179 -0.9979765 0 0.07075858 -0.9974935 0.04356765 -0.04631173 -0.9979765 0.09268742 0.06985205 -0.9932421 0.1304007 -0.04434651 -0.9904691 0.1846123 0.06698524 -0.9805261 0.2162674 -0.04050344 -0.9754937 0.2749931 0.06215631 -0.9594351 0.300525 -0.03475147 -0.9531407 0.3631038 0.05542033 -0.9300991 0.3825384 -0.0269972 -0.9235451 0.4481464 0.04679119 -0.8927349 0.4616855 -0.01732122 -0.8868747 0.5293899 0.03620928 -0.8476056 0.5372923 -0.005739629 -0.8433766 0.6060833 0.02366143 -0.7950493 0.6086325 0.008352577 -0.7934083 0.6754677 0.008458673 -0.7373411 0.651758 0.2627438 -0.7114614 0.6517868 0.2626759 -0.7114601 0.5851195 0.4997045 -0.6386944 0.5851407 0.4996625 -0.6387079 0.4798706 0.7038447 -0.5237622 0.4798707 0.7038036 -0.5238175 0.3429341 0.8615682 -0.3742948 0.3742773 0.8615526 -0.3429922 0.199934 0.9625344 -0.1831772 0.2151399 0.962533 -0.1650607 0.01334249 0.9998589 -0.01021778 0.01418405 0.9998586 -0.009033203 -0.2012597 0.9711097 0.1282203 -0.2116674 0.97111 0.110192 -0.424292 0.8781768 0.2208662 -0.4419239 0.8781768 0.1830546 -0.634063 0.7273131 0.2626405 -0.6545398 0.7273131 0.2063816 -0.8096414 0.5285017 0.2552782 -0.8288186 0.5284854 0.1837468 -0.932867 0.2949327 0.2068185 -0.947342 0.2949365 0.1247227 0.6773631 0.02236336 -0.735309 0.7372718 -0.004596889 -0.6755807 0.7113797 0.2627003 -0.6518647 0.7654926 0.2627 -0.5873755 0.6872024 0.4996911 -0.5273156 0.7305465 0.499692 -0.4654136 0.5991401 0.7038128 -0.3816789 0.6301157 0.70381 -0.3280332 0.4502925 0.8615638 -0.2344025 0.4690048 0.8615658 -0.1942653 0.2505401 0.9625283 -0.1037736 0.25863 0.9625291 -0.08153676 0.01603925 0.9998586 -0.005057156 0.01641869 0.9998586 -0.003643274 -0.2329754 0.97111 0.05165278 -0.2365916 0.9711098 0.0311504 -0.4742365 0.8781811 0.06243187 -0.4778748 0.8781802 0.02086448 -0.6856692 0.7272976 0.02993506 -0.6856755 0.7272914 -0.02993834 -0.8480939 0.528551 -0.03702473 -0.8416429 0.528544 -0.1108086 -0.9473468 0.2949234 -0.1247167 -0.9328696 0.2949229 -0.206821 0.7424783 0.03508329 -0.6689507 0.7932471 -0.01636201 -0.6086801 0.7654907 0.2626684 -0.5873921 0.8137813 0.2626642 -0.5184279 0.7305563 0.4996677 -0.4654244 0.7683433 0.4996737 -0.3999686 0.630135 0.7038003 -0.3280169 0.656325 0.7037995 -0.2718526 0.4690022 0.8615653 -0.194274 0.4841533 0.8615657 -0.1526439 0.2586342 0.9625266 -0.08155298 0.2647604 0.9625254 -0.0587095 0.01641905 0.9998587 -0.003634095 0.01667386 0.9998586 -0.00219804 -0.2365968 0.9711086 0.03114897 -0.2384082 0.9711092 0.01041311 -0.4778727 0.8781814 0.02086228 -0.4778713 0.8781821 -0.02086818 -0.6856661 0.7273005 -0.02993518 -0.6804509 0.7272968 -0.08958792 -0.8416387 0.5285503 -0.1108103 -0.8287767 0.5285538 -0.1837393 -0.9328615 0.2949502 -0.2068186 0.8010638 0.045888 -0.5968176 0.8430998 -0.02619123 -0.537119 0.8137702 0.2626923 -0.5184311 0.8558616 0.2626881 -0.445529 0.7683334 0.4996774 -0.3999828 0.8002778 0.4996739 -0.3314836 0.656326 0.703796 -0.2718591 0.677524 0.7037909 -0.2136344 0.4841462 0.8615681 -0.1526536 0.4956124 0.8615646 -0.1098861 0.2647556 0.9625278 -0.05869245 0.2688646 0.9625273 -0.03539836 0.01667314 0.9998587 -0.002195656 0.01680123 0.9998586 -7.37681e-4 -0.2384095 0.971109 0.01041036 -0.2384091 0.9711091 -0.01040953 -0.4778695 0.8781831 -0.02086234 -0.4742351 0.8781813 -0.06244009 -0.6804414 0.727306 -0.0895853 -0.670047 0.7273045 -0.1485435 -0.8288113 0.5284993 -0.1837399 0.8526734 0.0547071 -0.5195723 0.886496 -0.03409028 -0.4614791 0.8558575 0.2626892 -0.4455361 0.891436 0.2626759 -0.369247 0.8002697 0.4996922 -0.3314759 0.8261155 0.499683 -0.2604808 0.6775257 0.7037967 -0.2136099 0.6935625 0.7037962 -0.1537593 0.4956031 0.8615719 -0.1098701 0.5032977 0.8615693 -0.06625717 0.2688768 0.9625236 -0.03540682 0.2709382 0.9625241 -0.01182794 0.01680177 0.9998587 -7.34481e-4 0.01680171 0.9998586 7.37714e-4 -0.2384118 0.9711084 -0.0104106 -0.2365984 0.9711082 -0.03114759 -0.4742581 0.8781692 -0.06243473 -0.4670134 0.8781684 -0.1035314 -0.6700413 0.727311 -0.1485376 0.8968977 0.06163209 -0.4379225 0.9231349 -0.04004836 -0.3823849 0.8914352 0.2626774 -0.3692479 0.920227 0.2626646 -0.2901543 0.8261202 0.4996796 -0.2604725 0.8456769 0.4996782 -0.1874899 0.693565 0.7037947 -0.1537554 0.7043207 0.7038004 -0.09272229 0.5032896 0.8615736 -0.06626129 0.5071497 0.8615735 -0.0221396 0.2709263 0.9625275 -0.01183015 0.2709289 0.9625268 0.01182758 0.01680117 0.9998586 7.3446e-4 0.01667302 0.9998586 0.002196073 -0.2365907 0.97111 -0.03114807 -0.2329733 0.9711105 -0.05165159 -0.4669868 0.8781824 -0.1035336 0.93341 0.06661146 -0.3525744 0.9527907 -0.0440731 -0.3004125 0.920226 0.262677 -0.2901467 0.9420097 0.2626852 -0.2088404 0.8456704 0.4996936 -0.187478 0.8587974 0.4996842 -0.1130614 0.7043229 0.7037985 -0.09272003 0.7097278 0.7037943 -0.0309863 0.5071433 0.8615773 -0.02214193 0.5071461 0.8615757 0.02214354 0.2709363 0.9625246 0.01183074 0.2688779 0.9625236 0.03539991 0.0166741 0.9998587 0.002188146 0.01641941 0.9998586 0.0036453 -0.2329837 0.9711083 -0.0516467 0.9619277 0.06967735 -0.2642734 0.9752545 -0.04618328 -0.216208 0.9420129 0.2626758 -0.2088379 0.9566302 0.2626711 -0.1259469 0.8588045 0.4996707 -0.113067 0.8653921 0.4996689 -0.03778481 0.7097341 0.7037879 -0.03098845 0.7097318 0.7037903 0.03098684 0.5071478 0.8615747 0.02214241 0.5032882 0.8615746 0.06625968 0.2688621 0.9625281 0.03539711 0.2647576 0.9625267 0.05870145 0.01641833 0.9998587 0.003633975 0.9822417 0.07081413 -0.1737432 0.9903791 -0.04636073 -0.1303844 0.9566249 0.2626928 -0.1259419 0.9639614 0.2626925 -0.04208642 0.8653972 0.4996599 -0.03778439 0.8653916 0.4996697 0.03778487 0.7097292 0.7037928 0.03098833 0.7043204 0.7038001 0.0927267 0.5033021 0.8615665 0.06625908 0.4956037 0.8615713 0.1098723 0.2647611 0.9625257 0.05870139 0.9941909 0.07003462 -0.08172881 0.9980545 -0.04458826 -0.04358088 0.9639638 0.2626827 -0.0420919 0.9639627 0.262687 0.04209011 0.8653978 0.4996588 0.03778469 0.8588063 0.499669 0.1130614 0.7043255 0.7037958 0.09272104 0.693566 0.7037917 0.1537643 0.4956114 0.8615666 0.1098748 0.9976684 0.06735628 0.01100075 0.998211 -0.04092699 0.0435878 0.9639608 0.2626937 0.04209029 0.9566217 0.2627015 0.1259481 0.8587927 0.4996904 0.1130694 0.8456668 0.4996985 0.1874806 0.6935594 0.7038003 0.1537549 0.9926321 0.06270223 0.1036818 0.9908259 -0.03533411 0.1304436 0.95663 0.2626732 0.1259438 0.9420115 0.2626782 0.2088413 0.84568 0.4996747 0.1874846 0.9790871 0.05615156 0.1955393 0.9759182 -0.02780753 0.2163572 0.94201 0.2626866 0.2088375 0.9238564 -0.006916046 0.3826767 0.888441 0.02488785 0.4583156 0.8878915 0.01744443 0.459722 0.5728266 0.01538306 0.8195323 0.8638912 0.2260341 0.4501121 0.8289056 0.3369916 0.4464888 0.7871109 0.424411 0.4475844 0.8660688 0.2628656 0.4252372 0.7275741 0.5655491 0.3883172 0.7757315 0.4999223 0.3851212 0.6263598 0.7104366 0.3208633 0.6334073 0.7039411 0.3213443 0.5065203 0.8266452 0.2451428 0.4490733 0.8615117 0.2369195 0.3687794 0.9146903 0.1653589 0.3312537 0.9302542 0.1577922 0.1409902 0.9889425 0.0459854 0.007847428 0.9998998 0.01179134 0.007847249 0.9998998 0.01179546 0.007847309 0.9998992 0.01184207 0.01301747 0.9998263 0.01334339 -0.1580426 0.9844355 -0.07687324 -0.2250973 0.9711593 -0.07861864 -0.3717973 0.9163853 -0.1483408 -0.4545301 0.8782503 -0.1485898 -0.5266742 0.8228393 -0.2134242 -0.6524269 0.7293918 -0.2057348 -0.9595557 -0.01716488 -0.2809953 0.9187911 0.01198351 0.3945623 0.92133 0.07431495 0.3816129 0.8827788 0.2949489 0.3656594 0.9112902 0.2949506 0.2873225 0.8096188 0.5285373 0.2552762 0.8287879 0.5285364 0.1837389 0.6700451 0.7273064 0.1485429 0.6804398 0.7273076 0.0895847 0.474235 0.8781813 0.06244009 0.4778734 0.8781809 0.02086973 0.2383945 0.9711127 0.01040506 0.2383977 0.971112 -0.01040244 -0.01680088 0.9998586 7.37676e-4 -0.0166732 0.9998587 0.002180397 -0.2688633 0.9625277 0.035398 -0.2647547 0.9625276 0.05870008 -0.4956142 0.8615646 0.1098785 -0.4841564 0.8615617 0.1526566 -0.6775159 0.7037996 0.2136316 -0.6563184 0.703801 0.2718647 -0.8002763 0.499682 0.3314754 -0.7702841 0.4997644 0.3961037 -0.8337587 0.346744 0.4296689 0.9494035 0.01008731 0.3138967 0.9509468 0.07615214 0.2998349 0.9112821 0.2949623 0.2873364 0.9328629 0.2949549 0.2068051 0.8287764 0.5285578 0.1837299 0.8416404 0.5285481 0.1108075 0.6804483 0.7272994 0.08958667 0.6856697 0.7272971 0.02993506 0.4778926 0.8781706 0.02086162 0.4778947 0.8781693 -0.0208671 0.2384091 0.971109 -0.01041322 0.2365939 0.971109 -0.03115612 -0.0166741 0.9998586 0.00220561 -0.01641935 0.9998586 0.003641843 -0.2647446 0.9625304 0.05869841 -0.2586239 0.9625296 0.08154958 -0.4841442 0.8615699 0.152649 -0.4690015 0.8615636 0.1942828 -0.6563194 0.7038036 0.2718555 -0.6322703 0.7038955 0.3236747 -0.7265307 0.5827195 0.3641309 0.972947 0.008220016 0.2308823 0.973326 0.07796323 0.2157739 0.9328733 0.2949191 0.2068098 0.947351 0.2949108 0.1247143 0.8416462 0.5285391 0.1108071 0.8481051 0.5285326 0.03702664 0.6856725 0.7272941 0.02994149 0.6856658 0.7273007 -0.02993518 0.4778739 0.8781809 -0.02086102 0.4742371 0.8781805 -0.0624355 0.2365906 0.9711099 -0.03115016 0.2329759 0.9711099 -0.05165261 -0.01641952 0.9998586 0.003650963 -0.01603955 0.9998586 0.005049586 -0.2586343 0.9625266 0.08155328 -0.2505427 0.9625284 0.1037676 -0.4690019 0.8615674 0.1942653 -0.4490672 0.8615079 0.2369447 -0.5062872 0.8267889 0.2451397 0.9892402 0.006482422 0.1461576 0.9882909 0.07971137 0.1301057 0.9473463 0.2949224 0.1247234 0.9546147 0.2949127 0.04167956 0.848098 0.528544 0.03702902 0.8480961 0.5285471 -0.03702843 0.685671 0.7272958 -0.02993816 0.6804557 0.7272924 -0.08958721 0.4742548 0.8781705 -0.06244283 0.4670147 0.8781672 -0.1035361 0.2329691 0.971112 -0.05164134 0.2275848 0.9711113 -0.07174956 -0.01603943 0.9998586 0.005058586 -0.01301294 0.999826 0.01336228 -0.1414185 0.9888747 0.04612594 0.9981669 0.004773437 0.06033372 0.995737 0.08134645 0.04348093 0.9545999 0.2949604 0.04168468 0.9546027 0.2949525 -0.04167509 0.8481084 0.5285274 -0.0370295 0.841642 0.5285457 -0.1108071 0.6804441 0.7273035 -0.08958548 0.6700443 0.7273074 -0.1485419 0.4670054 0.8781729 -0.1035296 0.456208 0.87817 -0.1438459 0.2275804 0.9711114 -0.0717625 0.2245615 0.9711623 -0.08010029 0.08310806 0.9958431 -0.03727865 0.9996591 0.003093421 -0.02592819 0.9955997 0.08301419 -0.04347437 0.9546135 0.2949157 -0.04168742 0.9473493 0.2949131 -0.1247224 0.8416398 0.52855 -0.1108038 0.8287855 0.5285404 -0.1837378 0.6700476 0.7273047 -0.14854 0.6550843 0.727345 -0.2045333 0.6283722 0.7522551 -0.1981435 0.5519691 0.802915 -0.2250728 0.455045 0.8782253 -0.1471542 0.3963171 0.9050064 -0.1545843 0.2343296 0.9682666 -0.08688849 0.9937047 0.001564741 -0.1120202 0.9878952 0.08455532 -0.1300524 0.9473437 0.2949317 -0.1247211 0.932872 0.2949263 -0.2068051 0.8287829 0.5285461 -0.1837335 0.8114746 0.5286582 -0.2490577 0.803394 0.5406215 -0.2495728 0.9803514 0 -0.1972593 0.9726799 0.08601838 -0.2156263 0.9328659 0.2949441 -0.2068076 0.9157064 0.2951101 -0.2727487 0.8836193 0.3808769 -0.272305 0.9596945 -0.001521468 -0.2810412 0.9606998 -0.02012521 -0.2768591 0.9494125 0.1213467 -0.2896394 0.9246692 0.2575623 -0.2804437 0.6719579 0.709326 -0.2129071 -0.3313815 0.9302051 0.1578128 -0.3692121 0.9144588 0.1656739 -0.6243435 0.7145417 0.315635 -0.7913579 0.4407104 0.4237065 -0.8605912 0.2238608 0.4574595 -0.8673341 0.09051251 0.4894272 0.4562089 0.8781712 -0.1438361 -0.587295 0.2626794 -0.7655614 -0.518427 0.2626778 -0.8137776 -0.4654062 0.4996768 -0.7305615 -0.3999773 0.4996985 -0.7683227 -0.328037 0.7037982 -0.630127 -0.2718594 0.7037851 -0.6563376 -0.1942663 0.8615754 -0.4689868 -0.1526508 0.8615702 -0.4841433 -0.08154916 0.9625285 -0.2586283 -0.05869543 0.9625242 -0.2647678 -0.003639817 0.999859 -0.0163961 -0.002194881 0.9998585 -0.01668059 0.03114515 0.9711121 0.2365825 0.01040798 0.9711108 0.238402 0.02086234 0.8781802 0.477875 -0.02087008 0.8781867 0.4778625 -0.02994346 0.7273353 0.6856288 -0.08957886 0.727309 0.6804391 -0.1108127 0.5285073 0.8416654 -0.1837398 0.5285149 0.8288013 -0.2068101 0.2949572 0.9328611 -0.2873236 0.2949502 0.9112901 -0.5184264 0.2626738 -0.8137792 -0.4455513 0.2626841 -0.8558511 -0.399967 0.499646 -0.7683621 -0.3314952 0.4996755 -0.8002721 -0.2718577 0.7037944 -0.6563284 -0.2136237 0.7037768 -0.6775421 -0.1526548 0.8615546 -0.4841697 -0.1098783 0.8615599 -0.4956222 -0.0586993 0.9625267 -0.2647583 -0.03539896 0.9625238 -0.2688772 -0.002195239 0.9998587 -0.01667255 -7.3373e-4 0.9998582 -0.01683223 0.01041048 0.9711089 0.2384099 -0.01040858 0.9711077 0.2384147 -0.02086341 0.878165 0.4779028 -0.06243342 0.8781561 0.4742828 -0.08958292 0.7273256 0.6804208 -0.1485411 0.7272911 0.6700622 -0.1837348 0.5285003 0.8288119 -0.2552743 0.5284984 0.8096446 -0.287329 0.2949612 0.9112848 -0.365652 0.2949509 0.8827813 -0.4455251 0.2626909 -0.8558628 -0.3692256 0.2626934 -0.8914397 -0.3314803 0.4996574 -0.8002895 -0.2604832 0.4996652 -0.8261255 -0.2136303 0.7038192 -0.6774958 -0.1537559 0.7037945 -0.6935651 -0.1098683 0.8615614 -0.4956217 -0.06625711 0.8615719 -0.5032931 -0.03539264 0.9625283 -0.268862 -0.01183003 0.9625324 -0.2709087 -7.33721e-4 0.9998592 -0.01677101 7.33728e-4 0.9998586 -0.01680207 -0.01040995 0.9711148 0.2383855 -0.03114646 0.9711162 0.2365655 -0.06243658 0.8781701 0.4742562 -0.1035311 0.8781711 0.4670085 -0.1485463 0.7273094 0.6700412 -0.2063831 0.7272999 0.654554 -0.255278 0.5285502 0.8096098 -0.324861 0.5285418 0.7842889 -0.3656668 0.2949306 0.8827818 -0.4412088 0.2949247 0.8475579 -0.3692475 0.2627031 -0.8914277 -0.2901332 0.2627022 -0.9202229 -0.2604584 0.4996946 -0.8261155 -0.1874687 0.4997127 -0.8456611 -0.1537476 0.7038254 -0.6935356 -0.09272158 0.7038044 -0.7043168 -0.06626194 0.8615632 -0.5033074 -0.02214503 0.8615603 -0.507172 -0.01182848 0.9625315 -0.2709124 0.01183044 0.9625272 -0.2709269 7.33723e-4 0.9998589 -0.01678735 0.002195 0.9998585 -0.01668173 -0.03114521 0.9711123 0.2365819 -0.05165028 0.9711014 0.2330115 -0.1035321 0.8781845 0.4669831 -0.1438348 0.8781779 0.4561966 -0.206386 0.7272939 0.6545597 -0.2626458 0.7272906 0.6340864 -0.3248601 0.5285446 0.7842874 -0.3919776 0.5285331 0.7529982 -0.441214 0.2949232 0.8475556 -0.5133934 0.2949164 0.8058856 -0.2901511 0.2626796 -0.9202238 -0.2088481 0.2626848 -0.9420081 -0.1874867 0.4996374 -0.8457017 -0.1130741 0.4996576 -0.8588112 -0.09273213 0.7038157 -0.704304 -0.03098642 0.703805 -0.7097171 -0.02214133 0.8615515 -0.5071871 0.02214258 0.861549 -0.5071913 0.01182806 0.9625344 -0.2709019 0.03539705 0.9625214 -0.268886 0.002195119 0.9998592 -0.01663988 0.003639876 0.9998583 -0.01643973 -0.05165123 0.9711121 0.2329667 -0.07175713 0.9711014 0.2276248 -0.1438413 0.8781661 0.4562171 -0.1830586 0.8781715 0.4419324 -0.2626456 0.7272942 0.6340824 -0.3169024 0.7272936 0.6087832 -0.3919863 0.5285397 0.7529892 -0.4561257 0.528537 0.7159594 -0.5134034 0.2949499 0.805867 -0.5816641 0.2949471 0.758072 -0.5816859 0.2948743 0.7580837 -0.6455174 0.2949851 0.7044793 -0.6455141 0.2949678 0.7044896 -0.7044715 0.2949609 0.6455371 -0.208841 0.2626824 -0.9420104 -0.1259401 0.2626866 -0.9566269 -0.1130502 0.4997004 -0.8587894 -0.03778469 0.4997236 -0.8653605 -0.03098815 0.7037899 -0.709732 0.03098613 0.7037805 -0.7097414 0.02214378 0.8615619 -0.5071694 0.06625634 0.8615582 -0.5033166 0.03539437 0.9625254 -0.2688719 0.05869668 0.9625141 -0.2648042 0.003639876 0.9998593 -0.01638001 0.005056977 0.999858 -0.01607859 -0.07175517 0.9711126 0.2275779 -0.09131884 0.9711105 0.220466 -0.1830554 0.8781691 0.4419388 -0.2208686 0.878167 0.424311 -0.3169108 0.7273141 0.6087543 -0.3687533 0.7273005 0.5788394 -0.4561237 0.528536 0.7159615 -0.5167608 0.5285316 0.6735078 -0.5167815 0.5285199 0.6735011 -0.5734681 0.5285929 0.6258785 -0.573513 0.5285294 0.625891 -0.6258831 0.5285217 0.5735288 -0.7044706 0.2949573 0.6455397 -0.7580485 0.2949414 0.5816976 -0.1259471 0.2626377 -0.9566394 -0.04208654 0.2626334 -0.9639774 -0.0377826 0.4997026 -0.8653727 0.03778368 0.4997108 -0.865368 0.03098851 0.7038154 -0.7097068 0.09272623 0.7038001 -0.7043204 0.06626176 0.8615639 -0.5033062 0.1098756 0.8615801 -0.4955876 0.05869758 0.9625313 -0.2647417 0.08154892 0.9625312 -0.2586186 0.005057036 0.9998589 -0.01602238 0.006435692 0.9998586 -0.01553672 -0.09132224 0.9711162 0.2204399 -0.110188 0.9711032 0.2117009 -0.2208772 0.8781756 0.4242888 -0.2570137 0.878166 0.403446 -0.3687543 0.7273207 0.5788134 -0.4177803 0.727328 0.5444757 -0.4178009 0.7272571 0.5445544 -0.4636319 0.7273319 0.505998 -0.4636537 0.7272887 0.5060399 -0.5060145 0.7272993 0.4636648 -0.6258767 0.5285466 0.5735127 -0.6734823 0.5285481 0.516777 -0.7580729 0.2949551 0.5816588 -0.8058685 0.2949475 0.5134023 -0.04208123 0.2626895 -0.9639624 0.04208999 0.2626785 -0.963965 0.03778338 0.4997115 -0.8653675 0.1130696 0.4997168 -0.8587774 0.09272778 0.7038233 -0.7042971 0.1537462 0.7038001 -0.6935615 0.1098729 0.8615562 -0.4956298 0.1526558 0.8615639 -0.4841529 0.08154743 0.9625253 -0.2586414 0.1037787 0.9625284 -0.2505378 0.006435692 0.9998587 -0.01552718 0.007765591 0.9998584 -0.01493465 -0.1101851 0.971117 0.2116388 -0.1282124 0.9711053 0.2012861 -0.2570229 0.8781662 0.4034395 -0.2911835 0.8781744 0.3795024 -0.2912011 0.8781521 0.3795405 -0.3231378 0.8781796 0.3526795 -0.3231464 0.8781694 0.352697 -0.3526674 0.8781625 0.3231971 -0.5060159 0.727303 0.4636575 -0.5444878 0.7272913 0.4178284 -0.6734819 0.5285342 0.5167919 -0.7159669 0.5285378 0.4561131 -0.8058748 0.2949545 0.5133886 -0.8475497 0.2949558 0.4412038 0.04207748 0.2626427 -0.9639753 0.1259417 0.2626415 -0.956639 0.1130543 0.4996383 -0.858825 0.187485 0.4996667 -0.8456848 0.1537556 0.7038107 -0.6935487 0.2136263 0.7037982 -0.6775189 0.1526505 0.8615694 -0.4841448 0.1942681 0.8615783 -0.4689806 0.1037777 0.9625281 -0.2505392 0.1252177 0.9625243 -0.2405569 0.007765769 0.9998589 -0.01490044 0.009036242 0.9998583 -0.01421266 -0.1282164 0.9711124 0.2012493 -0.1452608 0.9711104 0.1893253 -0.1452601 0.9711055 0.1893504 -0.1611914 0.971115 0.175935 -0.1612066 0.9711109 0.1759431 -0.1759347 0.9711071 0.1612391 -0.3526727 0.8781815 0.3231397 -0.3794928 0.8781761 0.2911906 -0.5445032 0.727298 0.4177967 -0.5788456 0.7272889 0.3687666 -0.7159693 0.5285251 0.4561241 -0.7529923 0.5285284 0.3919955 -0.8475611 0.2949214 0.4412046 -0.8827828 0.2949234 0.3656703 0.1259445 0.2626817 -0.9566276 0.2088413 0.2626843 -0.9420097 0.1874755 0.4996955 -0.8456698 0.2604824 0.4997225 -0.8260911 0.2136265 0.7037937 -0.6775236 0.2718577 0.7037895 -0.6563336 0.1942621 0.8615685 -0.4690011 0.2344049 0.8615782 -0.4502637 0.1252181 0.9625257 -0.2405512 0.1457066 0.9625279 -0.2287133 0.009035944 0.9998589 -0.01416116 0.0102365 0.9998592 -0.01330339 0.01023799 0.9998582 -0.01337403 0.01136058 0.999859 -0.01237344 0.01136112 0.9998586 -0.01240682 0.01239931 0.9998584 -0.01138174 -0.1759416 0.9711115 0.1612047 -0.1893211 0.9711061 0.1452949 -0.3794952 0.8781763 0.2911872 -0.4034275 0.8781731 0.2570184 -0.5788406 0.7272977 0.3687571 -0.6087782 0.7272886 0.3169236 -0.7529913 0.5285373 0.3919854 -0.7843011 0.5285297 0.3248511 -0.8827764 0.2949608 0.3656557 -0.911284 0.2949609 0.2873317 0.2088435 0.2626793 -0.9420106 0.290139 0.2626757 -0.9202287 0.2604657 0.4996491 -0.8261408 0.3314865 0.4996643 -0.8002828 0.2718645 0.7038006 -0.6563189 0.3280296 0.7037889 -0.6301411 0.2343997 0.861566 -0.4502897 0.2727518 0.8615634 -0.4281531 0.1457076 0.9625306 -0.228701 0.1650655 0.9625294 -0.2151526 0.1650742 0.9625248 -0.2151663 0.1831824 0.962526 -0.1999697 0.2901455 0.2627084 -0.9202173 0.369243 0.2627011 -0.8914303 0.3314803 0.4996559 -0.8002905 0.3999735 0.4996638 -0.7683472 0.3280383 0.703797 -0.6301275 0.3816959 0.7037779 -0.5991702 0.272761 0.8615596 -0.4281548 0.3090025 0.8615638 -0.4027721 0.3090164 0.8615433 -0.4028054 0.3429166 0.8615768 -0.374291 0.1831917 0.9625276 -0.199954 0.1999359 0.9625222 -0.1832392 0.01239919 0.999859 -0.01133459 0.01334226 0.9998583 -0.01026761 -0.1893175 0.9711125 0.1452568 -0.2012615 0.9711098 0.1282174 -0.4034196 0.8781822 0.2569993 -0.4242891 0.878178 0.2208672 -0.6087719 0.7273072 0.3168929 -0.6340758 0.7273042 0.262634 -0.7843012 0.5285125 0.3248786 -0.8096374 0.5285112 0.2552713 -0.911289 0.2949568 0.2873204 -0.9328615 0.2949494 0.2068197 0.3692452 0.2627077 -0.8914274 0.4455518 0.2627061 -0.8558441 0.3999664 0.4996744 -0.7683438 0.4654222 0.4996898 -0.7305426 0.381701 0.703804 -0.5991364 0.4324095 0.7037984 -0.56364 0.4324211 0.7037804 -0.5636535 0.4455255 0.2626703 -0.8558689 0.5184275 0.262674 -0.8137785 0.4654069 0.4996743 -0.7305628 0.5272402 0.4996849 -0.6872648 0.5272673 0.4996327 -0.6872819 0.5184247 0.2626788 -0.8137787 0.5872951 0.262685 -0.7655594 0.5873064 0.2626537 -0.7655615 0.7113921 0.2626783 -0.6518601 0.6386356 0.4996511 -0.5852295 0.6386483 0.4996752 -0.585195 0.5237546 0.7038197 -0.4799156 0.5237501 0.7038077 -0.4799382 0.3742849 0.8615605 -0.3429641 0.6872135 0.4996654 -0.5273254 0.5636003 0.7038043 -0.4324516 0.5635815 0.7038064 -0.4324725 0.4027436 0.8615657 -0.3090344 0.4027485 0.8615564 -0.3090542 0.2151447 0.9625267 -0.1650915 0.5991408 0.703799 -0.3817033 0.4281499 0.8615626 -0.2727591 0.4281493 0.8615637 -0.2727566 0.2287157 0.9625253 -0.14572 0.2287133 0.9625301 -0.1456923 0.01418381 0.9998587 -0.009035468 0.4502908 0.8615654 -0.2344001 0.2405448 0.9625273 -0.1252174 0.2405402 0.962528 -0.1252208 0.01491761 0.9998587 -0.00775808 0.01491731 0.9998585 -0.007783472 -0.2116741 0.9711091 0.1101875 0.2505403 0.9625289 -0.1037685 0.01553738 0.9998586 -0.006434261 0.01553755 0.9998586 -0.006443679 -0.2204651 0.9711106 0.09132075 -0.2204679 0.9711096 0.09132409 -0.4419398 0.8781669 0.1830632 0.01603931 0.9998586 -0.005058526 -0.2275901 0.9711095 0.07175827 -0.2275832 0.9711112 0.07175624 -0.4561868 0.8781829 0.1438355 -0.4562156 0.8781673 0.1438385 -0.6545539 0.7273024 0.2063747 -0.2329835 0.9711084 0.05164456 -0.4670088 0.8781696 0.1035426 -0.4669914 0.8781816 0.1035196 -0.670042 0.7273096 0.1485414 -0.6700479 0.7273045 0.1485399 -0.828775 0.5285591 0.183732 -0.4742588 0.8781684 0.06244331 -0.6804484 0.7272994 0.08958661 -0.6804414 0.7273059 0.08958572 -0.8416432 0.5285429 0.1108115 -0.8416387 0.5285512 0.1108062 -0.9473506 0.2949107 0.1247181 -0.6856732 0.7272938 0.02993601 -0.8480991 0.5285422 0.03703171 -0.848104 0.5285345 0.03702574 -0.9546028 0.294952 0.04167681 -0.9546158 0.2949083 0.04168713 -0.9546031 0.2949498 -0.04168516 -0.9546186 0.2949002 -0.04167938 -0.848104 0.5285345 -0.03702932 -0.9473479 0.2949174 -0.1247234 0.8914354 0.2626855 0.3692414 0.8914364 0.26267 0.3692501 0.8002762 0.4996724 0.3314899 0.8002744 0.4996803 0.3314825 0.6563212 0.703804 0.2718499 0.6563169 0.7038018 0.2718663 0.2505393 0.9625286 0.103774 0.4690002 0.861568 0.1942663 0.4690052 0.8615652 0.1942669 0.01557928 -0.9998563 0.006691098 0.004019021 -0.07223957 -0.9973793 0 0.008451938 -0.9999643 0 0.00845164 -0.9999644 0 0.2629009 -0.9648229 0 0.7041484 -0.7100529 0 0.7041321 -0.710069 0 0.8783749 0.4779725 0 0.04208964 0.9991139 0 0.04208952 0.9991139 0 0.04208827 0.9991139 0 0.7276314 0.6859684 0 0.9711544 0.2384519 0 0.9711694 0.2383905 0.002304613 0.9998564 -0.01678919 -0.00391221 0.9856558 -0.1687228 0.001331984 0.9625939 -0.2709454 -7.9846e-4 0.9057275 -0.4238597 0.001907944 0.8617731 -0.5072905 -6.4865e-4 0.8164977 -0.5773484 0.001022696 0.7041305 -0.7100699 8.11264e-4 0.7008975 -0.7132616 -5.93677e-4 0.5588462 -0.8292711 0.001591444 0.5000279 -0.8660079 -5.0442e-5 0.428573 -0.9035072 5.98954e-5 0.3264924 -0.9451999 0.001614332 0.2629042 -0.9648206 2.14154e-4 0.2126647 -0.9771253 -1.73243e-4 0.0891211 -0.9960208 0.001487553 0.01255166 -0.9999202 0.002150356 -0.01252269 -0.9999193 -0.001077055 0.9958618 0.09087473 0.001932859 0.9711687 0.2383854 5.03028e-4 0.9650539 0.2620515 -4.14366e-4 0.9033513 0.4289013 0.002786695 0.8783649 0.4779826 -0.001537382 0.8116567 0.5841328 0.002873599 0.7276436 0.6859495 -9.80185e-4 0.6868925 0.7267585 0.001333534 0.5289033 0.848681 3.8458e-4 0.5205425 0.8538357 -1.89333e-4 0.365683 0.9307395 0.003820896 0.2952117 0.9554242 4.43973e-4 0.2462177 0.9692144 -3.79022e-4 0.1161475 0.9932319 0 -0.01883894 0.9998226 2.76981e-4 0.06990557 0.9975537 0 0.1097188 0.9939627 0 0.5289068 0.84868 0 0.7276149 0.6859858 0 0.9626008 -0.270924 0 0.2629002 -0.9648231 0 0.00845164 -0.9999644 0 0.2629086 -0.9648208 0 0.00845164 -0.9999644 0 0.00845164 -0.9999644 0 0.0084517 -0.9999643 0 0.008451342 -0.9999643 0 0.9626007 -0.2709244 0 0.9998592 -0.0167846 0 0.8617776 -0.5072863 0 0.861792 -0.507262 0 0.9998586 -0.01681703 0 0.9626005 -0.2709248 0 0.9625923 -0.270954 0 0.9998592 -0.0167846 0 0.9711618 0.2384216 0 0.8783606 0.4779987 0 0.8783602 0.4779996 0 0.9711545 0.2384514 0 0.8783745 0.4779731 0 0.7276145 0.6859863 0 0.5288913 0.8486897 0 0.8783609 0.4779981 0 0.04208552 0.9991141 0 0.5288926 0.8486888 0 0.1097186 0.9939628 0.04133528 0.00271058 0.9991418 0.04208821 0.002545416 0.9991108 0.2951762 0.0178588 0.9552759 0.2951945 0.01785939 0.9552703 0.5285907 0.03197926 0.8482742 0.5285961 0.03197562 0.8482712 0.7269307 0.04398155 0.6853009 0.7269291 0.04397767 0.6853029 0.8771439 0.05305796 0.4772878 0.8771227 0.0530554 0.4773269 0.9694797 0.05863976 0.2380555 0.9694896 0.05864614 0.2380139 0.9980333 0.06038129 -0.01684141 0.9980361 0.06035089 -0.01678776 0.9609668 0.0581181 -0.2704904 0.9609534 0.05814403 -0.2705329 0.860612 0.05206859 -0.5065926 0.8606341 0.05205273 -0.5065565 0.7035339 0.04254406 -0.7093871 0.7035139 0.04255789 -0.7094061 0.4997756 0.0302326 -0.8656272 0.4997952 0.03023338 -0.8656158 0.262869 0.01589888 -0.9647006 0.2628814 0.01589804 -0.9646973 0.008450508 5.11144e-4 -0.9999642 0.008303046 5.44056e-4 -0.9999654 0.008467197 0.001551091 -0.9999631 0.008035063 0.001599073 -0.9999665 0.008331477 0.002594888 -0.9999619 0.007672786 0.002604365 -0.9999672 0.008039474 0.003617823 -0.9999611 0.0072003 0.003552496 -0.9999678 0.007601261 0.004595518 -0.9999606 0.00663799 0.004437088 -0.9999681 0.007023394 0.005503356 -0.9999603 0.005981981 0.005250573 -0.9999684 0.006318628 0.006319582 -0.9999601 0.005248129 0.005987226 -0.9999684 0.005508244 0.007024645 -0.9999603 0.004433095 0.006640553 -0.9999682 0.004596471 0.007601737 -0.9999606 0.003553926 0.007203996 -0.9999678 0.00361818 0.008038699 -0.9999611 0.002603828 0.007672488 -0.9999672 0.002595424 0.008326947 -0.999962 0.001598358 0.008039653 -0.9999665 0.001551866 0.008463978 -0.999963 5.43902e-4 0.008300542 -0.9999654 5.1044e-4 0.008451461 -0.9999642 0.01590347 0.2628711 -0.9647 0.01590389 0.2628747 -0.9646989 0.04747253 0.2590574 -0.9646947 0.04746419 0.2590239 -0.964704 0.07834643 0.2514277 -0.9647001 0.07835006 0.2514299 -0.9646991 0.1080887 0.2401565 -0.9646978 0.1080857 0.2401505 -0.9646996 0.1362444 0.2253757 -0.9646986 0.1362279 0.225363 -0.9647039 0.1624074 0.2072976 -0.9647029 0.1624181 0.2073085 -0.9646988 0.1862159 0.1862159 -0.9647007 0.1862268 0.1862241 -0.964697 0.2073239 0.1624214 -0.9646949 0.2073059 0.1624182 -0.9646992 0.2253786 0.1362428 -0.9646981 0.2253787 0.1362495 -0.9646972 0.2401712 0.1080858 -0.9646944 0.2401453 0.1080846 -0.9647009 0.251425 0.07834666 -0.9647007 0.2514249 0.07834744 -0.9647007 0.2590334 0.04747432 -0.9647009 0.2590443 0.04746943 -0.9646983 0.03023791 0.499809 -0.8656078 0.03023445 0.4998062 -0.8656095 0.09025084 0.4925125 -0.8656132 0.09025692 0.4925205 -0.865608 0.1489707 0.478065 -0.8655989 0.1489616 0.4780478 -0.8656101 0.2055039 0.4565949 -0.865615 0.2054836 0.456575 -0.8656303 0.2590136 0.4284782 -0.8656318 0.2590634 0.4285284 -0.8655921 0.3088145 0.3941729 -0.8655989 0.3087831 0.3941366 -0.8656266 0.3540486 0.3540431 -0.8656231 0.3540689 0.3540582 -0.8656085 0.3941506 0.3087983 -0.8656148 0.3941533 0.3088057 -0.8656109 0.4285055 0.2590395 -0.8656105 0.4284888 0.2590394 -0.8656188 0.4565807 0.2054865 -0.8656266 0.4566038 0.2055021 -0.8656107 0.4780359 0.1489633 -0.8656163 0.47803 0.1489574 -0.8656206 0.4925033 0.09026187 -0.8656174 0.4925031 0.09024804 -0.8656189 0.04255837 0.7034997 -0.7094202 0.04254877 0.7034659 -0.7094542 0.1270439 0.6932482 -0.709413 0.127042 0.6932275 -0.7094336 0.2096658 0.6728619 -0.7094344 0.2096754 0.6728754 -0.7094188 0.2892552 0.6427162 -0.7093993 0.2892546 0.6427149 -0.7094007 0.3646215 0.6031292 -0.7094269 0.3646049 0.6031265 -0.7094377 0.4346355 0.5547944 -0.709433 0.434665 0.5548045 -0.709407 0.4983718 0.4983611 -0.7094095 0.4983409 0.4983409 -0.7094454 0.5547794 0.4346524 -0.7094344 0.5547877 0.4346411 -0.7094349 0.6031292 0.3646043 -0.7094357 0.6031438 0.364618 -0.7094162 0.6427024 0.2892566 -0.7094112 0.6427114 0.289258 -0.7094026 0.6728823 0.2096721 -0.7094132 0.6728997 0.2096889 -0.7093917 0.6932644 0.1270478 -0.7093965 0.6932559 0.1270443 -0.7094054 0.05205541 0.8606304 -0.5065627 0.05206674 0.8606193 -0.5065803 0.1554218 0.8480833 -0.5065558 0.1554129 0.8480862 -0.5065539 0.2565022 0.8231449 -0.5065957 0.2565006 0.8231385 -0.5066069 0.3538403 0.786226 -0.5066022 0.353879 0.786262 -0.5065193 0.4460601 0.7378744 -0.5065293 0.4460369 0.7378517 -0.5065826 0.5317325 0.6787042 -0.5065779 0.5317389 0.6787111 -0.5065619 0.6096746 0.6096799 -0.5065444 0.6096776 0.6096776 -0.5065437 0.6787314 0.5317456 -0.5065278 0.6786985 0.5317371 -0.5065807 0.7378564 0.4460486 -0.5065656 0.7378679 0.4460442 -0.5065526 0.7862588 0.3538624 -0.5065361 0.7862442 0.3538562 -0.5065628 0.8231569 0.2565131 -0.5065705 0.8231414 0.2565017 -0.5066015 0.8480553 0.1554225 -0.5066027 0.8480852 0.1553996 -0.5065595 0.05813884 0.9609702 -0.2704741 0.05813258 0.9609535 -0.270535 0.1735284 0.946949 -0.2705098 0.1735215 0.9469432 -0.2705348 0.2864139 0.9191257 -0.2705088 0.2864158 0.9191268 -0.2705028 0.3951138 0.8778961 -0.2705249 0.3950996 0.8778883 -0.2705709 0.498035 0.8238655 -0.2705675 0.4980548 0.8238701 -0.2705172 0.5937303 0.7578318 -0.2705096 0.5937202 0.7578304 -0.2705358 0.6807343 0.6807394 -0.2705453 0.6807362 0.6807413 -0.2705358 0.7578279 0.593717 -0.2705494 0.7578504 0.5937294 -0.2704596 0.823888 0.4980506 -0.2704704 0.8238563 0.498045 -0.2705771 0.8778815 0.3951119 -0.2705749 0.8779 0.3951047 -0.2705252 0.9191203 0.2864215 -0.270519 0.9191277 0.2864107 -0.2705058 0.9469519 0.1735216 -0.2705041 0.9469421 0.1735292 -0.2705338 0.06037658 0.9980352 -0.01674848 0.06035786 0.9980344 -0.01686179 0.1802178 0.9834821 -0.01687031 0.1802317 0.9834811 -0.01678061 0.2974616 0.9545869 -0.01674854 0.2974628 0.9545853 -0.01682102 0.4103551 0.9117712 -0.01678895 0.4103657 0.9117676 -0.0167399 0.5172688 0.85566 -0.01670747 0.5172548 0.8556662 -0.01682126 0.616632 0.7870729 -0.01676875 0.6166313 0.7870733 -0.01678043 0.7070071 0.7070071 -0.01678907 0.7070044 0.7070095 -0.01680082 0.7870817 0.6166192 -0.01682972 0.7870702 0.6166329 -0.01686197 0.8556531 0.5172764 -0.0168299 0.8556619 0.5172623 -0.01680082 0.9117729 0.410351 -0.01679909 0.9117763 0.4103454 -0.01675999 0.9545853 0.2974652 -0.01677882 0.9545871 0.2974576 -0.01681107 0.9834794 0.1802379 -0.0168094 0.9834817 0.1802274 -0.01679062 0.05863243 0.9694916 0.2380092 0.05864685 0.9694808 0.2380493 0.1750734 0.9553343 0.2380876 0.1750702 0.9553439 0.2380512 0.2889511 0.9272769 0.2380437 0.2889435 0.927288 0.2380097 0.3986319 0.8856881 0.2380111 0.3986223 0.8856929 0.2380092 0.5024597 0.8311904 0.238027 0.5024738 0.8311915 0.2379932 0.5989927 0.7645595 0.2380267 0.5990005 0.7645584 0.2380103 0.6867812 0.6867862 0.2380259 0.6867716 0.686787 0.2380511 0.7645559 0.5989888 0.2380476 0.7645564 0.5989795 0.2380696 0.8311848 0.5024594 0.2380473 0.8311679 0.5024774 0.2380685 0.8856908 0.398594 0.2380647 0.8856993 0.3986167 0.2379945 0.927283 0.2889682 0.2379996 0.9272673 0.2889392 0.2380954 0.9553358 0.1750703 0.2380842 0.9553521 0.1750842 0.2380084 0.05306106 0.8771274 0.4773175 0.05305504 0.877133 0.477308 0.1583992 0.864353 0.4772878 0.1583961 0.8643363 0.477319 0.2614172 0.8389484 0.4773119 0.2614178 0.8389335 0.477338 0.3606506 0.8013141 0.4773123 0.3606367 0.801312 0.4773264 0.4545996 0.7520048 0.4773135 0.4546052 0.7520148 0.4772922 0.541938 0.6917209 0.4773107 0.5419431 0.6917268 0.4772964 0.6213492 0.6213543 0.4773303 0.6213612 0.6213768 0.4772854 0.6917371 0.5419287 0.4772978 0.6917388 0.5419299 0.4772939 0.7520095 0.4546101 0.477296 0.7519966 0.4545932 0.4773322 0.8013216 0.3606552 0.4772962 0.8013129 0.3606392 0.4773228 0.8389549 0.2614138 0.4773024 0.8389573 0.2614388 0.4772846 0.8643535 0.1584042 0.4772852 0.8643335 0.1583933 0.477325 0.04396712 0.7269048 0.6853294 0.04396331 0.7269421 0.68529 0.1312769 0.7163572 0.6852728 0.1312798 0.7163414 0.6852887 0.2166614 0.6952978 0.6852874 0.2166596 0.6952946 0.6852912 0.2988917 0.6641113 0.6852883 0.2988935 0.6641002 0.6852982 0.3767516 0.6232268 0.6853078 0.3767498 0.6232208 0.6853141 0.4491221 0.5732614 0.685318 0.4491343 0.5732914 0.685285 0.5149686 0.5149686 0.6852845 0.5149487 0.5149487 0.6853142 0.5732703 0.4491041 0.6853224 0.5732687 0.4491332 0.6853046 0.6232394 0.3767603 0.6852915 0.6232234 0.3767508 0.6853111 0.6640918 0.2988856 0.6853098 0.6640967 0.2988975 0.6852999 0.6952939 0.2166537 0.6852939 0.6952821 0.2166547 0.6853055 0.7163292 0.1312691 0.6853036 0.7163313 0.1312733 0.6853007 0.03196817 0.5286328 0.8482484 0.03197646 0.5285673 0.8482891 0.09546208 0.5208938 0.8482669 0.09545236 0.5208842 0.8482738 0.157547 0.5055899 0.8482676 0.1575464 0.505575 0.8482765 0.2173368 0.4828951 0.8482789 0.2173388 0.4829181 0.8482653 0.273973 0.4532102 0.8482567 0.2739598 0.4531759 0.8482793 0.3265875 0.4168603 0.8482736 0.3265866 0.416871 0.8482688 0.3744601 0.3744547 0.8482708 0.3744667 0.3744722 0.8482602 0.4168779 0.3266085 0.8482569 0.4168624 0.3265854 0.8482733 0.4531977 0.2739649 0.848266 0.4532152 0.2739693 0.8482552 0.4829199 0.2173512 0.8482612 0.482931 0.2173501 0.848255 0.5055991 0.1575492 0.8482617 0.5055812 0.1575391 0.8482743 0.520883 0.09545218 0.8482746 0.5208928 0.09545707 0.848268 0.01785534 0.2951679 0.9552785 0.01785206 0.2952011 0.9552683 0.05330693 0.290889 0.9552706 0.05330592 0.290882 0.9552728 0.08798211 0.2823329 0.9552735 0.08797812 0.2823312 0.9552743 0.1213718 0.2696806 0.9552703 0.1213606 0.269652 0.9552798 0.1529887 0.2530612 0.9552772 0.152984 0.2530697 0.9552757 0.1823749 0.232789 0.9552742 0.1823668 0.2327758 0.9552789 0.2090979 0.2090924 0.9552793 0.2090889 0.2090973 0.9552802 0.2327841 0.182371 0.9552761 0.232778 0.1823723 0.9552773 0.2530612 0.1529813 0.9552783 0.2530644 0.1529842 0.9552771 0.2696555 0.1213657 0.9552782 0.2696462 0.121358 0.9552817 0.2823145 0.08796542 0.9552804 0.2823345 0.08798706 0.9552724 0.2908886 0.05330467 0.955271 0.2908816 0.05330407 0.955273 0.002543926 0.04208767 0.9991107 0.002710282 0.04133266 0.9991418 0.007724225 0.04215228 0.9990814 0.007961273 0.04003095 0.9991667 0.01292353 0.04147267 0.9990561 0.01296889 0.03819817 0.999186 0.01801556 0.0400362 0.9990359 0.01768863 0.03586739 0.9992001 0.0228855 0.03786194 0.9990209 0.02209043 0.03306156 0.9992092 0.02740788 0.03498828 0.9990119 0.02614825 0.02980983 0.9992136 0.03147387 0.03147912 0.9990088 0.0298137 0.02614152 0.9992136 0.03498631 0.02741128 0.9990119 0.03306889 0.0220915 0.9992089 0.03785908 0.022888 0.9990209 0.03587532 0.01768893 0.9991997 0.04003149 0.01801943 0.999036 0.03820353 0.01296734 0.9991859 0.0414654 0.01292276 0.9990564 0.04002994 0.007962346 0.9991669 0.04214704 0.007724344 0.9990816 0.04207932 0 0.9991143 0.04208713 0 0.999114 0.528861 0 0.8487085 0.5288664 0 0.8487051 0.7276349 0 0.6859647 0.7276313 0 0.6859685 0.8783807 0 0.4779618 0.8783807 0 0.4779617 0.9711503 0 0.2384681 0.9711513 0 0.2384645 0.9998577 0 -0.01687216 0.9998577 0 -0.01687216 0.9625941 0 -0.2709478 0.9625943 0 -0.2709469 0.86178 0 -0.5072823 0.8617783 0 -0.5072854 0.7041735 0 -0.7100281 0.704173 0 -0.7100285 0.5000053 0 -0.8660225 0.500008 0 -0.8660209 0.2629032 0 -0.9648222 0.2629069 0 -0.9648212 0.00845474 0 -0.9999643 0.2952323 0 0.9554256 0.5288614 0 0.8487082 0.5288667 0 0.848705 0.727635 0 0.6859645 0.878381 0 0.4779613 0.9711504 0 0.2384679 0.9711509 0 0.2384663 0.9998577 0 -0.01687216 0.9998577 0 -0.01687216 0.9625948 0 -0.2709455 0.9625946 0 -0.2709457 0.8617803 0 -0.5072819 0.861778 0 -0.5072857 0.7041749 0 -0.7100266 0.5000054 0 -0.8660223 0.008445858 0 -0.9999644 0.008446931 0 -0.9999644 0.008450865 0 -0.9999643 0.262907 0 -0.9648212 0.2629031 0 -0.9648223 0.5000075 0 -0.866021 0.500005 0 -0.8660226 0.861779 0 -0.5072839 0.962595 0 -0.2709447 0.9998577 0 -0.01687216 0.9711512 0 0.2384645 0.9711504 0 0.2384681 0.04209291 0 0.9991138 0.04211843 0 0.9991127 0.04210275 0 0.9991133 0.7276316 0 0.6859682 0.2952249 0 0.9554279 0.5288667 0 0.848705 0.727635 0 0.6859645 0.9711509 0 0.2384661 0.9998577 0 -0.01687216 0.2952389 0 0.9554235 0.2952247 0 0.9554278 0.2952393 0 0.9554234 0.2952321 0 0.9554256 0.5288611 0 0.8487085 0.5288666 0 0.8487051 0.727635 0 0.6859646 0.04206371 0 0.9991149 0.2952253 0 0.9554278 0.727631 0 0.6859689 0.8783807 0 0.4779619 0.8783808 0 0.4779616 0.9711508 0 0.2384664 0.9998577 0 -0.01687216 0.9625941 0 -0.2709477 0.962595 0 -0.2709447 0.861779 0 -0.5072841 0.7041755 0 -0.7100261 0.5000025 0 -0.866024 0.008462607 0 -0.9999642 0.5288608 0 0.8487086 0.2952392 0 0.9554235 0.5288609 0 0.8487085 0.5288673 0 0.8487045 0.7276355 0 0.685964 0.5288665 0 0.8487051 0.7276313 0 0.6859684 0.727635 0 0.6859646 0.7276314 0 0.6859684 0.7276312 0 0.6859686 0.8783805 0 0.4779621 0.704173 0 -0.7100284 0.7041727 0 -0.7100288 0.5000051 0 -0.8660225 0.5000084 0 -0.8660207 0.2629036 0 -0.9648221 0.2629068 0 -0.9648213 0.008446931 0 -0.9999644 0.8783807 0 0.4779616 0.7276317 0 0.6859681 0.8783811 0 0.4779611 0.8783791 0 0.4779646 0.861779 0 -0.5072842 0.9711504 0 0.2384681 0.9711512 0 0.2384645 0.9711509 0 0.238466 0.9711508 0 0.2384666 0.9998577 0 -0.01687216 0.9625941 0 -0.2709478 0.962595 0 -0.2709447 0.8617791 0 -0.5072839 0.5000078 0 -0.8660209 0.2629072 0 -0.9648212 0.008462607 0 -0.9999642 0.9625946 0 -0.2709459 0.9625946 0 -0.270946 0.8617788 0 -0.5072844 0.7041748 0 -0.7100266 0.7041726 0 -0.7100289 0.5000049 0 -0.8660226 0.9625948 0 -0.2709454 0.9625942 0 -0.2709475 0.962595 0 -0.2709446 0.86178 0 -0.5072824 0.500005 0 -0.8660225 0.5000081 0 -0.8660209 0.2629069 0 -0.9648213 0.008431255 0 -0.9999645 0.8617803 0 -0.5072817 0.7041732 0 -0.7100283 0.008458673 0 -0.9999643 0.7041729 0 -0.7100287 0.2629103 0 -0.9648203 0.500005 0 -0.8660226 0.2629033 0 -0.9648222 0.008493959 0 -0.9999639 0.2629034 0 -0.9648222 0.008439064 0 -0.9999644 0.2629069 0 -0.9648212 0.002708673 -0.04133349 0.9991418 0.002545356 -0.04208767 0.9991107 0.01785475 -0.295182 0.9552742 0.0178582 -0.2951865 0.9552728 0.03197711 -0.5286006 0.8482682 0.03197574 -0.5286097 0.8482626 0.04397034 -0.7269044 0.6853296 0.04396611 -0.7269207 0.6853126 0.05305236 -0.8771483 0.4772803 0.05304491 -0.8771305 0.4773136 0.05863016 -0.9694812 0.2380519 0.05864912 -0.9694913 0.2380067 0.0603758 -0.9980333 -0.01686197 0.06036293 -0.998036 -0.01674836 0.05812144 -0.9609746 -0.2704623 0.05812454 -0.9609504 -0.2705479 0.05205738 -0.8606349 -0.5065545 0.05205416 -0.8606149 -0.5065891 0.04255038 -0.7034815 -0.7094388 0.04254865 -0.7035268 -0.7093939 0.03022682 -0.4998024 -0.865612 0.03023099 -0.4998131 -0.8656055 0.0158987 -0.2628636 -0.9647021 0.01590025 -0.2628884 -0.9646953 5.11847e-4 -0.008451282 -0.9999642 5.42927e-4 -0.0083009 -0.9999654 0.001551985 -0.008464515 -0.999963 0.001598298 -0.008039474 -0.9999665 0.002595186 -0.008326947 -0.999962 0.002603709 -0.007672131 -0.9999672 0.003619492 -0.008038401 -0.9999611 0.003551363 -0.007203996 -0.9999678 0.004596352 -0.007601559 -0.9999606 0.004435658 -0.006640553 -0.9999682 0.005506694 -0.007024645 -0.9999603 0.005248367 -0.005987465 -0.9999684 0.006319701 -0.00631988 -0.9999601 0.005981981 -0.005250573 -0.9999684 0.007023334 -0.005503296 -0.9999602 0.006637752 -0.00443691 -0.9999682 0.007601678 -0.004595339 -0.9999606 0.0072003 -0.003552496 -0.9999678 0.008039534 -0.003617823 -0.9999611 0.007672786 -0.002604365 -0.9999672 0.008324503 -0.002594888 -0.999962 0.008040428 -0.001599073 -0.9999664 0.008465111 -0.001551091 -0.999963 0.008297681 -5.44053e-4 -0.9999655 0.008456289 -5.11152e-4 -0.9999642 0.262874 -0.01589798 -0.9646992 0.2628719 -0.01589941 -0.9646998 0.2590429 -0.04747503 -0.9646984 0.2590429 -0.04746919 -0.9646987 0.2514221 -0.0783475 -0.9647014 0.25143 -0.07834732 -0.9646993 0.240154 -0.1080806 -0.9646993 0.2401581 -0.1080904 -0.9646973 0.225386 -0.1362472 -0.9646958 0.2253844 -0.1362463 -0.9646964 0.2073139 -0.162418 -0.9646975 0.2073102 -0.1624217 -0.9646977 0.1862268 -0.186224 -0.964697 0.1862229 -0.1862201 -0.9646984 0.1624188 -0.2073185 -0.9646964 0.1624079 -0.2072926 -0.9647038 0.1362383 -0.2253608 -0.9647029 0.1362421 -0.225382 -0.9646974 0.1080892 -0.2401671 -0.964695 0.1080811 -0.2401403 -0.9647026 0.07835495 -0.2514356 -0.9646973 0.07834738 -0.2514274 -0.9646999 0.04747051 -0.2590346 -0.9647008 0.04747259 -0.2590513 -0.9646963 0.4997776 -0.03022748 -0.8656263 0.4997912 -0.03023922 -0.865618 0.4925073 -0.09025162 -0.8656162 0.492498 -0.09025782 -0.8656208 0.4780333 -0.1489608 -0.8656182 0.4780347 -0.1489605 -0.8656175 0.4566079 -0.2055073 -0.8656074 0.4565837 -0.2054848 -0.8656254 0.4284779 -0.2590162 -0.8656312 0.4285241 -0.259064 -0.8655941 0.3941676 -0.3088202 -0.8655993 0.3941332 -0.3087816 -0.8656287 0.3540469 -0.3540387 -0.8656256 0.3540415 -0.3540442 -0.8656254 0.3088026 -0.3941451 -0.8656159 0.3087872 -0.3941405 -0.8656234 0.2590383 -0.4285189 -0.8656043 0.2590247 -0.4284821 -0.8656266 0.2055005 -0.4565818 -0.8656226 0.2054945 -0.4566046 -0.8656122 0.1489676 -0.4780518 -0.8656068 0.1489676 -0.4780424 -0.865612 0.09025275 -0.4924883 -0.8656269 0.09025853 -0.4925348 -0.8655998 0.7035348 -0.04254913 -0.7093859 0.7035115 -0.04255318 -0.7094089 0.6932507 -0.1270453 -0.7094103 0.6932611 -0.1270452 -0.7094002 0.672894 -0.2096848 -0.7093985 0.6728792 -0.2096704 -0.7094167 0.6426993 -0.2892577 -0.7094137 0.6426892 -0.2892504 -0.7094257 0.6031326 -0.3646203 -0.7094246 0.6031237 -0.3645954 -0.7094449 0.5547894 -0.4346412 -0.7094335 0.5548016 -0.4346624 -0.7094109 0.4983597 -0.4983651 -0.7094151 0.4983596 -0.4983544 -0.7094228 0.4346643 -0.5547999 -0.7094111 0.4346604 -0.5548124 -0.7094038 0.364613 -0.6031481 -0.7094151 0.364618 -0.6031377 -0.7094214 0.2892498 -0.6427097 -0.7094075 0.2892494 -0.6426923 -0.7094233 0.2096779 -0.6728602 -0.7094325 0.2096797 -0.6728852 -0.7094082 0.1270403 -0.6932485 -0.7094133 0.1270432 -0.6932483 -0.7094131 0.8606105 -0.05205094 -0.5065969 0.8606353 -0.05207091 -0.5065525 0.8480858 -0.1554176 -0.5065531 0.8480618 -0.1554056 -0.5065969 0.8231457 -0.2564975 -0.5065969 0.8231633 -0.2565205 -0.5065565 0.7862462 -0.3538567 -0.5065593 0.7862729 -0.353869 -0.5065094 0.7378789 -0.4460686 -0.5065152 0.7378526 -0.4460349 -0.5065832 0.6787204 -0.5317475 -0.5065405 0.6787106 -0.5317242 -0.5065782 0.6096677 -0.6096781 -0.5065551 0.6096781 -0.6096832 -0.5065364 0.5317419 -0.6787195 -0.5065476 0.5317353 -0.6787031 -0.5065765 0.4460507 -0.7378588 -0.5065603 0.4460519 -0.7378552 -0.5065644 0.3538512 -0.7862415 -0.5065705 0.3538545 -0.7862417 -0.5065678 0.2565076 -0.8231624 -0.5065647 0.2565095 -0.8231549 -0.5065758 0.15542 -0.8480809 -0.5065606 0.1554126 -0.8480527 -0.5066099 0.9609664 -0.05813544 -0.2704882 0.9609528 -0.05812716 -0.2705385 0.9469421 -0.1735208 -0.2705388 0.9469451 -0.1735288 -0.270523 0.9191238 -0.2864108 -0.2705185 0.9191193 -0.2864246 -0.2705195 0.8778948 -0.3951156 -0.2705261 0.8778868 -0.395101 -0.2705736 0.8238693 -0.4980291 -0.270567 0.8238753 -0.4980574 -0.2704969 0.7578341 -0.59372 -0.2705255 0.75784 -0.5937231 -0.2705022 0.6807288 -0.6807596 -0.2705081 0.6807408 -0.6807358 -0.2705377 0.5937273 -0.757835 -0.2705071 0.5937231 -0.7578271 -0.2705383 0.4980502 -0.8238694 -0.2705277 0.4980548 -0.8238701 -0.2705172 0.395103 -0.8779005 -0.2705262 0.395104 -0.877898 -0.2705332 0.2864175 -0.9191247 -0.2705085 0.286413 -0.9191056 -0.2705781 0.1735346 -0.9469371 -0.2705476 0.1735352 -0.9469623 -0.2704588 0.9980352 -0.06035047 -0.01684111 0.9980342 -0.06038135 -0.01678687 0.9834818 -0.1802281 -0.01677888 0.9834795 -0.180239 -0.01679587 0.9545865 -0.2974601 -0.01679944 0.9545856 -0.2974641 -0.01678031 0.9117695 -0.4103597 -0.01677864 0.911776 -0.4103443 -0.01680105 0.8556579 -0.5172701 -0.01676857 0.8556617 -0.5172622 -0.0168212 0.7870764 -0.6166271 -0.01678919 0.7870708 -0.6166334 -0.0168212 0.7070092 -0.7070041 -0.01682978 0.7070047 -0.7070098 -0.01678043 0.6166316 -0.7870725 -0.01680946 0.6166329 -0.7870721 -0.01678043 0.5172683 -0.8556591 -0.01676863 0.5172605 -0.8556631 -0.01680082 0.4103513 -0.911773 -0.01678884 0.4103586 -0.9117699 -0.01678091 0.2974662 -0.9545855 -0.01674854 0.2974629 -0.9545859 -0.01678031 0.1802265 -0.9834812 -0.01682955 0.1802304 -0.9834813 -0.01678061 0.9694795 -0.05864554 0.2380552 0.9694886 -0.05864155 0.2380191 0.9553522 -0.175065 0.238022 0.9553365 -0.1750888 0.2380674 0.9272721 -0.2889499 0.2380642 0.9272799 -0.2889598 0.2380218 0.8856971 -0.398606 0.238021 0.8856865 -0.3986064 0.2380601 0.8311765 -0.5024645 0.2380653 0.831189 -0.5024706 0.2380086 0.764558 -0.5989865 0.2380467 0.7645634 -0.598993 0.2380135 0.6867812 -0.6867862 0.2380259 0.6867892 -0.6867841 0.2380091 0.5990064 -0.7645602 0.2379894 0.598986 -0.7645697 0.2380106 0.5024697 -0.8311841 0.2380281 0.5024684 -0.8311845 0.2380293 0.3986136 -0.8856914 0.2380296 0.3986156 -0.8856848 0.2380508 0.2889527 -0.9272863 0.2380054 0.2889413 -0.927269 0.2380868 0.1750745 -0.9553437 0.2380492 0.1750906 -0.9553501 0.2380118 0.877144 -0.05305731 0.4772876 0.8771233 -0.05305767 0.4773255 0.8643301 -0.1584073 0.4773266 0.8643561 -0.1583842 0.4772871 0.8389564 -0.2614293 0.4772914 0.8389465 -0.2614299 0.4773082 0.8013246 -0.3606463 0.4772979 0.8013157 -0.3606486 0.4773109 0.7520064 -0.4545918 0.4773183 0.7520088 -0.4546047 0.4773021 0.6917252 -0.5419417 0.4773002 0.6917415 -0.5419338 0.4772857 0.6213676 -0.6213625 0.4772955 0.6213645 -0.6213645 0.4772968 0.54192 -0.6917209 0.4773312 0.5419448 -0.6917356 0.4772817 0.454606 -0.7520112 0.4772971 0.4545921 -0.7520017 0.4773256 0.3606456 -0.8013275 0.4772936 0.3606478 -0.8013147 0.4773134 0.2614234 -0.8389558 0.4772955 0.2614307 -0.8389751 0.4772576 0.1584141 -0.8643707 0.4772508 0.1584089 -0.8643321 0.4773224 0.7269307 -0.04397839 0.6853012 0.7269321 -0.04398167 0.6852995 0.7163345 -0.1312682 0.6852983 0.7163234 -0.1312738 0.6853087 0.6952821 -0.2166621 0.6853032 0.6953021 -0.2166454 0.6852881 0.6641084 -0.298893 0.6852905 0.6640859 -0.2988975 0.6853103 0.623228 -0.3767471 0.6853091 0.6232144 -0.3767454 0.6853225 0.5732606 -0.4491151 0.6853232 0.5732738 -0.4491141 0.6853129 0.5149487 -0.514959 0.6853066 0.5149502 -0.5149449 0.6853162 0.4491308 -0.5732791 0.6852975 0.4491057 -0.5732482 0.6853398 0.3767364 -0.6232102 0.6853312 0.3767833 -0.6232541 0.6852656 0.2988898 -0.6641013 0.6852988 0.2988882 -0.664112 0.6852892 0.2166586 -0.6952827 0.6853036 0.2166498 -0.6952694 0.6853199 0.1312842 -0.7163357 0.6852939 0.1312734 -0.7162995 0.6853337 0.5285954 -0.03197556 0.8482715 0.5285947 -0.03197914 0.8482718 0.5208823 -0.09545397 0.8482749 0.5208873 -0.09545803 0.8482713 0.5055798 -0.1575468 0.8482736 0.5055951 -0.1575363 0.8482665 0.4829096 -0.2173513 0.848267 0.4829223 -0.2173486 0.8482604 0.453206 -0.2739698 0.8482601 0.4532026 -0.2739617 0.8482645 0.4168792 -0.3266012 0.8482592 0.4168657 -0.3265923 0.8482692 0.3744593 -0.3744593 0.8482691 0.3744488 -0.3744543 0.848276 0.3265915 -0.4168639 0.8482702 0.3265971 -0.4168649 0.8482676 0.2739747 -0.4532052 0.8482587 0.2739579 -0.4531809 0.8482772 0.2173247 -0.4828913 0.8482842 0.2173486 -0.4829223 0.8482604 0.1575459 -0.5055939 0.8482654 0.1575434 -0.5055904 0.8482679 0.0954594 -0.5208883 0.8482705 0.0954585 -0.5208897 0.8482698 0.2951868 -0.01785892 0.9552727 0.2951846 -0.01785933 0.9552733 0.2908805 -0.05330419 0.9552735 0.2908847 -0.05330467 0.9552721 0.2823393 -0.08797758 0.9552719 0.2823124 -0.08797562 0.9552801 0.2696619 -0.1213662 0.9552763 0.2696444 -0.1213623 0.9552817 0.253064 -0.1529802 0.9552778 0.2530614 -0.1529818 0.9552783 0.2327817 -0.1823691 0.955277 0.2327783 -0.1823681 0.955278 0.2091017 -0.2091017 0.9552764 0.2090989 -0.2090989 0.9552776 0.182371 -0.2327841 0.9552761 0.1823719 -0.232786 0.9552755 0.1529878 -0.2530692 0.9552752 0.1529868 -0.2530669 0.955276 0.1213654 -0.2696663 0.9552752 0.1213657 -0.2696669 0.9552749 0.08797395 -0.2823221 0.9552775 0.08797985 -0.2823426 0.9552708 0.05330687 -0.2908805 0.9552732 0.05330473 -0.2908784 0.9552741 0.04208302 -0.002545475 0.9991109 0.04133611 -0.00271064 0.9991416 0.04214948 -0.007724344 0.9990816 0.04003471 -0.007962286 0.9991666 0.04146677 -0.0129227 0.9990564 0.03819841 -0.01296734 0.999186 0.04003167 -0.01801955 0.9990359 0.03587496 -0.01768875 0.9991998 0.03785896 -0.02288931 0.999021 0.03306519 -0.0220924 0.9992091 0.03498357 -0.02741146 0.999012 0.0298137 -0.02614152 0.9992136 0.03147774 -0.03147703 0.9990088 0.02614772 -0.02980923 0.9992136 0.02740806 -0.03498661 0.999012 0.02209341 -0.03306221 0.9992091 0.02288436 -0.03785884 0.9990211 0.01768791 -0.03586596 0.9992001 0.01801586 -0.04003524 0.9990359 0.01296889 -0.03819817 0.999186 0.01292389 -0.04147255 0.9990561 0.007962405 -0.04003012 0.9991668 0.007725238 -0.04215389 0.9990813 -1.68485e-4 -0.08892828 -0.9960381 0.001487374 -0.01254457 -0.9999203 0.002151072 0.01252299 -0.9999193 0 0.07274687 -0.9973505 2.08561e-4 -0.02942991 -0.9995669 0 -0.05597722 -0.9984321 0 -0.2629091 -0.9648207 0 -0.2629083 -0.9648208 0 -0.5000305 -0.8660079 0 -0.5000452 -0.8659994 0 -0.7041327 -0.7100685 0.001045048 -0.7041535 -0.710047 -6.66395e-4 -0.8162509 -0.5776975 0.001907706 -0.8617889 -0.5072637 -8.08789e-4 -0.9059355 -0.4234151 0.00134921 -0.9625936 -0.2709461 -0.003898859 -0.9857441 -0.1682069 0.002304792 -0.9998553 -0.01686155 -0.003504812 -0.9858397 0.1676539 0.00153917 -0.9711462 0.2384803 -9.47922e-4 -0.9158341 0.4015558 0.002939879 -0.8783827 0.477949 -0.001360118 -0.8293297 0.558758 0.002184569 -0.7276324 0.6859639 -1.22713e-4 -0.7068179 0.7073956 1.50688e-4 -0.5385795 0.8425748 0.001348435 -0.528865 0.848705 -5.87938e-4 -0.3810015 0.9245743 0.003664076 -0.2952305 0.9554191 8.79534e-4 -0.2585561 0.9659959 -6.52656e-4 -0.1239039 0.992294 0 -0.1123737 0.9936661 0.002066612 0.01622986 0.9998662 0 -0.04208815 0.9991139 0 -0.04208695 0.999114 0 -0.2952246 0.955428 0 -0.2952237 0.9554283 0 -0.5288771 0.8486984 0 -0.5288633 0.848707 0 -0.7276309 0.6859689 0 -0.7276147 0.6859861 0 -0.8783881 0.4779483 0 -0.8784011 0.4779241 0 -0.9711393 0.2385132 0 -0.9711471 0.2384818 0 -0.9998576 -0.01688176 0 -0.9998581 -0.01684939 0 -0.9625923 -0.2709546 0 -0.9625923 -0.270954 0 -0.8617784 -0.5072849 0 -0.7041489 -0.7100524 0 -0.5000457 -0.8659992 0 -0.5000308 -0.8660076 0 -0.2629011 -0.9648228 0 -0.2629088 -0.9648207 0 -0.00845164 -0.9999644 0 -0.00845164 -0.9999644 0 -0.5000312 -0.8660075 0 -0.5000449 -0.8659996 0 -0.7041479 -0.7100534 0 -0.8617782 -0.5072854 0 -0.8617776 -0.5072863 0 -0.9625921 -0.2709551 0 -0.9625922 -0.2709544 0 -0.9998581 -0.01684933 0 -0.9711469 0.2384822 0 -0.8783885 0.4779475 0 -0.878374 0.4779742 0 -0.7276142 0.6859865 0 -0.5288779 0.848698 0 -0.2952241 0.955428 0 -0.04209095 0.9991138 0 -0.72763 0.6859699 0 -0.5288626 0.8487075 0 -0.2952337 0.9554252 0 -0.04208678 0.999114 0 -0.5288917 0.8486894 0 -0.2952333 0.9554252 0 -0.04208952 0.9991139 0 -0.04208695 0.999114 7.56648e-4 -0.6997243 -0.7144126 -5.62463e-4 -0.5572848 -0.8303213 0.001584112 -0.500029 -0.8660073 -6.18646e-5 -0.4273187 -0.9041011 7.38678e-5 -0.3255687 -0.9455184 0.001616239 -0.2629142 -0.964818 2.06785e-4 -0.2120217 -0.977265 0 -0.2629002 -0.9648231 0 -0.7041484 -0.7100529 0 -0.7041317 -0.7100695 0 -0.861778 -0.5072858 0 -0.9998576 -0.01688182 0 -0.9711545 0.2384517 0 -0.00845164 -0.9999644 0 -0.2629086 -0.9648208 0 -0.05597436 -0.9984322 0 -0.05596846 -0.9984325 0 -0.2629009 -0.9648229 0 -0.7041321 -0.710069 0 -0.9998581 -0.01684945 0 -0.9998576 -0.01688176 0 -0.9711545 0.2384514 0 -0.5000316 -0.8660072 0 -0.5000445 -0.8659998 0 -0.7041324 -0.7100687 0 -0.971147 0.238482 0 -0.8783882 0.4779478 0 -0.7041155 -0.7100855 0 -0.7041487 -0.7100526 0 -0.9626008 -0.270924 0 -0.9998576 -0.01688176 0 -0.9711544 0.2384519 0 -0.9711394 0.2385127 0 -0.8784018 0.4779231 0 -0.8617783 -0.5072851 0 -0.861792 -0.507262 0 -0.9625923 -0.2709543 0 -0.9626007 -0.2709243 0 -0.9625921 -0.2709548 0 -0.8783745 0.4779731 0 -0.7276149 0.6859858 0 -0.9998576 -0.01688176 0 -0.9711543 0.2384521 0 -0.9711394 0.238513 0 -0.8784009 0.4779246 0 -0.8783742 0.4779738 0 -0.7276138 0.6859871 0 -0.5288768 0.8486987 0 -0.7276471 0.6859518 0 -0.5288635 0.8487069 0 -0.7276145 0.6859863 0 -0.7276314 0.6859684 0 -0.5288782 0.8486978 0 -0.2952244 0.955428 0 -0.7276461 0.6859527 0 -0.5288777 0.8486981 0.8806159 0.0501154 0.4711732 0.8630461 -0.2628214 0.4313659 0.8914361 -0.2626705 0.3692507 0.8002754 -0.4996794 0.3314815 0.8261209 -0.4996807 0.2604678 0.6775197 -0.7037991 0.213621 0.6935576 -0.7038 0.1537646 0.4956012 -0.8615717 0.1098804 0.5033017 -0.8615669 0.06625759 0.2688747 -0.9625245 0.03539878 0.270936 -0.9625248 0.01182794 0.01687228 -0.9998574 7.42137e-4 0.01687234 -0.9998574 -7.37708e-4 -0.2384766 -0.9710925 0.01041018 -0.236661 -0.9710925 0.03115957 -0.4742147 -0.8781931 0.06242865 -0.4669725 -0.878191 0.103525 -0.6700459 -0.7273051 0.1485459 -0.6545511 -0.7273059 0.2063712 -0.8096461 -0.5284892 0.255289 -0.7843195 -0.528488 0.3248745 -0.8827838 -0.2949344 0.3656591 -0.8475584 -0.2949316 0.441203 -0.884678 -0.07245504 0.4605382 -0.881341 -0.0139448 0.4722751 -0.8413053 -0.07044452 0.5359507 -0.837319 -0.01597005 0.5464815 -0.7915049 -0.06842535 0.6073204 -0.7870686 -0.01802349 0.6166023 -0.7356666 -0.06629973 0.6740913 -0.7309521 -0.0201599 0.682131 -0.6742038 -0.06416547 0.7357527 -0.6693949 -0.02241945 0.7425684 -0.6076037 -0.06190663 0.7918241 -0.6028588 -0.02462232 0.797468 -0.5363393 -0.05968111 0.8418898 -0.5318447 -0.02696859 0.8464125 -0.460994 -0.05738067 0.8855462 -0.4568667 -0.02932441 0.8890518 -0.3821096 -0.0549634 0.9224811 -0.3785036 -0.0317083 0.9250566 -0.300298 -0.05246168 0.9524016 -0.2973409 -0.03423333 0.9541575 -0.2161718 -0.04997903 0.9750753 -0.2139561 -0.03675937 0.9761515 -0.1303779 -0.04737406 0.990332 -0.1290043 -0.03939056 0.9908614 -0.04358381 -0.04475778 0.9980467 -0.04310512 -0.04202508 0.9981863 0.04310512 -0.04202508 0.9981863 0.04358381 -0.04475766 0.9980467 0.1290056 -0.03939086 0.9908612 0.1303779 -0.04737317 0.990332 0.2139547 -0.03675776 0.9761518 0.2161778 -0.04998129 0.9750739 0.2973352 -0.03423577 0.9541592 0.300298 -0.05246168 0.9524016 0.3784986 -0.03170788 0.9250587 0.3821095 -0.05496519 0.9224811 0.456871 -0.02932697 0.8890495 0.4609941 -0.05737709 0.8855463 0.5318391 -0.02696043 0.8464161 0.536352 -0.05968606 0.8418813 0.6028631 -0.02462339 0.7974646 0.6076036 -0.06191021 0.7918239 0.6693885 -0.022426 0.742574 0.6742036 -0.06416898 0.7357525 0.7309529 -0.02016353 0.68213 0.7356669 -0.06629264 0.6740916 0.7870668 -0.01802343 0.6166045 0.7914988 -0.06841057 0.60733 0.8373173 -0.01596915 0.546484 0.8413053 -0.07044452 0.5359507 0.8813342 -0.01394379 0.4722876 0.8846806 -0.07241255 0.4605395 0.9187958 -0.01198315 0.3945512 0.9213293 -0.07431054 0.3816154 0.9494048 -0.01008695 0.313893 0.9509461 -0.07614952 0.299838 0.9729471 -0.008219718 0.2308815 0.9733275 -0.07796049 0.2157681 0.9892403 -0.006482183 0.1461562 0.9882901 -0.07971376 0.1301093 0.998167 -0.004773318 0.06033349 0.9957379 -0.08133828 0.04347854 0.9996591 -0.003093302 -0.02592772 0.9956004 -0.08300608 -0.04347473 0.9937047 -0.001564681 -0.1120198 0.987896 -0.08454525 -0.1300532 0.9803513 0 -0.1972596 0.9726807 -0.08601367 -0.2156243 0.9601866 -7.873e-4 -0.2793588 0.9482851 -0.1294046 -0.2898446 0.9215151 -0.2705395 -0.2786012 0.915565 -0.2951195 -0.2732133 0.8770374 -0.3966608 -0.2710461 0.8118758 -0.5286642 -0.2477337 0.7917584 -0.5580597 -0.2483709 0.6547064 -0.727319 -0.2058318 0.6524466 -0.7293797 -0.2057152 0.4561642 -0.8781948 -0.1438342 0.456173 -0.8781923 -0.1438211 0.2276435 -0.971095 -0.07178348 0.2276484 -0.9710949 -0.07177096 -0.01610702 -0.9998574 0.005088746 -0.01610666 -0.9998575 0.005072474 -0.2586225 -0.9625301 0.08154952 -0.2586356 -0.9625263 0.08155328 -0.4841492 -0.8615669 0.1526503 -0.4841524 -0.8615642 0.1526557 -0.6775175 -0.7037989 0.2136284 -0.6775128 -0.7038078 0.2136145 -0.826124 -0.4996751 0.2604689 -0.826118 -0.4996783 0.2604817 -0.9202252 -0.2626785 0.2901479 -0.9202317 -0.2626634 0.2901408 -0.9535573 0.01832032 0.3006542 -0.9268212 -0.03726047 0.3736498 0.8884341 -0.02488809 0.4583291 0.9238576 0.006915509 0.3826741 0.8914322 -0.2626823 0.3692514 0.9202281 -0.2626715 0.2901451 0.82612 -0.4996769 0.2604783 0.8456758 -0.4996799 0.1874906 0.6935681 -0.7037914 0.1537566 0.7043197 -0.7038014 0.09272241 0.50329 -0.8615733 0.06626147 0.5071494 -0.8615735 0.02214759 0.2709285 -0.9625268 0.01183032 0.2709282 -0.9625269 -0.01183515 0.01687163 -0.9998575 -7.42103e-4 0.01674312 -0.9998574 -0.002203583 -0.2366575 -0.9710935 0.03115522 -0.2330396 -0.9710937 0.05166959 -0.4669467 -0.8782051 0.1035218 -0.4561468 -0.8782046 0.143829 -0.6545423 -0.7273109 0.2063814 -0.6340647 -0.7273152 0.2626302 -0.7843056 -0.5285019 0.3248855 -0.7530033 -0.5285165 0.3919904 -0.8475425 -0.2949719 0.4412066 -0.8058624 -0.2949693 0.5133994 0.926823 -0.03725391 0.3736459 0.953555 0.01832026 0.3006616 0.9202272 -0.2626763 0.2901431 0.9420101 -0.2626775 0.2088487 0.8456717 -0.4996911 0.1874787 0.8587931 -0.4996914 0.1130612 0.7043261 -0.7037947 0.0927248 0.7097239 -0.7037981 0.03098648 0.5071459 -0.8615759 0.02213835 0.5071464 -0.8615757 -0.02213948 0.2709369 -0.9625245 -0.01182281 0.268877 -0.9625239 -0.035398 0.01674395 -0.9998574 -0.002203464 0.01648819 -0.9998574 -0.003663182 -0.2330479 -0.9710921 0.05166107 -0.2276551 -0.9710921 0.07178723 -0.456179 -0.8781895 0.1438192 -0.4418995 -0.8781898 0.1830503 -0.6340718 -0.7273002 0.2626545 -0.6087731 -0.7273063 0.3168929 -0.753009 -0.5285005 0.3920009 -0.7159831 -0.528505 0.4561258 -0.805874 -0.2949628 0.513385 -0.7580603 -0.294964 0.5816708 0.9571054 -0.04767709 0.2857903 0.9759187 0.02780556 0.2163553 0.9420111 -0.2626817 0.208838 0.9566282 -0.2626786 0.1259467 0.8588075 -0.4996653 0.1130677 0.8653921 -0.4996689 0.03778481 0.7097371 -0.7037848 0.03098863 0.7097352 -0.7037867 -0.03098666 0.5071465 -0.8615755 -0.02214205 0.5032874 -0.861575 -0.06625878 0.268864 -0.9625276 -0.03539741 0.2647547 -0.9625278 -0.05869674 0.01648736 -0.9998575 -0.003649294 0.01610648 -0.9998574 -0.005084812 -0.2276455 -0.9710954 0.07177335 -0.2205256 -0.9710927 0.09136551 -0.4418895 -0.8782001 0.1830256 -0.4242522 -0.8781982 0.2208577 -0.6087758 -0.7272923 0.3169196 -0.5788444 -0.7272896 0.368767 -0.7159792 -0.5285118 0.456124 -0.673499 -0.5285159 0.5167883 -0.7580549 -0.2949658 0.5816769 -0.7044759 -0.2949634 0.645531 0.9790862 -0.05615341 0.1955429 0.9908261 0.03533214 0.1304427 0.9566249 -0.2626924 0.1259434 0.9639609 -0.2626941 0.04208666 0.8653987 -0.4996573 0.03778481 0.8653928 -0.4996681 -0.03778076 0.7097276 -0.7037944 -0.03098809 0.7043174 -0.7038031 -0.09272748 0.5033012 -0.861567 -0.06625884 0.4956094 -0.8615671 -0.1098796 0.2647617 -0.9625261 -0.05869382 0.2586352 -0.9625272 -0.08154237 0.0161066 -0.9998575 -0.005072474 0.01560252 -0.9998575 -0.00645864 -0.2205315 -0.9710948 0.09132868 -0.2117304 -0.9710921 0.1102296 -0.4242561 -0.8782002 0.2208424 -0.403386 -0.8782002 0.2569907 -0.5788379 -0.7272956 0.3687652 -0.5445034 -0.7272977 0.417797 -0.6734883 -0.528522 0.5167961 -0.6258849 -0.5285258 0.5735231 -0.7044742 -0.2949901 0.6455209 -0.6455033 -0.2949815 0.7044938 0.9926323 -0.06270223 0.1036804 0.9982109 0.04092699 0.04358834 0.9639629 -0.2626863 0.04209047 0.9639632 -0.2626855 -0.04208761 0.8653954 -0.4996628 -0.03778839 0.8588081 -0.4996665 -0.1130588 0.7043272 -0.703794 -0.09272086 0.693566 -0.7037918 -0.153764 0.4956075 -0.8615682 -0.109879 0.4841491 -0.8615661 -0.1526543 0.2586302 -0.9625285 -0.0815438 0.250541 -0.9625279 -0.103776 0.01560276 -0.9998575 -0.006461083 0.01498019 -0.9998574 -0.007806181 -0.2117298 -0.9710935 0.1102175 -0.2013174 -0.9710905 0.1282751 -0.403391 -0.878203 0.2569735 -0.3794584 -0.8781939 0.2911819 -0.5444874 -0.7272936 0.4178248 -0.5060146 -0.7273014 0.4636616 -0.6258988 -0.5284951 0.5735362 -0.5735309 -0.5285142 0.6258875 -0.6455128 -0.2949978 0.7044782 -0.5816894 -0.2948942 0.7580732 0.9976686 -0.06735253 0.01100027 0.9980547 0.04458421 -0.04358041 0.9639617 -0.2626907 -0.0420897 0.9566242 -0.2626935 -0.1259462 0.8587909 -0.4996936 -0.1130692 0.8456674 -0.4996977 -0.1874803 0.6935622 -0.7037976 -0.1537548 0.6775246 -0.7037914 -0.2136307 0.4841489 -0.861567 -0.1526505 0.4690032 -0.8615666 -0.1942655 0.2505399 -0.9625284 -0.1037739 0.2405413 -0.9625287 -0.1252132 0.01497995 -0.9998575 -0.007792353 0.01424342 -0.9998574 -0.009078264 -0.2013161 -0.971095 0.1282442 -0.1893706 -0.9710928 0.1453192 -0.3794618 -0.8782005 0.2911573 -0.3526371 -0.8781934 0.3231461 -0.5060092 -0.7272886 0.4636876 -0.4636639 -0.7273021 0.5060114 -0.5734706 -0.528561 0.6259031 -0.5167835 -0.5284882 0.6735244 -0.5816567 -0.2949615 0.7580721 -0.5133911 -0.2949636 0.8058697 0.9941912 -0.07003086 -0.08172976 0.9903791 0.04636073 -0.1303844 0.9566301 -0.2626727 -0.1259446 0.9420137 -0.2626702 -0.2088413 0.8456805 -0.4996744 -0.1874839 0.8261232 -0.4996809 -0.26046 0.6775233 -0.7037957 -0.2136211 0.6563309 -0.7037937 -0.2718535 0.4690026 -0.861566 -0.1942694 0.4502869 -0.8615658 -0.2344059 0.240544 -0.962526 -0.1252292 0.228712 -0.9625282 -0.1457061 0.01424354 -0.9998576 -0.009066164 0.01339834 -0.9998574 -0.01028269 -0.1893755 -0.9710937 0.1453069 -0.1759903 -0.9710892 0.1612861 -0.3526458 -0.878202 0.3231136 -0.3231191 -0.8781865 0.3526794 -0.4636259 -0.7273224 0.5060169 -0.41781 -0.7272729 0.5445265 -0.5167737 -0.5285102 0.6735147 -0.4561297 -0.5285084 0.715978 -0.513409 -0.2949376 0.8058679 -0.4412114 -0.2949324 0.8475537 0.9822413 -0.07081413 -0.173745 0.9752554 0.04618328 -0.2162042 0.9420075 -0.2626927 -0.2088408 0.920225 -0.2626721 -0.2901538 0.8261151 -0.4996828 -0.2604824 0.8002704 -0.4996932 -0.3314725 0.6563182 -0.7038055 -0.2718535 0.6301255 -0.703803 -0.3280294 0.4502938 -0.8615598 -0.2344149 0.4281504 -0.861558 -0.2727728 0.2287167 -0.9625271 -0.1457057 0.2151429 -0.9625269 -0.1650929 0.0133984 -0.9998575 -0.01027125 0.01245129 -0.9998572 -0.01142692 -0.1759842 -0.9710969 0.161246 -0.161251 -0.9710907 0.1760141 -0.3231114 -0.8782083 0.3526319 -0.291171 -0.8781605 0.3795441 -0.4177755 -0.7273188 0.5444915 -0.3687548 -0.7273232 0.57881 -0.4561291 -0.5285125 0.7159754 -0.3919926 -0.5285088 0.7530076 -0.4412115 -0.2949459 0.847549 -0.3656648 -0.2949445 0.8827781 0.9619267 -0.06967723 -0.2642769 0.9527907 0.0440731 -0.3004125 0.9202284 -0.262672 -0.2901434 0.8914425 -0.2626617 -0.3692415 0.800276 -0.4996778 -0.3314825 0.7683386 -0.4996812 -0.3999683 0.6301241 -0.7038123 -0.3280122 0.5991333 -0.7038093 -0.3816961 0.4281459 -0.8615654 -0.2727566 0.4027388 -0.8615629 -0.3090482 0.2151402 -0.9625301 -0.165077 0.1999319 -0.9625295 -0.1832049 0.01245123 -0.9998576 -0.01139581 0.0114088 -0.9998573 -0.01246321 -0.1612369 -0.9711004 0.1759737 -0.1453015 -0.9710912 0.1893922 -0.2911601 -0.8781914 0.3794809 -0.2569978 -0.8781757 0.4034347 -0.3687548 -0.7273001 0.578839 -0.3169083 -0.7273115 0.6087588 -0.3919857 -0.5285147 0.7530071 -0.324868 -0.5285209 0.7842999 -0.3656516 -0.2949663 0.8827762 -0.2873111 -0.2949637 0.9112896 0.9334051 -0.06661111 -0.3525877 0.9231392 0.04004853 -0.3823746 0.8914284 -0.2626961 -0.3692511 0.8558608 -0.2626947 -0.4455265 0.7683387 -0.4996721 -0.3999794 0.7305617 -0.4996731 -0.4654099 0.5991457 -0.7038026 -0.381689 0.5635917 -0.7038033 -0.4324645 0.4027522 -0.8615599 -0.3090394 0.3742855 -0.8615592 -0.3429668 0.1999378 -0.9625285 -0.183204 0.183196 -0.9625265 -0.1999551 0.0114082 -0.9998577 -0.01243454 0.01028102 -0.9998574 -0.01340419 -0.1453014 -0.9711003 0.1893456 -0.1282536 -0.9710924 0.2013222 -0.2569943 -0.8781976 0.4033893 -0.2208554 -0.8781889 0.4242728 -0.3169021 -0.7272893 0.6087885 -0.262643 -0.7273014 0.6340753 -0.3248602 -0.5285117 0.7843095 -0.2552773 -0.5285257 0.8096259 -0.2873278 -0.2949696 0.9112825 -0.2068074 -0.2949619 0.9328602 0.8969007 -0.06163233 -0.4379163 0.8864976 0.03409039 -0.4614759 0.855857 -0.2626842 -0.44554 0.8137748 -0.2626875 -0.5184263 0.7305476 -0.4996917 -0.4654123 0.6872009 -0.4996947 -0.5273142 0.5635938 -0.7038126 -0.4324465 0.5237555 -0.7038085 -0.4799311 0.3742783 -0.8615604 -0.3429716 0.3429312 -0.8615582 -0.3743204 0.1831797 -0.9625343 -0.1999322 0.1650739 -0.9625241 -0.2151697 0.01027947 -0.9998576 -0.01338768 0.009073734 -0.9998574 -0.01424193 -0.128248 -0.9711027 0.201276 -0.1102131 -0.9710965 0.2117182 -0.2208536 -0.8782026 0.4242451 -0.1830372 -0.8781947 0.4418956 -0.2626485 -0.7272834 0.6340937 -0.2063916 -0.727299 0.6545523 -0.2552844 -0.5284757 0.8096564 -0.1837459 -0.5284813 0.8288215 -0.2068096 -0.294992 0.9328502 -0.1247191 -0.2949928 0.9473249 0.85267 -0.05470693 -0.5195778 0.8431017 0.02619028 -0.5371162 0.8137778 -0.2626705 -0.5184303 0.7655079 -0.262665 -0.5873711 0.6872144 -0.4996591 -0.5273304 0.6386521 -0.4996663 -0.5851985 0.5237497 -0.7038182 -0.4799234 0.4798753 -0.7038114 -0.5238028 0.342913 -0.8615702 -0.3743094 0.3090161 -0.8615435 -0.402805 0.1650662 -0.9625316 -0.2151419 0.1457057 -0.9625214 -0.2287409 0.00907427 -0.9998577 -0.01422703 0.007798492 -0.9998577 -0.01496529 -0.1102233 -0.9710961 0.2117149 -0.09134858 -0.9710928 0.2205322 -0.1830471 -0.8781976 0.4418854 -0.1438328 -0.8781879 0.456178 -0.2063758 -0.7272892 0.6545682 -0.148549 -0.7273172 0.6700321 -0.1837364 -0.5284842 0.8288218 -0.1108193 -0.5284859 0.841678 -0.1247324 -0.2949204 0.9473457 -0.04168647 -0.2949237 0.9546111 0.8010638 -0.0458889 -0.5968176 0.793251 0.01636314 -0.608675 0.7654784 -0.2627069 -0.5873908 0.711386 -0.2627083 -0.6518546 0.638636 -0.4996665 -0.5852158 0.5851464 -0.4996654 -0.6387004 0.4798649 -0.7038369 -0.5237779 0.4324171 -0.7037743 -0.5636641 0.3090012 -0.8615612 -0.4027783 0.27276 -0.8615543 -0.428166 0.1457077 -0.962534 -0.2286872 0.1252175 -0.9625249 -0.2405547 0.007798016 -0.9998577 -0.01496678 0.006462752 -0.999857 -0.0156272 -0.09134209 -0.9710961 0.2205201 -0.07177269 -0.9710906 0.2276658 -0.1438202 -0.8782059 0.4561473 -0.103515 -0.8781964 0.4669643 -0.1485397 -0.7272907 0.6700628 -0.0895853 -0.7273024 0.6804453 -0.1108096 -0.528517 0.8416598 -0.03702133 -0.5285324 0.8481056 -0.04166901 -0.2950023 0.9545876 0.04168534 -0.2950088 0.9545848 0.7424671 -0.0350818 -0.6689634 0.7372693 0.004597663 -0.6755834 0.7113906 -0.2626708 -0.6518647 0.6517944 -0.2626775 -0.7114525 0.5851149 -0.4997012 -0.6387014 0.5272723 -0.4996379 -0.6872744 0.4324143 -0.7038047 -0.5636283 0.3816922 -0.7037849 -0.5991644 0.2727513 -0.8615645 -0.4281514 0.2344015 -0.8615661 -0.4502885 0.1252186 -0.9625277 -0.2405425 0.1037772 -0.9625294 -0.2505343 0.006462633 -0.9998577 -0.01558434 0.005078315 -0.9998569 -0.01613885 -0.07178044 -0.9710934 0.2276515 -0.05166637 -0.9710921 0.2330468 -0.1035287 -0.8781955 0.4669632 -0.0624302 -0.8781942 0.4742125 -0.08957487 -0.7273198 0.680428 -0.02993696 -0.7273316 0.6856329 -0.03703057 -0.5284721 0.8481428 0.03702223 -0.5284989 0.8481264 0.04166948 -0.2949124 0.9546154 0.1247184 -0.2949186 0.9473481 0.677357 -0.02236247 -0.7353146 0.6754735 -0.008458971 -0.7373358 0.6517597 -0.2627429 -0.7114601 0.5873021 -0.2626502 -0.7655659 0.5272273 -0.4996716 -0.6872843 0.4654209 -0.4996847 -0.7305468 0.3817062 -0.7037976 -0.5991405 0.3280305 -0.7037869 -0.6301428 0.2343982 -0.8615618 -0.4502986 0.1942619 -0.8615683 -0.4690014 0.1037791 -0.9625262 -0.2505463 0.0815469 -0.9625241 -0.2586458 0.005078196 -0.9998578 -0.01608729 0.003655195 -0.9998573 -0.01650011 -0.05166375 -0.9710962 0.2330303 -0.03115487 -0.971087 0.2366846 -0.06243163 -0.8781992 0.4742029 -0.02086782 -0.8781854 0.477865 -0.0299403 -0.7272927 0.6856741 0.02993452 -0.7273065 0.6856597 0.03703004 -0.5285112 0.8481183 0.110816 -0.5285291 0.8416514 0.1247323 -0.2949942 0.9473227 0.2068027 -0.2949817 0.932855 0.6086469 -0.008352994 -0.7933974 0.6060833 -0.02366143 -0.7950493 0.5372877 0.005740106 -0.8433795 0.5293899 -0.03620928 -0.8476056 0.4616888 0.01732134 -0.8868729 0.4481585 -0.04679244 -0.8927286 0.3825441 0.02699762 -0.9235428 0.3631038 -0.05542033 -0.9300991 0.300525 0.03475177 -0.9531407 0.2749931 -0.06215631 -0.9594351 0.2162622 0.04050248 -0.9754949 0.1846069 -0.06698328 -0.9805272 0.1304007 0.04434645 -0.9904691 0.09268742 -0.06985205 -0.9932421 0.04356765 0.04631173 -0.9979765 0 -0.07075858 -0.9974935 -0.04356831 0.04631251 -0.9979764 -0.09269016 -0.06985437 -0.9932417 -0.1304007 0.04434579 -0.9904692 -0.1846069 -0.06698369 -0.9805272 -0.2162674 0.04050344 -0.9754937 -0.2749931 -0.06215631 -0.9594351 -0.300525 0.03475123 -0.9531407 -0.3631038 -0.05542033 -0.9300991 -0.3825484 0.02699869 -0.923541 -0.4481585 -0.04679244 -0.8927286 -0.4616772 0.0173242 -0.8868789 -0.5293901 -0.03620171 -0.8476058 -0.5372959 0.005739688 -0.8433744 -0.6060688 -0.02365708 -0.7950604 -0.6086447 -0.008359193 -0.7933989 -0.6754677 -0.008462727 -0.7373411 -0.6517668 -0.2627393 -0.7114549 -0.6517841 -0.2626661 -0.7114662 -0.5851195 -0.4997045 -0.6386944 -0.5851443 -0.4996736 -0.638696 -0.4798666 -0.7038389 -0.5237737 -0.4798755 -0.7038111 -0.523803 -0.3429282 -0.8615545 -0.3743317 -0.3742813 -0.8615618 -0.3429647 -0.1999348 -0.9625327 -0.1831858 -0.2151388 -0.9625282 -0.1650905 -0.01339834 -0.9998576 -0.01025974 -0.01424342 -0.9998573 -0.009093344 0.2013174 -0.9710959 0.1282343 0.2117295 -0.9710931 0.1102215 0.4242581 -0.8781998 0.2208397 0.4418939 -0.8781933 0.183048 0.6340613 -0.7273134 0.2626435 0.6545418 -0.7273152 0.2063677 0.8096328 -0.5285132 0.2552812 0.8287972 -0.5285246 0.1837306 0.9328676 -0.2949381 0.2068082 0.9473421 -0.2949389 0.1247155 -0.6773583 -0.02236419 -0.7353132 -0.7372718 0.004588842 -0.6755807 -0.7113904 -0.2626993 -0.6518534 -0.7654926 -0.2627 -0.5873755 -0.6872014 -0.499691 -0.5273169 -0.7305573 -0.4996994 -0.4653886 -0.5991347 -0.7038149 -0.3816834 -0.6301224 -0.7038097 -0.328021 -0.4502884 -0.8615643 -0.2344083 -0.4690079 -0.8615638 -0.1942666 -0.2505414 -0.9625275 -0.103778 -0.2586317 -0.9625273 -0.08155256 -0.01610708 -0.9998574 -0.005072593 -0.01648843 -0.9998574 -0.003643453 0.2330412 -0.9710934 0.05166721 0.2366559 -0.9710939 0.03115701 0.4741996 -0.8782017 0.06242269 0.4778333 -0.8782028 0.02086502 0.6856692 -0.7272976 0.02993506 0.6856684 -0.7272982 -0.02993804 0.848122 -0.5285052 -0.03703081 0.8416579 -0.5285208 -0.1108046 0.9473423 -0.294936 -0.1247212 0.9328668 -0.2949389 -0.2068109 -0.7424733 -0.03509533 -0.6689557 -0.7932472 0.01634991 -0.6086802 -0.7654936 -0.2626636 -0.5873903 -0.8137745 -0.262662 -0.5184396 -0.7305612 -0.4996575 -0.4654275 -0.7683433 -0.4996737 -0.3999686 -0.6301311 -0.703801 -0.3280228 -0.6563214 -0.7038035 -0.2718512 -0.4690001 -0.8615674 -0.1942692 -0.4841489 -0.8615657 -0.1526581 -0.258621 -0.9625306 -0.08154886 -0.2647448 -0.96253 -0.05870604 -0.01648807 -0.9998575 -0.003657102 -0.01674401 -0.9998575 -0.0021981 0.2366613 -0.9710928 0.03114819 0.2384746 -0.971093 0.01041293 0.4778513 -0.8781929 0.02086734 0.477855 -0.878191 -0.02086615 0.6856684 -0.7272983 -0.0299353 0.6804584 -0.7272903 -0.08958327 0.8416528 -0.5285282 -0.110809 0.828799 -0.52852 -0.1837362 0.9328607 -0.2949613 -0.2068065 -0.8010657 -0.04588621 -0.5968152 -0.8431001 0.02617913 -0.5371192 -0.8137748 -0.2626984 -0.5184209 -0.8558597 -0.2626956 -0.445528 -0.7683359 -0.4996759 -0.3999801 -0.8002715 -0.4996859 -0.3314809 -0.6563349 -0.7037941 -0.2718428 -0.6775203 -0.7037948 -0.2136332 -0.4841529 -0.8615652 -0.1526478 -0.495609 -0.8615666 -0.1098853 -0.264757 -0.9625279 -0.058685 -0.2688646 -0.9625273 -0.03539836 -0.01674288 -0.9998574 -0.002203285 -0.01687157 -0.9998575 -7.37674e-4 0.2384638 -0.9710957 0.01040965 0.2384617 -0.9710962 -0.01041245 0.4778315 -0.8782036 -0.02086669 0.474195 -0.8782034 -0.06243437 0.6804412 -0.7273057 -0.08958894 0.6700403 -0.7273117 -0.1485384 0.828802 -0.5285136 -0.1837408 -0.8526722 -0.05469572 -0.5195754 -0.8864988 0.03410249 -0.4614725 -0.8558579 -0.2626842 -0.4455384 -0.8914288 -0.2626818 -0.36926 -0.8002713 -0.4996851 -0.3314826 -0.8261157 -0.4996911 -0.2604649 -0.6775232 -0.7037969 -0.2136171 -0.6935587 -0.7038002 -0.1537585 -0.4956136 -0.8615651 -0.1098763 -0.5032943 -0.8615713 -0.06625676 -0.2688779 -0.9625236 -0.03539919 -0.2709382 -0.962524 -0.01183557 -0.0168727 -0.9998575 -7.34497e-4 -0.01687234 -0.9998575 7.37719e-4 0.2384783 -0.9710921 -0.01041042 0.236661 -0.9710926 -0.03115773 0.4742127 -0.8781943 -0.06242841 0.4669677 -0.8781933 -0.1035272 0.6700516 -0.7273004 -0.1485435 -0.8968994 -0.06162846 -0.4379195 -0.923138 0.04004043 -0.3823781 -0.8914404 -0.2626652 -0.369244 -0.9202272 -0.2626727 -0.2901464 -0.8261227 -0.4996685 -0.2604854 -0.8456827 -0.4996737 -0.1874753 -0.6935547 -0.7038045 -0.1537572 -0.7043202 -0.7037999 -0.0927301 -0.5032949 -0.8615708 -0.06625801 -0.5071566 -0.8615696 -0.0221399 -0.2709223 -0.9625287 -0.01182222 -0.2709269 -0.9625272 0.01183134 -0.01687163 -0.9998574 7.34458e-4 -0.01674324 -0.9998575 0.002205491 0.2366557 -0.971094 -0.03115493 0.2330366 -0.9710943 -0.05167073 0.4669733 -0.8781919 -0.1035124 -0.9334053 -0.06660735 -0.3525878 -0.9527907 0.0440731 -0.3004125 -0.9202287 -0.2626709 -0.2901436 -0.9420081 -0.2626847 -0.2088481 -0.84568 -0.499675 -0.1874842 -0.858794 -0.4996902 -0.113061 -0.7043203 -0.7038012 -0.09271967 -0.70972 -0.7038022 -0.03098595 -0.5071468 -0.8615753 -0.02214211 -0.5071461 -0.8615757 0.02213966 -0.2709352 -0.9625249 0.01183068 -0.2688759 -0.9625242 0.03539586 -0.01674401 -0.9998574 0.002195775 -0.01648807 -0.9998574 0.003660321 0.2330383 -0.9710946 -0.05165863 -0.9619288 -0.06967365 -0.26427 -0.975255 0.04617118 -0.2162082 -0.9420135 -0.2626736 -0.2088381 -0.9566287 -0.2626787 -0.1259428 -0.8588061 -0.4996678 -0.1130673 -0.8653886 -0.4996749 -0.03778463 -0.7097301 -0.7037919 -0.03098827 -0.7097318 -0.7037903 0.03098684 -0.507156 -0.8615698 0.02214276 -0.503295 -0.8615707 0.06625866 -0.2688625 -0.962528 0.03539717 -0.2647559 -0.9625277 0.0586934 -0.01648855 -0.9998574 0.003649532 -0.9822431 -0.07080292 -0.1737396 -0.9903792 0.04635673 -0.1303844 -0.9566313 -0.2626683 -0.1259448 -0.9639673 -0.26267 -0.04209071 -0.8653936 -0.4996659 -0.03778827 -0.8653882 -0.4996758 0.03778272 -0.7097217 -0.7038004 0.03098797 -0.7043242 -0.703796 0.09272867 -0.5032937 -0.8615716 0.06625801 -0.4956068 -0.8615688 0.1098788 -0.2647435 -0.9625313 0.05868971 -0.9941919 -0.07001954 -0.08172982 -0.9980536 0.0446124 -0.0435763 -0.9639618 -0.2626903 -0.04208981 -0.9639585 -0.262702 0.04209196 -0.8653919 -0.4996691 0.03778845 -0.8587959 -0.4996868 0.113061 -0.7043208 -0.7038 0.09272438 -0.6935586 -0.7037999 0.1537606 -0.4956155 -0.8615642 0.1098757 -0.9976704 -0.06732618 0.01100128 -0.9982105 0.04094308 0.04358375 -0.9639679 -0.2626682 0.04208856 -0.9566285 -0.2626792 0.125943 -0.858807 -0.4996671 0.1130632 -0.845681 -0.499675 0.1874798 -0.6935555 -0.7038043 0.153754 -0.9926321 -0.06270223 0.1036818 -0.9908259 0.03533411 0.1304436 -0.9566293 -0.262676 0.1259437 -0.9420115 -0.2626782 0.2088413 -0.845682 -0.4996728 0.1874811 -0.9790873 -0.05615913 0.1955356 -0.9759187 0.02780956 0.2163553 -0.9420096 -0.2626849 0.2088415 -0.9571039 -0.04769027 0.2857936 -0.9238587 0.006909489 0.3826715 -0.888435 -0.02488768 0.4583276 -0.8878931 -0.01745146 0.4597187 -0.8638877 -0.2259817 0.450145 -0.8289052 -0.3370368 0.4464553 -0.7870924 -0.4244362 0.4475931 -0.8660746 -0.2628576 0.4252302 -0.7275788 -0.5655349 0.388329 -0.7757289 -0.4999269 0.3851205 -0.6263682 -0.7104282 0.3208656 -0.6334091 -0.7039453 0.3213318 -0.5065141 -0.8266506 0.2451373 -0.4490733 -0.8615117 0.2369195 -0.3687754 -0.9146922 0.1653571 -0.331256 -0.9302607 0.157748 -0.1410276 -0.9889361 0.04600715 -0.0130819 -0.9998247 0.01340156 0.158091 -0.984425 -0.07690823 0.2251554 -0.9711433 -0.07865071 0.3718035 -0.9163868 -0.1483158 0.4544854 -0.8782705 -0.1486068 0.5266304 -0.822874 -0.2133982 0.6524426 -0.7293794 -0.2057293 0.9595566 0.01717859 -0.2809915 -0.9187953 -0.01203364 0.3945509 -0.9213264 -0.07430672 0.3816231 -0.8827694 -0.2949815 0.3656558 -0.9112817 -0.2949784 0.2873213 -0.8096611 -0.5284754 0.2552701 -0.828828 -0.5284708 0.183747 -0.6700457 -0.7273067 0.1485394 -0.6804395 -0.7273073 0.08958953 -0.4741981 -0.8782017 0.06243479 -0.4778382 -0.8782002 0.02086311 -0.2384746 -0.971093 0.01041293 -0.2384763 -0.9710925 -0.01041036 0.01687163 -0.9998574 7.37687e-4 0.01674312 -0.9998575 0.002203345 0.2688649 -0.9625273 0.03539818 0.2647569 -0.9625278 0.058685 0.4956137 -0.8615652 0.1098745 0.4841465 -0.8615679 0.1526535 0.6775162 -0.7038004 0.2136278 0.6563176 -0.7038081 0.2718484 0.8002792 -0.4996739 0.3314806 0.770282 -0.4997541 0.3961206 0.8337662 -0.3467916 0.4296159 -0.9494048 -0.01007974 0.313893 -0.950946 -0.07619756 0.2998263 -0.9112851 -0.2949697 0.2873192 -0.9328523 -0.2949823 0.2068142 -0.8287932 -0.5285251 0.1837476 -0.8416491 -0.528534 0.1108088 -0.6804502 -0.7272981 0.08958327 -0.6856696 -0.727297 0.02993869 -0.4778279 -0.8782058 0.02086108 -0.4778284 -0.8782055 -0.02085918 -0.2384774 -0.9710923 -0.01041311 -0.2366635 -0.9710921 -0.03115606 0.01674395 -0.9998574 0.00220561 0.01648807 -0.9998574 0.003657102 0.2647619 -0.9625252 0.0587061 0.2586375 -0.9625257 0.08155387 0.4841513 -0.8615649 0.1526551 0.4689998 -0.8615683 0.1942663 0.6563215 -0.7038013 0.2718564 0.6322653 -0.7039013 0.3236721 0.7265172 -0.5827353 0.3641327 -0.972945 -0.008284628 0.2308881 -0.9733239 -0.07796734 0.2157815 -0.9328684 -0.2949297 0.2068162 -0.9473375 -0.294952 0.1247196 -0.841663 -0.5285125 0.1108061 -0.8481133 -0.5285195 0.03702831 -0.6856728 -0.7272943 0.02993428 -0.6856731 -0.7272939 -0.02993553 -0.4778308 -0.8782042 -0.02086508 -0.4741964 -0.878203 -0.06242972 -0.2366561 -0.971094 -0.03114962 -0.2330411 -0.9710935 -0.05166679 0.01648747 -0.9998574 0.003658294 0.01610636 -0.9998575 0.005064725 0.258632 -0.9625287 0.08153724 0.2505385 -0.9625278 0.1037814 0.4690049 -0.8615646 0.1942704 0.4490652 -0.8615093 0.2369436 0.5062566 -0.8268141 0.2451177 -0.98924 -0.006460547 0.1461597 -0.9882906 -0.07971203 0.1301067 -0.9473462 -0.2949255 0.124716 -0.9546101 -0.2949279 0.04167991 -0.8481194 -0.5285094 0.03703117 -0.8481106 -0.5285235 -0.03703039 -0.6856686 -0.727298 -0.02993804 -0.6804485 -0.7272993 -0.08958625 -0.4742149 -0.8781925 -0.06243723 -0.4669725 -0.8781912 -0.1035232 -0.2330458 -0.9710924 -0.0516653 -0.2276564 -0.9710923 -0.07178109 0.01610666 -0.9998574 0.005088686 0.01307719 -0.9998248 0.01340085 0.1414585 -0.9888679 0.04614859 -0.998167 -0.004758894 0.06033349 -0.9957367 -0.08135062 0.04347938 -0.9545992 -0.2949624 0.04168516 -0.9546021 -0.2949541 -0.04167735 -0.8481167 -0.5285142 -0.03702753 -0.841656 -0.5285228 -0.1108095 -0.6804444 -0.7273038 -0.0895819 -0.6700357 -0.7273127 -0.1485546 -0.4669489 -0.8782044 -0.1035177 -0.4561492 -0.8782059 -0.1438136 -0.2276456 -0.9710943 -0.07178777 -0.2246143 -0.971146 -0.08014935 -0.08321309 -0.9958313 -0.03735685 -0.9996589 -0.003071665 -0.02593809 -0.9956042 -0.08296018 -0.04347395 -0.9546085 -0.294932 -0.04168778 -0.9473447 -0.2949283 -0.1247217 -0.8416554 -0.5285253 -0.1108025 -0.8287903 -0.5285317 -0.1837416 -0.6700518 -0.7273021 -0.1485338 -0.6550766 -0.7273524 -0.2045316 -0.6283717 -0.75226 -0.1981262 -0.5519819 -0.8028885 -0.2251358 -0.4550084 -0.8782498 -0.1471223 -0.3962621 -0.9050362 -0.1545507 -0.2343068 -0.968272 -0.08688956 -0.9937064 -0.001499772 -0.1120055 -0.9878951 -0.08455049 -0.1300566 -0.9473392 -0.2949479 -0.1247164 -0.932864 -0.2949401 -0.206822 -0.8288257 -0.5284734 -0.1837494 -0.8115188 -0.5285952 -0.2490475 -0.8034031 -0.5406029 -0.2495833 -0.9803521 1.44212e-5 -0.1972562 -0.9726732 -0.08605921 -0.2156404 -0.9328595 -0.2949634 -0.2068089 -0.9157094 -0.2951101 -0.2727385 -0.8836187 -0.3808891 -0.2722895 -0.9596953 0.001463711 -0.2810387 -0.9607034 0.02010947 -0.276848 -0.9494178 -0.1213321 -0.2896279 -0.9246694 -0.2575803 -0.2804265 -0.6719703 -0.7093126 -0.2129123 0.006433904 -0.9999357 0.009345173 0.006434738 -0.999899 0.01267784 0.3313806 -0.9302026 0.1578295 0.3692052 -0.9144534 0.1657183 0.6243547 -0.7144902 0.3157295 0.791397 -0.4406365 0.4237104 0.8605748 -0.2238292 0.4575059 0.8673354 -0.09049499 0.4894282 -0.4561727 -0.8781899 -0.1438369 0.5872837 -0.2626795 -0.7655699 0.5184405 -0.2626847 -0.8137667 0.4654057 -0.4996758 -0.7305626 0.3999778 -0.499697 -0.7683235 0.328035 -0.7037935 -0.6301332 0.2718602 -0.7037831 -0.6563395 0.1942664 -0.8615708 -0.4689949 0.1526507 -0.8615704 -0.4841428 0.08154863 -0.9625229 -0.2586498 0.05869537 -0.9625243 -0.2647676 0.003655076 -0.9998581 -0.01644963 0.00220412 -0.999857 -0.01677095 -0.03115415 -0.9710996 0.2366327 -0.01041054 -0.9710903 0.2384859 -0.02086293 -0.878205 0.4778292 0.0208683 -0.8781868 0.4778625 0.02994281 -0.7273195 0.6856455 0.08958059 -0.7273234 0.6804234 0.1108144 -0.5284803 0.8416821 0.1837448 -0.5284892 0.8288167 0.2068123 -0.2949689 0.932857 0.287315 -0.2949561 0.9112908 0.5184188 -0.262672 -0.8137846 0.4455393 -0.262675 -0.8558601 0.399972 -0.4996523 -0.7683556 0.3314868 -0.4996628 -0.8002835 0.2718607 -0.7038032 -0.6563177 0.2136282 -0.7037918 -0.6775251 0.1526557 -0.8615633 -0.4841539 0.1098781 -0.8615607 -0.4956209 0.05869936 -0.9625277 -0.2647546 0.0353989 -0.9625239 -0.2688768 0.002204418 -0.999858 -0.01671367 7.36846e-4 -0.9998571 -0.01689243 -0.01041406 -0.9710949 0.2384667 0.01041209 -0.971094 0.2384706 0.0208624 -0.8781995 0.4778396 0.06242966 -0.8781805 0.4742377 0.08957964 -0.7272989 0.6804498 0.1485439 -0.7273052 0.6700462 0.1837344 -0.528469 0.8288319 0.2552819 -0.5284836 0.8096519 0.2873218 -0.2949725 0.9112835 0.3656646 -0.2949718 0.8827691 0.4455289 -0.2626975 -0.8558587 0.3692362 -0.2627009 -0.8914331 0.3314841 -0.4996626 -0.8002846 0.2604898 -0.4996798 -0.8261146 0.2136234 -0.7037963 -0.6775219 0.153756 -0.7037941 -0.6935655 0.109869 -0.8615647 -0.495616 0.06625711 -0.8615719 -0.5032933 0.0353927 -0.9625298 -0.2688568 0.01183003 -0.9625324 -0.2709086 7.36769e-4 -0.9998576 -0.0168628 -7.36785e-4 -0.9998571 -0.01689237 0.01041257 -0.9710961 0.2384617 0.03115487 -0.9710888 0.2366773 0.06243145 -0.8782025 0.474197 0.1035218 -0.8781838 0.4669868 0.1485455 -0.7273069 0.6700441 0.2063869 -0.7273139 0.6545373 0.2552769 -0.5285097 0.8096365 0.3248775 -0.5285367 0.7842854 0.3656504 -0.2949352 0.8827871 0.4412131 -0.2949401 0.8475502 0.3692389 -0.262699 -0.8914325 0.2901331 -0.2627032 -0.9202227 0.2604619 -0.4996991 -0.8261116 0.1874739 -0.4997254 -0.8456525 0.1537489 -0.7038318 -0.6935287 0.09272354 -0.7038207 -0.7043003 0.06626123 -0.861554 -0.5033231 0.02214467 -0.8615468 -0.5071951 0.01182848 -0.9625314 -0.2709123 -0.01183056 -0.9625353 -0.2708986 -7.36831e-4 -0.9998579 -0.01685184 -0.002204239 -0.9998574 -0.01674193 0.03115409 -0.9710954 0.2366502 0.05166441 -0.9710872 0.2330675 0.1035229 -0.8782156 0.4669267 0.1438224 -0.8781915 0.4561742 0.2063832 -0.727285 0.6545706 0.2626456 -0.7272911 0.634086 0.3248556 -0.528503 0.7843173 0.3919985 -0.5285292 0.7529902 0.4412096 -0.2949391 0.8475524 0.5133955 -0.2949376 0.8058766 0.290153 -0.2626828 -0.9202224 0.2088416 -0.2626782 -0.9420113 0.1874887 -0.499641 -0.8456992 0.1130772 -0.4996708 -0.8588032 0.09273123 -0.703808 -0.7043119 0.03098577 -0.7037891 -0.7097329 0.02214169 -0.8615653 -0.5071637 -0.02214294 -0.8615626 -0.5071682 -0.01182794 -0.9625247 -0.2709361 -0.03539735 -0.9625293 -0.2688577 -0.002204358 -0.9998573 -0.01675558 -0.003655076 -0.9998577 -0.01646983 0.05166572 -0.9711003 0.2330129 0.07177782 -0.9710934 0.2276524 0.1438303 -0.8782001 0.4561553 0.1830415 -0.8781863 0.4419102 0.2626457 -0.7272925 0.6340844 0.3169071 -0.727308 0.6087634 0.3919804 -0.5284955 0.7530232 0.4561363 -0.5285202 0.7159653 0.5133983 -0.2949603 0.8058664 0.5816554 -0.294959 0.758074 0.581685 -0.2948786 0.7580826 0.645513 -0.2949907 0.7044811 0.6455194 -0.2949893 0.7044758 0.7044636 -0.2949867 0.6455339 0.2088452 -0.2626882 -0.9420077 0.1259401 -0.262687 -0.9566268 0.1130489 -0.4996948 -0.8587928 0.03778368 -0.4997099 -0.8653684 0.03098881 -0.7038059 -0.7097162 -0.03098613 -0.7037806 -0.7097414 -0.02214348 -0.8615499 -0.5071899 -0.06625628 -0.8615584 -0.5033164 -0.03539419 -0.9625209 -0.2688881 -0.0586977 -0.9625297 -0.2647476 -0.003655195 -0.9998574 -0.01648896 -0.005078196 -0.9998574 -0.01610869 0.07177573 -0.9710986 0.2276309 0.09134399 -0.9710956 0.220521 0.1830431 -0.8782058 0.4418711 0.2208526 -0.8781921 0.4242673 0.3169029 -0.727298 0.6087777 0.3687595 -0.7273126 0.5788202 0.4561157 -0.5284965 0.7159957 0.5167726 -0.5285177 0.6735097 0.5167862 -0.5284904 0.6735207 0.5734717 -0.5285629 0.6259007 0.5735303 -0.5285136 0.6258886 0.625907 -0.5285087 0.5735146 0.7044714 -0.2949786 0.645529 0.7580602 -0.2949697 0.581668 0.1259481 -0.26264 -0.9566386 0.04208785 -0.2626416 -0.9639752 0.0377826 -0.4997026 -0.8653727 -0.03778469 -0.4997245 -0.8653599 -0.03098815 -0.703808 -0.7097142 -0.09272414 -0.7037845 -0.7043363 -0.0662629 -0.8615788 -0.5032804 -0.1098739 -0.861567 -0.495611 -0.05869704 -0.9625214 -0.264778 -0.08154821 -0.9625236 -0.2586469 -0.005078256 -0.9998577 -0.0160855 -0.006462633 -0.999857 -0.01562702 0.09134644 -0.9710932 0.2205306 0.1102194 -0.9710875 0.2117564 0.2208564 -0.8781958 0.4242578 0.2569916 -0.8781821 0.403425 0.3687536 -0.7273175 0.5788179 0.4177713 -0.7273198 0.5444934 0.4178089 -0.7272718 0.5445287 0.4636275 -0.7273176 0.5060223 0.4636608 -0.7273063 0.5060081 0.5060119 -0.7273027 0.4636624 0.6258869 -0.528519 0.5735271 0.6734949 -0.5285255 0.5167837 0.7580515 -0.2949672 0.5816807 0.8058653 -0.294962 0.513399 0.04208123 -0.2626895 -0.9639624 -0.04209131 -0.2626867 -0.9639628 -0.03778219 -0.4996959 -0.8653765 -0.1130665 -0.4997033 -0.8587856 -0.09272837 -0.7038276 -0.7042928 -0.1537461 -0.7038002 -0.6935614 -0.1098744 -0.861567 -0.4956108 -0.152656 -0.8615635 -0.4841535 -0.08154726 -0.9625248 -0.2586428 -0.1037785 -0.9625285 -0.2505373 -0.006462693 -0.9998578 -0.01557695 -0.007798194 -0.9998573 -0.01499485 0.1102164 -0.9711035 0.2116845 0.1282474 -0.9710952 0.2013124 0.2570006 -0.8781913 0.4033992 0.2911629 -0.8782017 0.3794549 0.2911742 -0.8781638 0.3795338 0.3231083 -0.8782109 0.3526284 0.3231199 -0.8781887 0.352673 0.3526411 -0.8782007 0.3231222 0.5060121 -0.7272893 0.4636832 0.5444943 -0.7273001 0.4178045 0.6734951 -0.5285156 0.5167937 0.7159795 -0.528514 0.4561212 0.8058701 -0.2949773 0.513383 0.8475424 -0.2949688 0.4412089 -0.04207712 -0.2626406 -0.9639759 -0.1259378 -0.262633 -0.9566419 -0.113057 -0.499651 -0.8588172 -0.1874799 -0.4996539 -0.8456934 -0.1537573 -0.7038186 -0.6935403 -0.2136264 -0.7037981 -0.6775192 -0.1526515 -0.8615719 -0.4841399 -0.194265 -0.8615663 -0.469004 -0.1037777 -0.962527 -0.2505431 -0.1252179 -0.9625241 -0.2405574 -0.007798314 -0.999858 -0.01493865 -0.009074091 -0.9998574 -0.0142427 0.1282542 -0.9710991 0.2012895 0.1453006 -0.9710933 0.1893823 0.1453016 -0.9710905 0.1893959 0.1612358 -0.9710975 0.1759912 0.1612524 -0.9710922 0.1760047 0.1759841 -0.9710936 0.1612665 0.3526437 -0.8781986 0.3231248 0.3794585 -0.8781983 0.2911688 0.5444992 -0.72729 0.4178156 0.5788396 -0.7272957 0.3687627 0.715983 -0.528501 0.4561305 0.753016 -0.528504 0.3919827 0.8475409 -0.2949836 0.4412022 0.8827707 -0.2949931 0.3656432 -0.1259452 -0.2626827 -0.9566273 -0.2088413 -0.2626836 -0.9420099 -0.1874797 -0.4997077 -0.8456616 -0.2604753 -0.4997104 -0.8261006 -0.2136285 -0.7038003 -0.6775161 -0.2718579 -0.703789 -0.656334 -0.1942637 -0.8615767 -0.4689854 -0.234402 -0.8615657 -0.4502893 -0.1252187 -0.9625293 -0.2405368 -0.1457071 -0.9625276 -0.2287141 -0.009073793 -0.9998577 -0.01422232 -0.01027953 -0.9998576 -0.01339536 -0.01028096 -0.9998574 -0.01340037 -0.01140844 -0.9998577 -0.01243478 -0.01140868 -0.999857 -0.01248192 -0.01245141 -0.9998574 -0.01141196 0.1759901 -0.9710952 0.1612506 0.1893739 -0.9710873 0.1453514 0.3794637 -0.8781986 0.291161 0.4033912 -0.8781968 0.256994 0.5788443 -0.7272823 0.3687814 0.608787 -0.7272918 0.3168992 0.7530035 -0.5285093 0.3919999 0.7843094 -0.5285099 0.3248632 0.8827732 -0.294964 0.3656608 0.9112832 -0.2949625 0.2873328 -0.2088409 -0.2626748 -0.9420125 -0.2901477 -0.2626826 -0.9202241 -0.2604681 -0.4996521 -0.8261382 -0.3314865 -0.4996643 -0.8002828 -0.2718619 -0.7037963 -0.6563246 -0.3280301 -0.7037879 -0.6301419 -0.2343981 -0.861563 -0.4502964 -0.2727549 -0.8615753 -0.428127 -0.1457085 -0.9625311 -0.2286984 -0.1650661 -0.9625291 -0.2151534 -0.1650737 -0.9625251 -0.2151657 -0.1831822 -0.9625325 -0.1999389 -0.2901433 -0.2627054 -0.9202188 -0.3692429 -0.262702 -0.89143 -0.3314858 -0.4996632 -0.8002837 -0.3999829 -0.4996775 -0.7683334 -0.3280355 -0.7037925 -0.6301341 -0.3816965 -0.7037769 -0.5991711 -0.2727576 -0.8615517 -0.4281731 -0.3089996 -0.8615518 -0.4028 -0.3090189 -0.8615482 -0.402793 -0.3429154 -0.8615778 -0.3742898 -0.1831914 -0.9625293 -0.1999461 -0.1999363 -0.962528 -0.183209 -0.01245123 -0.9998574 -0.01141107 -0.0133984 -0.9998573 -0.01029777 0.189371 -0.9710973 0.1452884 0.2013154 -0.9710912 0.1282733 0.4033848 -0.8782091 0.2569621 0.4242495 -0.8781998 0.2208563 0.6087682 -0.7273014 0.316913 0.63407 -0.7273048 0.2626461 0.7843205 -0.5284827 0.3248809 0.8096516 -0.5284878 0.2552743 0.9112774 -0.294979 0.2873343 0.932859 -0.2949649 0.2068092 -0.369231 -0.2626948 -0.891437 -0.4455395 -0.2626988 -0.8558528 -0.3999672 -0.4996749 -0.7683433 -0.4654217 -0.4996913 -0.7305418 -0.3817037 -0.7038074 -0.5991306 -0.4324082 -0.7038003 -0.5636384 -0.4324227 -0.7037824 -0.5636497 -0.4455322 -0.2626723 -0.8558647 -0.5184413 -0.2626791 -0.813768 -0.4654007 -0.4996707 -0.7305692 -0.5272285 -0.4996738 -0.6872819 -0.52727 -0.4996387 -0.6872754 -0.5184198 -0.2626752 -0.8137831 -0.5872957 -0.2626813 -0.7655602 -0.5872969 -0.2626464 -0.7655712 -0.7113853 -0.2626718 -0.65187 -0.638646 -0.4996597 -0.5852108 -0.638641 -0.4996736 -0.5852043 -0.5237532 -0.7038162 -0.4799223 -0.5237501 -0.7038077 -0.4799382 -0.3742831 -0.8615573 -0.3429743 -0.6872193 -0.4996697 -0.5273139 -0.5636003 -0.7037993 -0.4324596 -0.5635885 -0.7038072 -0.4324621 -0.4027373 -0.8615648 -0.3090453 -0.4027504 -0.8615604 -0.3090401 -0.2151466 -0.9625281 -0.1650812 -0.5991441 -0.703795 -0.3817054 -0.428152 -0.86156 -0.2727645 -0.4281436 -0.8615677 -0.272753 -0.2287147 -0.9625273 -0.1457077 -0.2287145 -0.9625273 -0.1457083 -0.01424336 -0.9998576 -0.009050786 -0.4502938 -0.8615634 -0.2344017 -0.2405412 -0.9625274 -0.1252233 -0.2405437 -0.9625269 -0.1252226 -0.01498013 -0.9998574 -0.007792472 -0.01497989 -0.9998574 -0.007813572 0.2117311 -0.9710932 0.1102185 -0.2505384 -0.9625294 -0.1037678 -0.01560258 -0.9998575 -0.006464838 -0.01560294 -0.9998574 -0.006473898 0.2205228 -0.971095 0.09134787 0.2205327 -0.9710921 0.09135347 0.4419 -0.8781931 0.1830337 -0.0161066 -0.9998574 -0.005088627 0.2276474 -0.9710952 0.07177019 0.2276452 -0.9710946 0.07178413 0.4561707 -0.878193 0.1438239 0.4561734 -0.87819 0.1438338 0.6545519 -0.7272993 0.2063924 0.2330334 -0.9710956 0.05166256 0.4669772 -0.8781898 0.1035135 0.4669653 -0.8781939 0.1035327 0.6700457 -0.7273067 0.1485385 0.6700479 -0.7273045 0.1485399 0.8287957 -0.5285227 0.1837434 0.4742178 -0.8781906 0.06244128 0.680454 -0.727294 0.08958733 0.6804343 -0.7273128 0.08958482 0.8416626 -0.5285122 0.1108108 0.8416544 -0.5285273 0.1108012 0.947346 -0.2949241 0.1247207 0.6856732 -0.7272938 0.02993601 0.8481072 -0.5285291 0.0370298 0.8481253 -0.5285 0.03702974 0.954598 -0.2949671 0.04167896 0.9546072 -0.2949364 0.04168552 0.9545983 -0.2949649 -0.04168552 0.9546101 -0.2949279 -0.0416795 0.8481119 -0.5285214 -0.03703099 0.9473437 -0.2949334 -0.1247172 -0.8914365 -0.2626697 0.36925 -0.8914364 -0.26267 0.3692501 -0.8002762 -0.4996724 0.3314899 -0.8002744 -0.4996803 0.3314825 -0.6563227 -0.7038056 0.2718425 -0.6563196 -0.7038048 0.2718517 -0.2505421 -0.9625272 0.103779 -0.4690058 -0.8615627 0.1942766 -0.4690021 -0.8615671 0.1942656 -0.004019021 0.07223963 -0.9973793 0 -0.008451342 -0.9999643 0 -0.008451879 -0.9999643 0 -0.500032 -0.866007 0 -0.5000441 -0.8659999 0 -0.8617774 -0.5072867 0 -0.9711542 0.2384526 0 -0.9711394 0.2385128 0 -0.7276133 0.6859875 0 -0.7276466 0.6859523 0 -0.5288619 0.848708 0 -0.04208809 0.9991139 0 -0.04208689 0.999114 -0.002305567 -0.9998553 -0.01686012 0.003910124 -0.9856503 -0.1687547 -0.001331984 -0.9625937 -0.2709456 7.98459e-4 -0.9057277 -0.4238594 -0.001907944 -0.8617731 -0.5072905 6.46794e-4 -0.8165485 -0.5772764 -0.001024723 -0.7041305 -0.7100699 -8.1084e-4 -0.7008725 -0.7132862 5.93338e-4 -0.5588681 -0.8292564 -0.001593053 -0.5000426 -0.8659995 5.0431e-5 -0.4284794 -0.9035516 -5.96075e-5 -0.3265154 -0.9451919 -0.00161463 -0.2629041 -0.9648208 -2.14139e-4 -0.2126507 -0.9771283 1.73022e-4 -0.0891385 -0.9960193 -0.00148791 -0.01254308 -0.9999203 -0.002150356 0.01252239 -0.9999193 -0.001859307 -0.9999983 0 -0.001859664 -0.9999794 -0.006139576 -0.001858949 -0.9999794 -0.006137549 -0.001859426 -0.9999794 -0.006140947 0.001081764 -0.9958528 0.09097248 -0.001927733 -0.9711391 0.238506 -5.03201e-4 -0.9650768 0.2619671 4.13907e-4 -0.903391 0.4288175 -0.002788543 -0.8783902 0.4779361 0.001538693 -0.8116117 0.5841953 -0.002870023 -0.7276414 0.6859517 9.80578e-4 -0.6869115 0.7267404 -0.001334547 -0.5288717 0.8487009 -3.83879e-4 -0.5205224 0.8538479 1.89335e-4 -0.3656951 0.9307347 -0.003821194 -0.2952338 0.9554175 -4.44604e-4 -0.2462149 0.9692152 3.78993e-4 -0.1161471 0.993232 0 0.01884728 0.9998224 -2.77044e-4 -0.06990307 0.9975538 0 -0.1097281 0.9939616 0 -0.7276312 0.6859686 0 -0.9998581 -0.01684945 0 -0.8617921 -0.5072618 0 -0.704115 -0.710086 0 -0.2629093 -0.9648206 0 -0.008450567 -0.9999643 0 -0.9625919 -0.2709556 0 -0.008452713 -0.9999643 0 -0.2629079 -0.9648209 0 -0.00845164 -0.9999643 0 -0.7041474 -0.7100539 0 -0.008451044 -0.9999644 0 -0.5000301 -0.8660081 0 -0.008451342 -0.9999643 0 -0.2629092 -0.9648207 0 -0.5000314 -0.8660074 0 -0.5000458 -0.865999 0 -0.8617786 -0.5072847 0 -0.9626008 -0.2709241 0 -0.7041492 -0.7100521 0 -0.962592 -0.2709553 0 -0.9998581 -0.01684939 0 -0.8617919 -0.5072622 0 -0.8617779 -0.5072861 0 -0.9626006 -0.2709245 0 -0.9998581 -0.01684939 0 -0.971147 0.2384819 0 -0.2952239 0.9554281 0 -0.04209101 0.9991138 0 -0.8783737 0.4779745 0 -0.04208552 0.9991141 0 -0.528863 0.8487073 0 -0.7276456 0.6859533 0 -0.1097276 0.9939617 0 -0.1097207 0.9939625 -0.04133504 -0.002708554 0.9991418 -0.04207992 -0.002545952 0.9991111 -0.2951731 -0.01785582 0.955277 -0.2951992 -0.01785421 0.955269 -0.5285947 -0.03197914 0.8482718 -0.5285966 -0.03197562 0.8482707 -0.7269284 -0.04397076 0.6853041 -0.7269326 -0.04397851 0.6852991 -0.8771497 -0.05306935 0.4772758 -0.8771255 -0.05303597 0.477324 -0.9694877 -0.05863124 0.2380253 -0.9694896 -0.05863595 0.2380164 -0.9980361 -0.06035095 -0.01678913 -0.9980352 -0.06037086 -0.01676851 -0.960967 -0.05812799 -0.2704877 -0.9609436 -0.05812382 -0.2705717 -0.8606091 -0.05206936 -0.5065974 -0.860644 -0.05205297 -0.5065397 -0.7034997 -0.04255247 -0.7094206 -0.7035028 -0.04254722 -0.7094178 -0.4998087 -0.03022426 -0.8656084 -0.4997994 -0.03023427 -0.8656134 -0.2628666 -0.01589906 -0.9647012 -0.2628808 -0.0159012 -0.9646974 -0.008456289 -5.11064e-4 -0.9999642 -0.008297562 -5.44129e-4 -0.9999654 -0.008467137 -0.001551151 -0.999963 -0.008040547 -0.001599013 -0.9999664 -0.008325636 -0.002594888 -0.999962 -0.007672429 -0.002604424 -0.9999673 -0.008039057 -0.003617703 -0.9999612 -0.007200181 -0.003552436 -0.9999678 -0.007600903 -0.00459522 -0.9999606 -0.006637871 -0.00443679 -0.9999682 -0.007023572 -0.005503416 -0.9999602 -0.005981862 -0.005250632 -0.9999684 -0.006318688 -0.006319642 -0.9999601 -0.005248248 -0.005987286 -0.9999683 -0.005508244 -0.007024645 -0.9999603 -0.004435658 -0.006640553 -0.9999682 -0.004596412 -0.007601618 -0.9999606 -0.003551483 -0.007204115 -0.9999678 -0.003619551 -0.008038461 -0.9999611 -0.002603709 -0.00767225 -0.9999672 -0.002595424 -0.008326947 -0.999962 -0.001598298 -0.008039355 -0.9999665 -0.001551985 -0.008464515 -0.9999631 -5.42927e-4 -0.008301079 -0.9999654 -5.11835e-4 -0.008451342 -0.9999642 -0.01589953 -0.2628821 -0.964697 -0.01589971 -0.2628743 -0.9646991 -0.04746735 -0.2590264 -0.9647032 -0.04747426 -0.2590594 -0.964694 -0.07835376 -0.251433 -0.964698 -0.07834535 -0.2514193 -0.9647023 -0.1080807 -0.2401514 -0.9646999 -0.1080903 -0.2401607 -0.9646966 -0.1362472 -0.2253756 -0.9646981 -0.1362366 -0.2253647 -0.9647023 -0.1624108 -0.2073075 -0.9647001 -0.162425 -0.2073172 -0.9646956 -0.1862241 -0.1862241 -0.9646975 -0.1862267 -0.1862267 -0.9646965 -0.2073185 -0.1624188 -0.9646964 -0.2073103 -0.162419 -0.9646982 -0.225386 -0.1362472 -0.9646958 -0.2253819 -0.1362475 -0.9646967 -0.2401607 -0.1080839 -0.9646973 -0.2401453 -0.1080846 -0.9647009 -0.2514294 -0.07834804 -0.9646993 -0.2514222 -0.07834386 -0.9647017 -0.2590366 -0.04747384 -0.9647001 -0.2590429 -0.04747194 -0.9646985 -0.03022897 -0.4998078 -0.8656087 -0.03022736 -0.4998103 -0.8656073 -0.09025532 -0.4924976 -0.8656212 -0.0902552 -0.4925165 -0.8656105 -0.1489652 -0.4780563 -0.8656049 -0.1489676 -0.4780424 -0.865612 -0.2055039 -0.4565949 -0.865615 -0.2054873 -0.4565834 -0.8656249 -0.2590247 -0.4284855 -0.8656249 -0.2590343 -0.4284979 -0.865616 -0.3087902 -0.3941348 -0.8656249 -0.3087936 -0.3941433 -0.8656198 -0.3540486 -0.3540431 -0.8656231 -0.3540402 -0.3540536 -0.8656221 -0.394139 -0.3087868 -0.8656243 -0.3941484 -0.3087881 -0.8656194 -0.4284976 -0.2590336 -0.8656162 -0.4284771 -0.2590302 -0.8656274 -0.456571 -0.2054932 -0.8656301 -0.4566001 -0.2054951 -0.8656144 -0.4780268 -0.1489605 -0.8656219 -0.4780569 -0.1489605 -0.8656052 -0.4925252 -0.09026038 -0.8656051 -0.4925094 -0.0902599 -0.8656141 -0.04254692 -0.7034922 -0.7094283 -0.04255104 -0.7035129 -0.7094076 -0.1270417 -0.6932457 -0.7094159 -0.1270478 -0.6932634 -0.7093974 -0.2096848 -0.672894 -0.7093985 -0.2096766 -0.6728752 -0.7094186 -0.2892571 -0.64271 -0.7094042 -0.2892527 -0.6427049 -0.7094106 -0.3646185 -0.6031572 -0.7094045 -0.3646211 -0.6031532 -0.7094066 -0.4346734 -0.5548009 -0.7094047 -0.4346365 -0.5547956 -0.7094315 -0.4983487 -0.4983487 -0.7094345 -0.4983571 -0.4983623 -0.7094191 -0.5548167 -0.4346477 -0.7094081 -0.5547959 -0.4346476 -0.7094245 -0.6031383 -0.3646098 -0.709425 -0.6031314 -0.3646345 -0.7094183 -0.6426805 -0.2892467 -0.7094351 -0.6427072 -0.2892503 -0.7094094 -0.6728929 -0.2096738 -0.7094027 -0.6728692 -0.2096673 -0.7094271 -0.6932348 -0.1270424 -0.7094264 -0.6932396 -0.1270517 -0.70942 -0.05205339 -0.8606176 -0.5065845 -0.05205398 -0.8606045 -0.5066066 -0.1554161 -0.848063 -0.5065917 -0.1554158 -0.8480705 -0.5065794 -0.2564972 -0.8231396 -0.5066068 -0.2565129 -0.8231513 -0.5065799 -0.353853 -0.786238 -0.5065749 -0.3538531 -0.7862328 -0.5065827 -0.4460365 -0.7378354 -0.5066069 -0.4460566 -0.7378628 -0.5065491 -0.5317212 -0.6787173 -0.5065721 -0.5317445 -0.6787047 -0.5065648 -0.6096773 -0.6096929 -0.5065257 -0.6096692 -0.6096641 -0.5065702 -0.678717 -0.5317344 -0.5065588 -0.6786927 -0.5317205 -0.506606 -0.7378263 -0.4460503 -0.5066078 -0.7378558 -0.4460543 -0.5065613 -0.7862604 -0.3538422 -0.5065476 -0.7862401 -0.3538543 -0.5065705 -0.8231608 -0.2565127 -0.5065645 -0.8231441 -0.2565042 -0.506596 -0.8480612 -0.1554226 -0.5065927 -0.848097 -0.1554027 -0.5065388 -0.05812489 -0.9609725 -0.270469 -0.05811965 -0.9609656 -0.2704948 -0.1735371 -0.9469474 -0.2705094 -0.1735314 -0.9469414 -0.2705343 -0.2864171 -0.9191193 -0.2705274 -0.2864128 -0.9191294 -0.2704976 -0.3951101 -0.8778958 -0.2705311 -0.395104 -0.877898 -0.2705332 -0.4980502 -0.8238694 -0.2705277 -0.4980506 -0.8238734 -0.2705149 -0.5937303 -0.7578318 -0.2705096 -0.5937202 -0.7578304 -0.2705358 -0.680727 -0.6807373 -0.270569 -0.6807474 -0.6807525 -0.2704792 -0.7578384 -0.5937233 -0.2705065 -0.7578355 -0.5937296 -0.2705005 -0.8238811 -0.4980465 -0.270499 -0.8238707 -0.4980546 -0.2705157 -0.8779045 -0.395112 -0.2704998 -0.8778976 -0.3951036 -0.2705346 -0.9191218 -0.2864117 -0.2705245 -0.9191253 -0.2864147 -0.2705096 -0.946952 -0.1735225 -0.2705031 -0.9469274 -0.173546 -0.270574 -0.06036221 -0.9980341 -0.01687037 -0.06037473 -0.9980348 -0.01678019 -0.1802302 -0.9834812 -0.01678913 -0.1802322 -0.983481 -0.01678079 -0.2974604 -0.9545873 -0.01674818 -0.2974656 -0.9545844 -0.0168212 -0.4103516 -0.9117737 -0.01674807 -0.4103508 -0.911773 -0.01680094 -0.5172637 -0.8556618 -0.01676845 -0.517265 -0.8556604 -0.01680099 -0.6166331 -0.7870712 -0.01680946 -0.6166313 -0.7870733 -0.01678043 -0.7070016 -0.7070118 -0.01682972 -0.7070126 -0.7070024 -0.01676017 -0.7870764 -0.6166271 -0.01678919 -0.7870658 -0.6166397 -0.01682114 -0.8556622 -0.5172625 -0.01678907 -0.8556575 -0.5172699 -0.01680076 -0.9117729 -0.410351 -0.01679909 -0.9117721 -0.4103527 -0.01680099 -0.9545871 -0.2974587 -0.01678919 -0.9545846 -0.2974654 -0.01681095 -0.9834794 -0.1802379 -0.0168094 -0.9834835 -0.1802194 -0.01677048 -0.05864787 -0.9694825 0.2380427 -0.05862903 -0.9694925 0.2380061 -0.1750796 -0.9553613 0.2379747 -0.1750871 -0.9553315 0.2380892 -0.2889565 -0.9272741 0.2380482 -0.2889443 -0.9272884 0.2380071 -0.39861 -0.8856936 0.2380275 -0.3986175 -0.8856891 0.2380314 -0.5024672 -0.83118 0.2380473 -0.5024703 -0.8311773 0.2380506 -0.5989868 -0.7645521 0.2380652 -0.5989831 -0.764566 0.23803 -0.6867879 -0.6867929 0.2379875 -0.6867888 -0.6867632 0.2380705 -0.764546 -0.5989872 0.2380837 -0.764554 -0.5990062 0.2380105 -0.8311846 -0.5024694 0.2380268 -0.8311852 -0.502458 0.2380485 -0.8856871 -0.3986116 0.2380488 -0.885685 -0.3986159 0.2380495 -0.9272766 -0.2889513 0.2380449 -0.9272758 -0.2889482 0.2380515 -0.9553413 -0.1750741 0.2380588 -0.9553481 -0.1750797 0.2380279 -0.05304449 -0.877133 0.4773094 -0.05305182 -0.8771285 0.4773168 -0.1584122 -0.8643535 0.4772824 -0.1584035 -0.8643403 0.4773097 -0.2614249 -0.8389669 0.4772754 -0.2614301 -0.8389523 0.4772981 -0.3606497 -0.8013234 0.4772973 -0.3606461 -0.8013271 0.4772937 -0.4546006 -0.7519921 0.4773325 -0.4546092 -0.7520196 0.477281 -0.5419268 -0.6917397 0.4772961 -0.5419249 -0.6917169 0.4773312 -0.6213554 -0.6213503 0.4773272 -0.6213791 -0.6213895 0.4772455 -0.6917482 -0.5419557 0.477251 -0.6917307 -0.5419357 0.4772991 -0.7520213 -0.4546111 0.4772765 -0.7520049 -0.4545919 0.4773205 -0.8013246 -0.3606463 0.4772979 -0.8013157 -0.3606486 0.4773109 -0.838944 -0.2614254 0.4773151 -0.8389549 -0.2614325 0.4772922 -0.8643574 -0.158402 0.4772788 -0.8643296 -0.1584002 0.4773298 -0.04396528 -0.7269232 0.6853101 -0.04397016 -0.7269069 0.6853269 -0.1312788 -0.7163254 0.6853057 -0.1312769 -0.7163154 0.6853165 -0.2166537 -0.6952834 0.6853046 -0.2166549 -0.6952688 0.6853189 -0.2988856 -0.6640918 0.6853098 -0.2988836 -0.6641185 0.6852849 -0.3767603 -0.6232394 0.6852915 -0.37677 -0.6232365 0.6852888 -0.4491249 -0.5732646 0.6853134 -0.449132 -0.5732817 0.6852946 -0.5149541 -0.5149671 0.6852965 -0.5149438 -0.5149438 0.6853218 -0.5732524 -0.4491087 0.6853343 -0.5732627 -0.449116 0.6853209 -0.6232102 -0.3767364 0.6853312 -0.6232234 -0.3767508 0.6853111 -0.6640918 -0.2988856 0.6853098 -0.6641026 -0.2988943 0.6852956 -0.6952995 -0.2166674 0.6852838 -0.6952802 -0.2166492 0.6853092 -0.7163215 -0.1312667 0.685312 -0.7163364 -0.1312752 0.6852948 -0.03197503 -0.5286136 0.8482602 -0.03197616 -0.528579 0.8482816 -0.09545862 -0.5208749 0.8482788 -0.09545999 -0.5209034 0.8482612 -0.1575419 -0.5055716 0.8482795 -0.1575496 -0.5056052 0.848258 -0.2173406 -0.4829342 0.8482556 -0.2173365 -0.4828954 0.8482788 -0.2739581 -0.453168 0.848284 -0.2739725 -0.4532105 0.8482566 -0.3265957 -0.4168674 0.848267 -0.3265971 -0.4168649 0.8482676 -0.3744638 -0.3744664 0.848264 -0.3744667 -0.3744722 0.8482602 -0.4168799 -0.3265964 0.8482606 -0.4168727 -0.3266032 0.8482616 -0.453206 -0.2739698 0.8482601 -0.4532019 -0.2739667 0.8482631 -0.4829123 -0.2173472 0.8482665 -0.4828876 -0.2173221 0.8482869 -0.5055705 -0.157537 0.8482811 -0.5055756 -0.1575483 0.8482758 -0.5208797 -0.0954588 0.8482759 -0.5208921 -0.09545892 0.8482683 -0.0178557 -0.2951766 0.9552758 -0.01785582 -0.2951936 0.9552707 -0.05330616 -0.290883 0.9552725 -0.05330741 -0.2908794 0.9552735 -0.08797544 -0.282328 0.9552755 -0.08797419 -0.2823243 0.9552767 -0.121367 -0.2696554 0.955278 -0.1213629 -0.2696689 0.9552747 -0.1529846 -0.2530639 0.9552771 -0.1529868 -0.2530696 0.9552753 -0.1823738 -0.2327814 0.9552763 -0.182372 -0.2327833 0.9552761 -0.2091022 -0.2090994 0.9552768 -0.2090979 -0.2091064 0.9552763 -0.2327841 -0.182371 0.9552761 -0.2327731 -0.1823669 0.9552796 -0.2530667 -0.1529791 0.9552773 -0.2530615 -0.152979 0.9552786 -0.2696613 -0.1213629 0.9552769 -0.26967 -0.121374 0.955273 -0.2823359 -0.08797931 0.9552728 -0.2823187 -0.08797192 0.9552786 -0.2908653 -0.05330413 0.955278 -0.290883 -0.05331563 0.955272 -0.002545297 -0.04208743 0.9991107 -0.002708673 -0.0413345 0.9991417 -0.007725298 -0.04215389 0.9990813 -0.007962584 -0.04002964 0.9991669 -0.01292324 -0.04147171 0.9990561 -0.01296913 -0.03820025 0.999186 -0.01801562 -0.04003787 0.9990357 -0.01768791 -0.03586661 0.9992001 -0.02288645 -0.03786104 0.999021 -0.02209383 -0.03306132 0.9992091 -0.02740728 -0.03498739 0.9990119 -0.02614772 -0.02980953 0.9992136 -0.03147798 -0.03147685 0.9990087 -0.0298143 -0.02614265 0.9992136 -0.0349853 -0.02741128 0.9990119 -0.03306448 -0.02209132 0.9992091 -0.03785949 -0.0228883 0.9990209 -0.03587347 -0.01768797 0.9991998 -0.04003441 -0.01801943 0.9990358 -0.03819841 -0.01296734 0.999186 -0.04147166 -0.01292377 0.9990561 -0.04003804 -0.007962286 0.9991665 -0.04214656 -0.007725656 0.9990817 0 1 -1.20629e-5 0 1 4.42934e-6 0.9848079 0 -0.1736481 0.8987927 0 -0.438374 0.8541575 0 -0.5200145 0.743142 0 -0.6691339 0.6064471 0 -0.795124 -0.5299227 0 -0.8480461 -0.3637893 0 -0.9314813 0.3637966 0 -0.9314785 0.9805005 0 0.1965167 0.927184 0 0.3746063 0 -1 6.03144e-6 0 -1 -4.71206e-6 -8.00658e-7 0 -1 2.32498e-7 0 -1 -3.7934e-7 0 -1 1.86001e-6 0 -1 -1.40112e-6 0 -1 3.35949e-7 0 -1 -8.44006e-7 0 -1 3.79318e-7 0 -1 -3.79315e-7 0 -1 1.688e-6 0 -1 -3.35945e-7 0 -1 8.00638e-7 0 -1 1.40109e-6 0 -1 -1.16252e-6 0 -1 4.21984e-7 0 -1 3.7934e-7 0 -1 -5.60842e-7 0 -1 -0.07845556 -0.006677627 -0.9968953 -0.07620364 -0.01984632 -0.9968948 -0.07174491 -0.03243106 -0.9968956 -0.06523603 -0.04409408 -0.9968952 -0.0568512 -0.05447578 -0.9968954 -0.04682189 -0.0633133 -0.9968948 -0.03545653 -0.07030415 -0.9968953 -0.02305662 -0.07529163 -0.996895 -0.01000177 -0.07810992 -0.9968947 0.003342747 -0.07867336 -0.9968949 0.01658844 -0.07697159 -0.9968954 0.02935886 -0.07306212 -0.9968952 0.05202615 -0.05911397 -0.9968946 0.06126177 -0.04946547 -0.9968953 0.06874167 -0.03840184 -0.9968952 0.07424449 -0.02623015 -0.9968951 0.07760578 -0.01330631 -0.9968953 0.07874578 0 -0.9968947 0.07760965 0.01330542 -0.996895 0.07424169 0.02622848 -0.9968953 0.06874042 0.03840684 -0.996895 0.06126379 0.04946708 -0.9968951 0.05202442 0.05911201 -0.9968948 0.02935999 0.07305973 -0.9968953 0.01659011 0.07696968 -0.9968954 0.003332495 0.07867276 -0.996895 -0.009997606 0.07810944 -0.9968947 -0.02305102 0.07529348 -0.996895 -0.03545552 0.07030415 -0.9968954 -0.0468173 0.0633071 -0.9968954 -0.05685102 0.05447757 -0.9968953 -0.06523704 0.04409408 -0.9968952 -0.07174563 0.03242999 -0.9968956 -0.07620239 0.01984632 -0.9968948 -0.07845449 0.006676793 -0.9968953 -0.6484632 -0.05519163 -0.7592426 -0.6484506 -0.05518776 -0.7592536 -0.6297982 -0.1639972 -0.759249 -0.6298048 -0.1639763 -0.7592482 -0.5930346 -0.2680528 -0.7592482 -0.5930279 -0.2680758 -0.7592453 -0.5392009 -0.3644236 -0.7592483 -0.5391957 -0.3644376 -0.7592452 -0.4698542 -0.4503101 -0.7592483 -0.469854 -0.4502999 -0.7592545 -0.3869729 -0.5232498 -0.7592509 -0.3869686 -0.5232414 -0.7592587 -0.2929939 -0.5811172 -0.7592481 -0.2930121 -0.5811082 -0.7592478 -0.190571 -0.6222751 -0.7592474 -0.1905829 -0.6222783 -0.7592417 -0.08266305 -0.6455292 -0.7592489 -0.08263766 -0.6455296 -0.7592514 0.0276218 -0.6502088 -0.7592534 0.02761054 -0.6502155 -0.759248 0.1371192 -0.6361896 -0.7592504 0.1371111 -0.6361947 -0.7592476 0.2426592 -0.6038777 -0.7592419 0.2426625 -0.6038851 -0.7592351 0.341216 -0.5541771 -0.7592493 0.3412185 -0.5541802 -0.7592458 0.4299719 -0.4885276 -0.759253 0.4299712 -0.4885308 -0.7592514 0.5063473 -0.4088501 -0.7592457 0.5063517 -0.4088299 -0.7592536 0.5681455 -0.3174152 -0.7592486 0.5681574 -0.3173875 -0.7592512 0.6136218 -0.2168015 -0.7592533 0.6136344 -0.2168242 -0.7592366 0.6414473 -0.1100082 -0.759239 0.6414397 -0.1099576 -0.7592526 0.6507959 0 -0.7592529 0.6507997 0 -0.7592496 0.641435 0.1099883 -0.7592521 0.6414521 0.1099765 -0.7592394 0.613637 0.2168079 -0.7592392 0.6136223 0.2168188 -0.759248 0.5681484 0.3174008 -0.7592524 0.5681505 0.317401 -0.7592507 0.5063524 0.4088398 -0.759248 0.5063498 0.4088457 -0.7592465 0.4299698 0.4885283 -0.7592537 0.429974 0.488534 -0.7592477 0.3412194 0.5541781 -0.7592471 0.3412126 0.5541815 -0.7592476 0.2426512 0.603879 -0.7592434 0.2426649 0.6038656 -0.7592498 0.1371044 0.6361981 -0.7592461 0.137112 0.6361989 -0.7592439 0.02762198 0.6502279 -0.7592371 0.02761453 0.650214 -0.7592491 -0.08266276 0.6455411 -0.7592388 -0.0826655 0.6455223 -0.7592546 -0.1905784 0.6222813 -0.7592403 -0.190574 0.6222708 -0.75925 -0.2929843 0.5811272 -0.759244 -0.292992 0.5811187 -0.7592474 -0.3869837 0.5232239 -0.7592632 -0.3869751 0.523272 -0.7592344 -0.4698525 0.4503244 -0.7592408 -0.4698587 0.4503044 -0.759249 -0.5391994 0.3644226 -0.7592498 -0.539201 0.3644278 -0.7592463 -0.5930205 0.2680634 -0.7592554 -0.5930358 0.2680679 -0.7592418 -0.6297979 0.163982 -0.7592527 -0.6298011 0.1639944 -0.7592473 -0.6484555 0.05517512 -0.7592504 -0.6484624 0.05520415 -0.7592424 -0.5219723 -0.04444652 -0.8518037 -0.5219939 -0.04440116 -0.8517929 -0.5069794 -0.1319918 -0.8517923 -0.5069691 -0.1320183 -0.8517943 -0.4773675 -0.215779 -0.8517981 -0.4773581 -0.2157924 -0.8517999 -0.4340246 -0.2933475 -0.851804 -0.4340218 -0.2933559 -0.8518025 -0.3782095 -0.3624725 -0.8518047 -0.3782058 -0.3624783 -0.8518039 -0.3114925 -0.4211997 -0.8518 -0.3115221 -0.4211784 -0.8517998 -0.2358637 -0.4677825 -0.8517909 -0.235838 -0.4677684 -0.8518059 -0.1534074 -0.5008966 -0.8518033 -0.1534068 -0.5008952 -0.8518042 -0.06651949 -0.5196251 -0.851801 -0.06654208 -0.5196263 -0.8517985 0.02222591 -0.523397 -0.8517991 0.02222591 -0.5233983 -0.8517983 0.1103689 -0.5121219 -0.8517922 0.1103708 -0.5121053 -0.8518019 0.1953301 -0.4860942 -0.8517972 0.1953249 -0.4860941 -0.8517985 0.2746698 -0.4460921 -0.8517972 0.2746694 -0.4460831 -0.851802 0.3461198 -0.3932545 -0.8517934 0.3461036 -0.3932652 -0.8517951 0.4075945 -0.3291033 -0.8517968 0.4075948 -0.3291017 -0.8517973 0.4573398 -0.2554995 -0.8517982 0.4573423 -0.2555007 -0.8517967 0.4939469 -0.1745266 -0.8517963 0.4939457 -0.1745032 -0.8518018 0.5163354 -0.08851969 -0.8517993 0.5163286 -0.08854049 -0.8518013 0.5238675 0 -0.8517998 0.523864 0 -0.8518019 0.5163374 0.08851957 -0.8517981 0.5163217 0.0885393 -0.8518056 0.4939343 0.1745212 -0.8518047 0.4939528 0.1745057 -0.8517972 0.4573484 0.2555043 -0.8517924 0.4573318 0.2555085 -0.8518 0.4075872 0.3291062 -0.8517991 0.4076046 0.329079 -0.8518013 0.3461135 0.393256 -0.8517954 0.3461052 0.3932557 -0.8517989 0.2746632 0.4460903 -0.8518002 0.2746567 0.4460964 -0.8517991 0.1953355 0.4860919 -0.8517974 0.1953367 0.4860917 -0.8517972 0.1103677 0.512108 -0.8518007 0.1103491 0.5121123 -0.8518005 0.02222836 0.5233829 -0.8518076 0.02224302 0.5234063 -0.851793 -0.0665425 0.5196295 -0.8517965 -0.06653481 0.5196347 -0.851794 -0.1534067 0.5009035 -0.8517993 -0.1534101 0.5009058 -0.8517975 -0.2358534 0.4677798 -0.8517953 -0.2358444 0.4677858 -0.8517945 -0.3114958 0.4211903 -0.8518035 -0.311507 0.4211897 -0.8517997 -0.3782082 0.3624801 -0.8518021 -0.378214 0.3624716 -0.8518032 -0.4340285 0.293348 -0.8518017 -0.4340308 0.2933531 -0.8517988 -0.4773653 0.2157915 -0.851796 -0.4773604 0.2157822 -0.8518012 -0.5069742 0.1320092 -0.8517926 -0.5069682 0.1319956 -0.8517984 -0.52199 0.04443776 -0.8517934 -0.5219801 0.04440921 -0.8518008 -0.3824825 -0.03254145 -0.9233896 -0.3824853 -0.03253942 -0.9233885 -0.3714662 -0.09673058 -0.9233939 -0.3714755 -0.09672451 -0.9233908 -0.3497828 -0.1581299 -0.9233889 -0.3497818 -0.1581248 -0.9233901 -0.3180385 -0.2149511 -0.9233892 -0.3180425 -0.2149453 -0.9233891 -0.2771378 -0.2656077 -0.923389 -0.277136 -0.2656183 -0.9233865 -0.2282656 -0.3086204 -0.9233896 -0.228256 -0.308624 -0.9233908 -0.1728124 -0.342774 -0.9233862 -0.1728248 -0.3427497 -0.9233928 -0.1124103 -0.3670431 -0.9233869 -0.1123911 -0.367046 -0.9233881 -0.04875719 -0.3807457 -0.9233934 -0.048756 -0.3807483 -0.9233924 0.01628565 -0.3835144 -0.9233913 0.01628208 -0.3835388 -0.9233813 0.08087438 -0.3752432 -0.9233915 0.08087736 -0.3752337 -0.9233951 0.1431211 -0.3561826 -0.9233908 0.1431307 -0.3561818 -0.9233895 0.2012635 -0.326857 -0.9233946 0.2012659 -0.3268678 -0.9233903 0.2536084 -0.2881593 -0.9233889 0.2536005 -0.2881813 -0.9233843 0.2986589 -0.2411397 -0.923393 0.298671 -0.2411553 -0.923385 0.3351151 -0.1872178 -0.923389 0.3351121 -0.1872093 -0.9233919 0.361936 -0.127866 -0.923392 0.3619412 -0.1278697 -0.9233894 0.3783439 -0.06488019 -0.9233886 0.3783361 -0.06487983 -0.9233919 0.3838613 0 -0.9233908 0.3838651 0 -0.9233892 0.3783439 0.06488019 -0.9233886 0.3783349 0.06487578 -0.9233927 0.361936 0.127866 -0.9233919 0.3619336 0.127867 -0.9233927 0.33511 0.1872248 -0.9233895 0.3351245 0.1872141 -0.9233865 0.2986729 0.2411477 -0.9233863 0.2986617 0.2411314 -0.9233942 0.2536084 0.2881593 -0.9233889 0.2535898 0.2881774 -0.9233884 0.2012502 0.3268606 -0.9233962 0.2012712 0.32687 -0.9233883 0.1431332 0.3561813 -0.9233893 0.1431319 0.3561845 -0.9233883 0.08085995 0.3752466 -0.9233914 0.08087414 0.3752367 -0.9233942 0.01629847 0.3835183 -0.9233896 0.01628941 0.3835417 -0.9233799 -0.04875302 0.3807517 -0.9233912 -0.04875826 0.3807396 -0.923396 -0.1124122 0.3670402 -0.9233879 -0.1124092 0.3670339 -0.9233908 -0.1728162 0.3427648 -0.9233888 -0.172818 0.3427538 -0.9233925 -0.2282562 0.3086261 -0.9233899 -0.2282554 0.3086067 -0.9233967 -0.277132 0.2656111 -0.9233897 -0.2771335 0.2656241 -0.9233856 -0.3180327 0.2149491 -0.9233916 -0.3180413 0.2149417 -0.9233904 -0.3497784 0.1581392 -0.9233889 -0.3497883 0.158111 -0.92339 -0.3714746 0.09672141 -0.9233914 -0.37148 0.09674322 -0.9233869 -0.3824738 0.03252792 -0.9233936 -0.3824891 0.03255409 -0.9233863 -0.2334031 -0.01985788 -0.9721773 -0.2333965 -0.01985818 -0.9721789 -0.2266895 -0.05902856 -0.9721767 -0.2266831 -0.05903524 -0.9721778 -0.2134483 -0.09648966 -0.9721778 -0.213441 -0.09651201 -0.9721772 -0.1940744 -0.131161 -0.9721789 -0.1940759 -0.1311601 -0.9721788 -0.16911 -0.1620795 -0.9721791 -0.1691258 -0.1620851 -0.9721754 -0.1392868 -0.1883185 -0.9721807 -0.1392799 -0.1883456 -0.9721764 -0.1054579 -0.2091638 -0.9721775 -0.1054759 -0.2091511 -0.9721784 -0.06858384 -0.2239775 -0.9721782 -0.06859469 -0.2239772 -0.9721776 -0.02975177 -0.2323548 -0.972176 -0.02975231 -0.2323398 -0.9721795 0.009935855 -0.2340341 -0.9721776 0.00994569 -0.2340332 -0.9721778 0.04935371 -0.2289834 -0.9721784 0.04934924 -0.2289844 -0.9721785 0.08734494 -0.2173496 -0.972178 0.08733743 -0.2173767 -0.9721726 0.1228178 -0.1994566 -0.9721795 0.1228145 -0.1994696 -0.9721773 0.154751 -0.1758494 -0.9721776 0.1547638 -0.175834 -0.9721783 0.1822544 -0.1471505 -0.972178 0.1822386 -0.1471727 -0.9721777 0.2044924 -0.1142291 -0.9721804 0.2045025 -0.1142316 -0.972178 0.2208678 -0.07803064 -0.9721773 0.2208607 -0.07804548 -0.9721777 0.2308879 -0.0396108 -0.9721737 0.2308657 -0.03953611 -0.9721821 0.2342357 0 -0.9721799 0.2342512 0 -0.9721762 0.2308788 0.03958207 -0.972177 0.2308791 0.03958284 -0.9721769 0.2208678 0.07803064 -0.9721773 0.2208569 0.07804262 -0.9721788 0.2044947 0.1142372 -0.9721789 0.2044959 0.1142293 -0.9721796 0.1822537 0.1471586 -0.9721769 0.1822311 0.1471503 -0.9721824 0.1547464 0.1758496 -0.9721783 0.1547712 0.1758424 -0.9721757 0.1228192 0.1994629 -0.972178 0.1228297 0.1994406 -0.9721812 0.08734375 0.2173548 -0.972177 0.08734291 0.2173628 -0.9721753 0.04935133 0.2289818 -0.9721789 0.04935401 0.2289861 -0.9721778 0.009940445 0.2340419 -0.9721757 0.009913742 0.2340142 -0.9721828 -0.02975404 0.2323442 -0.9721785 -0.02974706 0.2323498 -0.9721773 -0.06859672 0.2239739 -0.9721781 -0.06856912 0.2239865 -0.9721772 -0.1054631 0.2091731 -0.9721751 -0.1054751 0.2091494 -0.9721788 -0.1392921 0.1883325 -0.9721773 -0.1392814 0.1883267 -0.9721799 -0.1691102 0.1620956 -0.9721763 -0.1691173 0.1620813 -0.9721775 -0.1940829 0.1311733 -0.9721755 -0.1940663 0.1311373 -0.9721838 -0.2134485 0.09648966 -0.9721778 -0.2134456 0.09651035 -0.9721763 -0.2266837 0.05901944 -0.9721786 -0.2266894 0.05905431 -0.9721753 -0.2334032 0.01985651 -0.9721773 -0.2333983 0.01985603 -0.9721786 0.04128289 -0.06704652 -0.9968954 0.04128867 0.06704431 -0.9968954 0.07845962 0.00667721 -0.996895 0.07620263 0.01984632 -0.9968948 0.07175028 0.03244024 -0.996895 0.06523704 0.04408591 -0.9968955 0.05684912 0.05448395 -0.996895 0.04681885 0.06330919 -0.9968952 0.03545331 0.07030999 -0.996895 0.02305144 0.07528656 -0.9968955 0.009997665 0.07810181 -0.9968953 -0.003332853 0.0786736 -0.9968949 -0.01658833 0.07697778 -0.9968949 -0.02935898 0.07305163 -0.996896 -0.04128867 0.06705248 -0.9968948 -0.06126177 0.04946547 -0.9968953 -0.06873768 0.03840559 -0.9968953 -0.07423681 0.02623492 -0.9968955 -0.07760965 0.01330542 -0.996895 -0.07874065 0 -0.9968952 -0.07760554 -0.01330631 -0.9968954 -0.07424449 -0.02623838 -0.9968948 -0.06874167 -0.03840184 -0.9968952 -0.06126177 -0.04946547 -0.9968953 -0.05202275 -0.05910193 -0.9968956 -0.0412842 -0.06705683 -0.9968947 -0.01658654 -0.07697904 -0.9968948 -0.003343105 -0.07867407 -0.9968948 0.01000171 -0.07810133 -0.9968953 0.02305716 -0.07528531 -0.9968954 0.03545534 -0.07030999 -0.9968949 0.04682338 -0.06331539 -0.9968946 0.05684828 -0.05448216 -0.9968952 0.06524026 -0.04408884 -0.9968951 0.07174777 -0.03244024 -0.9968952 0.07620388 -0.01984632 -0.9968947 0.0784505 -0.00667721 -0.9968957 0.6484627 0.05517572 -0.7592443 0.6484644 0.05518692 -0.759242 0.6298102 0.1639996 -0.7592386 0.6297945 0.1639753 -0.7592568 0.593032 0.2680686 -0.7592447 0.5930326 0.2680491 -0.759251 0.5391901 0.3644451 -0.7592457 0.5392011 0.3644452 -0.7592378 0.4698571 0.4502998 -0.7592527 0.4698565 0.4503197 -0.7592411 0.3869962 0.5232407 -0.7592452 0.3869587 0.5232673 -0.7592459 0.2929819 0.5811081 -0.7592595 0.2930008 0.5811187 -0.7592442 0.1905768 0.6222762 -0.759245 0.1905765 0.6222791 -0.7592427 0.08266305 0.6455292 -0.7592489 0.08266562 0.645541 -0.7592387 -0.02762168 0.6502207 -0.7592433 -0.0276156 0.6502211 -0.759243 -0.1371044 0.6361981 -0.7592461 -0.1371044 0.6361986 -0.7592456 -0.242654 0.6038715 -0.7592485 -0.2426707 0.6038625 -0.7592504 -0.3412212 0.5541666 -0.7592547 -0.3412116 0.5541972 -0.7592366 -0.4299713 0.4885445 -0.7592424 -0.4299833 0.4885272 -0.7592468 -0.5063388 0.4088577 -0.7592473 -0.5063464 0.4088431 -0.7592501 -0.5681614 0.3173792 -0.7592517 -0.5681549 0.3174208 -0.7592391 -0.6136384 0.2168228 -0.7592338 -0.6136261 0.216768 -0.7592593 -0.641435 0.1099883 -0.7592521 -0.6414487 0.1099933 -0.7592397 -0.6508101 0 -0.7592406 -0.6508083 0 -0.7592422 -0.6414493 -0.1099797 -0.7592412 -0.6414292 -0.1100079 -0.7592542 -0.6136252 -0.2168027 -0.7592501 -0.61364 -0.2167914 -0.7592414 -0.5681704 -0.3173858 -0.7592422 -0.5681474 -0.3174166 -0.7592466 -0.5063395 -0.4088583 -0.7592467 -0.5063531 -0.4088484 -0.7592428 -0.4299778 -0.4885343 -0.7592453 -0.4299768 -0.4885372 -0.759244 -0.3412276 -0.5541815 -0.7592408 -0.3412063 -0.5541777 -0.7592533 -0.2426573 -0.6038728 -0.7592465 -0.2426725 -0.6038749 -0.75924 -0.1371207 -0.6361966 -0.7592443 -0.1371026 -0.6361902 -0.7592529 -0.02762097 -0.6502183 -0.7592452 -0.0276122 -0.6502026 -0.759259 0.08266097 -0.645527 -0.759251 0.08264076 -0.6455365 -0.7592452 0.190571 -0.6222751 -0.7592474 0.1905804 -0.6222701 -0.759249 0.2929996 -0.5811139 -0.7592483 0.2930112 -0.581089 -0.7592628 0.3869686 -0.523244 -0.759257 0.3869702 -0.523261 -0.7592445 0.4698582 -0.4502995 -0.7592521 0.4698571 -0.4503028 -0.7592508 0.5391938 -0.3644476 -0.7592419 0.5391941 -0.3644539 -0.7592386 0.5930352 -0.2680386 -0.7592527 0.5930318 -0.2680775 -0.7592416 0.6298066 -0.163985 -0.7592448 0.629803 -0.1639931 -0.759246 0.6484632 -0.05519163 -0.7592426 0.6484649 -0.05517154 -0.7592427 0.5219826 0.0444197 -0.8517988 0.5219907 0.0444101 -0.8517943 0.5069656 0.1320244 -0.8517955 0.5069698 0.1320073 -0.8517956 0.4773697 0.2157848 -0.8517951 0.4773775 0.2157787 -0.8517924 0.4340349 0.2933523 -0.8517971 0.4340273 0.293362 -0.8517975 0.3782137 0.3624765 -0.8518012 0.3782159 0.3624849 -0.8517966 0.3114919 0.4212025 -0.851799 0.3115041 0.4212082 -0.8517917 0.2358552 0.4677663 -0.8518024 0.2358433 0.4677836 -0.8517961 0.153405 0.5009063 -0.851798 0.153414 0.5009069 -0.851796 0.06654298 0.5196334 -0.8517941 0.06653392 0.5196166 -0.8518051 -0.02222925 0.5234125 -0.8517894 -0.02224272 0.523388 -0.8518041 -0.1103625 0.5121018 -0.8518052 -0.1103519 0.5121246 -0.8517928 -0.1953419 0.4860818 -0.8518016 -0.1953406 0.4860901 -0.8517973 -0.2746565 0.4460968 -0.851799 -0.2746552 0.4461165 -0.8517891 -0.3461158 0.3932412 -0.8518011 -0.346115 0.3932555 -0.8517949 -0.4075872 0.3291062 -0.8517991 -0.4076017 0.3290991 -0.851795 -0.457341 0.2554914 -0.8518002 -0.4573446 0.2554818 -0.8518011 -0.4939424 0.1745154 -0.8518013 -0.4939474 0.1745262 -0.8517962 -0.5163358 0.08855408 -0.8517956 -0.5163273 0.08852899 -0.8518033 -0.5238636 0 -0.8518022 -0.523864 0 -0.8518019 -0.5163338 -0.0885542 -0.8517967 -0.5163372 -0.08853065 -0.8517971 -0.4939558 -0.1745123 -0.8517941 -0.4939321 -0.1745321 -0.8518038 -0.4573307 -0.2554857 -0.8518073 -0.4573593 -0.2554765 -0.8517947 -0.4075933 -0.329111 -0.8517944 -0.4075933 -0.3291117 -0.8517942 -0.346119 -0.393245 -0.8517982 -0.34611 -0.3932499 -0.8517996 -0.2746565 -0.4460967 -0.851799 -0.2746732 -0.4461007 -0.8517916 -0.1953395 -0.4860915 -0.8517967 -0.1953259 -0.4860855 -0.8518031 -0.1103634 -0.5121139 -0.8517977 -0.110373 -0.5121151 -0.8517957 -0.02222621 -0.5234048 -0.8517944 -0.02222615 -0.5234034 -0.8517953 0.06652158 -0.519624 -0.8518015 0.06653976 -0.5196195 -0.8518029 0.1534078 -0.5008985 -0.8518021 0.153407 -0.5008952 -0.8518043 0.2358624 -0.4677714 -0.8517974 0.2358438 -0.4677686 -0.8518042 0.3114947 -0.4212114 -0.8517934 0.3115103 -0.4211961 -0.8517954 0.3782094 -0.3624725 -0.8518047 0.3782131 -0.3624853 -0.8517977 0.4340294 -0.2933508 -0.8518004 0.4340224 -0.2933676 -0.8517982 0.4773683 -0.2157707 -0.8517997 0.477373 -0.2157879 -0.8517927 0.5069632 -0.132005 -0.8517999 0.5069781 -0.1320319 -0.8517869 0.521981 -0.04440379 -0.8518006 0.5219897 -0.0444346 -0.8517937 0.3824857 0.0325402 -0.9233883 0.3824694 0.03255236 -0.9233946 0.3714736 0.09674376 -0.9233896 0.3714697 0.09672385 -0.9233931 0.3497883 0.1580985 -0.9233921 0.3497767 0.1581224 -0.9233924 0.318022 0.2149531 -0.9233945 0.3180351 0.2149543 -0.9233897 0.2771386 0.2656061 -0.9233893 0.2771168 0.2656079 -0.9233953 0.2282489 0.3086275 -0.9233913 0.2282543 0.3086217 -0.923392 0.1728125 0.3427582 -0.9233919 0.1728215 0.3427763 -0.9233835 0.1124134 0.3670216 -0.923395 0.1124109 0.3670395 -0.9233883 0.04875129 0.3807495 -0.9233922 0.0487591 0.3807624 -0.9233865 -0.01629847 0.3835183 -0.9233896 -0.01628965 0.3835135 -0.9233917 -0.08086067 0.3752612 -0.9233855 -0.08087414 0.3752367 -0.9233942 -0.1431352 0.3561759 -0.9233911 -0.1431335 0.3561872 -0.923387 -0.2012501 0.3268715 -0.9233924 -0.2012619 0.3268723 -0.9233896 -0.2536042 0.288143 -0.9233952 -0.2536056 0.2881625 -0.9233888 -0.298662 0.2411389 -0.9233921 -0.2986514 0.2411726 -0.9233869 -0.3351219 0.1872089 -0.9233885 -0.3351263 0.1871822 -0.9233922 -0.361935 0.1278882 -0.9233893 -0.3619315 0.1278828 -0.9233914 -0.3783364 0.06486761 -0.9233925 -0.3783482 0.06489461 -0.9233859 -0.3838612 0 -0.9233909 -0.3838653 0 -0.9233892 -0.3783479 -0.06488084 -0.9233869 -0.3783418 -0.06488078 -0.9233894 -0.3619313 -0.1278868 -0.9233909 -0.361943 -0.127887 -0.9233863 -0.33512 -0.1871981 -0.9233914 -0.3351269 -0.1871845 -0.9233915 -0.2986604 -0.2411634 -0.9233863 -0.2986479 -0.2411533 -0.9233929 -0.2536066 -0.288146 -0.9233935 -0.2536067 -0.2881553 -0.9233906 -0.2012599 -0.3268738 -0.9233894 -0.2012628 -0.3268628 -0.9233927 -0.1431215 -0.3561723 -0.9233946 -0.1431319 -0.3561845 -0.9233883 -0.0808736 -0.3752509 -0.9233884 -0.08087861 -0.3752394 -0.9233927 -0.01628577 -0.3835183 -0.9233897 -0.01628202 -0.3835047 -0.9233954 0.04875636 -0.3807591 -0.923388 0.04875546 -0.3807483 -0.9233925 0.1124103 -0.3670305 -0.9233919 0.1123939 -0.3670401 -0.92339 0.1728146 -0.3427785 -0.9233841 0.1728212 -0.3427591 -0.92339 0.2282611 -0.3086258 -0.9233889 0.2282516 -0.3086342 -0.9233885 0.2771358 -0.2656064 -0.92339 0.2771356 -0.2656009 -0.9233916 0.3180267 -0.2149659 -0.9233897 0.3180332 -0.2149387 -0.9233939 0.3497881 -0.1580986 -0.9233922 0.3497767 -0.1581224 -0.9233924 0.3714663 -0.09673058 -0.9233938 0.3714691 -0.09673941 -0.9233916 0.3824746 -0.03254079 -0.9233929 0.3824836 -0.03255581 -0.9233886 0.2334032 0.01988136 -0.9721768 0.233398 0.01985603 -0.9721786 0.2266876 0.05902862 -0.9721772 0.2266821 0.05903613 -0.9721779 0.2134483 0.09648966 -0.9721778 0.2134466 0.09647792 -0.9721794 0.1940767 0.1311691 -0.9721775 0.1940774 0.1311612 -0.9721783 0.1691082 0.1620849 -0.9721785 0.169119 0.1620839 -0.9721767 0.1392889 0.1883455 -0.9721752 0.1392832 0.1883455 -0.9721761 0.1054605 0.2091513 -0.97218 0.1054793 0.2091577 -0.9721765 0.06859773 0.2239838 -0.9721757 0.06856745 0.2239811 -0.9721785 0.02975475 0.2323372 -0.9721801 0.02974605 0.2323498 -0.9721773 -0.009939789 0.2340304 -0.9721785 -0.009916245 0.2340322 -0.9721783 -0.04935199 0.2289931 -0.9721763 -0.04934799 0.2289744 -0.9721809 -0.08734339 0.2173539 -0.9721772 -0.08734387 0.2173489 -0.9721783 -0.1228201 0.1994645 -0.9721775 -0.122828 0.1994704 -0.9721754 -0.154757 0.1758368 -0.9721789 -0.1547662 0.1758368 -0.9721775 -0.1822417 0.1471653 -0.9721781 -0.1822426 0.1471437 -0.9721813 -0.2045013 0.1142491 -0.9721762 -0.2044959 0.1142293 -0.9721796 -0.2208607 0.07802814 -0.9721791 -0.2208667 0.07806247 -0.9721751 -0.2308713 0.03958904 -0.9721786 -0.2308809 0.03958314 -0.9721765 -0.2342357 0 -0.9721799 -0.2342512 0 -0.9721762 -0.2308731 -0.03959995 -0.9721777 -0.2308841 -0.039572 -0.9721762 -0.2208606 -0.07803636 -0.9721785 -0.2208607 -0.07804548 -0.9721777 -0.2044995 -0.1142328 -0.9721785 -0.2045012 -0.1142477 -0.9721763 -0.1822451 -0.1471596 -0.9721785 -0.1822448 -0.1471614 -0.9721782 -0.1547613 -0.1758447 -0.9721767 -0.1547642 -0.1758182 -0.9721811 -0.1228184 -0.1994741 -0.9721758 -0.1228155 -0.1994711 -0.9721768 -0.08734405 -0.2173487 -0.9721783 -0.08733808 -0.2173594 -0.9721765 -0.04935419 -0.2289854 -0.9721779 -0.04934483 -0.2289916 -0.9721769 -0.009935796 -0.2340332 -0.9721779 -0.009946942 -0.2340303 -0.9721785 0.02975243 -0.2323479 -0.9721776 0.02975106 -0.232338 -0.97218 0.06858539 -0.2239892 -0.9721754 0.06859201 -0.2239718 -0.9721789 0.1054583 -0.2091472 -0.9721811 0.1054741 -0.2091494 -0.9721789 0.1392844 -0.1883394 -0.972177 0.1392833 -0.1883516 -0.9721748 0.1691156 -0.1620766 -0.9721785 0.1691204 -0.1620799 -0.9721772 0.1940749 -0.131161 -0.9721789 0.1940781 -0.1311783 -0.9721759 0.2134485 -0.09648966 -0.9721777 0.2134411 -0.09647965 -0.9721803 0.2266857 -0.05903589 -0.9721772 0.226691 -0.05902081 -0.9721768 0.2333955 -0.01987379 -0.9721788 0.2333964 -0.01987451 -0.9721786 -0.02935951 -0.07305461 -0.9968958 -0.05202418 0.05910342 -0.9968953 -0.07845407 -0.006677627 -0.9968954 -0.07619374 -0.01984375 -0.9968956 -0.07175397 -0.03243422 -0.996895 -0.06523805 -0.04409408 -0.9968951 -0.05684632 -0.05447405 -0.9968957 -0.04681885 -0.06330919 -0.9968952 -0.03545594 -0.07030302 -0.9968954 -0.0230568 -0.07529222 -0.9968949 0.003342688 -0.07867211 -0.996895 0.01659077 -0.07697284 -0.9968952 0.02936094 -0.07306212 -0.9968952 0.04128015 -0.06704872 -0.9968954 0.06126493 -0.04946064 -0.9968953 0.06874245 -0.03840684 -0.9968949 0.07424271 -0.02622848 -0.9968953 0.07761162 -0.01330631 -0.9968949 0.07874214 0 -0.9968951 0.07424449 0.02623015 -0.9968951 0.06873941 0.03840684 -0.9968951 0.06126183 0.04946386 -0.9968954 0.05202406 0.05911397 -0.9968947 0.04128801 0.06703996 -0.9968957 0.01658791 0.07696908 -0.9968956 0.003336548 0.07867181 -0.996895 -0.01000171 0.07810944 -0.9968947 -0.02305883 0.07529222 -0.9968949 -0.03544747 0.07030647 -0.9968954 -0.04681783 0.06330919 -0.9968952 -0.05685019 0.05447578 -0.9968954 -0.06523269 0.04408979 -0.9968956 -0.07175511 0.03243631 -0.9968948 -0.07619893 0.019845 -0.9968952 -0.07845574 0.006676793 -0.9968953 -0.6484616 -0.05519175 -0.7592441 -0.6484571 -0.055188 -0.7592481 -0.6297964 -0.1639961 -0.7592509 -0.629805 -0.163978 -0.7592477 -0.5930324 -0.2680556 -0.7592489 -0.5930301 -0.2680752 -0.7592437 -0.5391975 -0.3644388 -0.7592433 -0.4698539 -0.4503204 -0.7592422 -0.4698571 -0.4503028 -0.7592508 -0.3869891 -0.5232492 -0.759243 -0.3869827 -0.5232381 -0.7592538 -0.2929937 -0.5811277 -0.7592401 -0.2930019 -0.5811144 -0.7592471 -0.1905624 -0.6222833 -0.7592428 -0.1905573 -0.6222814 -0.7592456 -0.08267909 -0.6455247 -0.7592509 -0.08266067 -0.6455284 -0.7592499 0.02763801 -0.6502013 -0.7592591 0.02761459 -0.6502327 -0.7592332 0.1371052 -0.6362015 -0.759243 0.242654 -0.6038785 -0.7592429 0.2426577 -0.6038731 -0.7592461 0.3412171 -0.55417 -0.759254 0.3412156 -0.5541808 -0.7592467 0.4299697 -0.4885281 -0.7592539 0.429974 -0.488534 -0.7592477 0.5063601 -0.4088367 -0.7592445 0.5681533 -0.3173963 -0.7592507 0.6136353 -0.2168063 -0.7592411 0.6136286 -0.2168139 -0.7592442 0.6414446 -0.1100044 -0.7592417 0.6414392 -0.1099575 -0.759253 0.6507971 0 -0.7592518 0.6508059 0 -0.7592443 0.6414334 0.1099886 -0.7592535 0.6414476 0.1099769 -0.7592431 0.6136437 0.2168102 -0.7592331 0.6136162 0.2168166 -0.7592535 0.5681515 0.3174026 -0.7592493 0.568152 0.3174037 -0.7592484 0.5063551 0.4088398 -0.7592461 0.506353 0.408843 -0.7592457 0.4299677 0.4885321 -0.7592526 0.429977 0.4885411 -0.7592414 0.3412228 0.5541791 -0.7592448 0.3412185 0.5541802 -0.7592458 0.2426571 0.603887 -0.7592353 0.2426651 0.603874 -0.759243 0.1371111 0.6361947 -0.7592476 0.02761614 0.6502208 -0.7592434 0.02761161 0.6502227 -0.7592418 -0.08266228 0.6455376 -0.7592419 -0.08266657 0.6455308 -0.7592473 -0.1905677 0.6222826 -0.7592419 -0.1905727 0.6222667 -0.7592537 -0.2929895 0.5811158 -0.7592507 -0.2929849 0.5811243 -0.759246 -0.386994 0.5232416 -0.7592456 -0.3869761 0.5232555 -0.7592452 -0.4698474 0.4503194 -0.7592469 -0.4698572 0.4503028 -0.7592508 -0.5392033 0.3644271 -0.7592448 -0.5391875 0.3644366 -0.7592515 -0.593027 0.2680664 -0.7592493 -0.5930348 0.2680599 -0.7592455 -0.6298013 0.1639829 -0.7592496 -0.6297968 0.1639915 -0.7592515 -0.6484535 0.0551747 -0.7592521 -0.6484621 0.05520409 -0.7592427 -0.5219742 -0.04444646 -0.8518026 -0.5219993 -0.04440164 -0.8517894 -0.5069754 -0.1319922 -0.8517947 -0.5069655 -0.1320174 -0.8517966 -0.4773694 -0.2157787 -0.851797 -0.4773489 -0.2157883 -0.8518061 -0.4340262 -0.2933486 -0.8518027 -0.4340365 -0.2933518 -0.8517963 -0.3782151 -0.3624779 -0.8518 -0.3781988 -0.3624916 -0.8518013 -0.3115018 -0.4211941 -0.8517994 -0.3115084 -0.4211736 -0.8518072 -0.2358518 -0.4677803 -0.8517955 -0.2358685 -0.4677672 -0.851798 -0.1533904 -0.5009112 -0.8517977 -0.1533911 -0.5009112 -0.8517977 -0.06653928 -0.5196341 -0.8517941 -0.06653851 -0.5196264 -0.8517987 0.02222847 -0.523397 -0.851799 0.02222257 -0.5233983 -0.8517983 0.1103687 -0.5121219 -0.8517922 0.1103743 -0.5121052 -0.8518016 0.1953316 -0.4860979 -0.8517949 0.1953234 -0.4860991 -0.8517961 0.2746632 -0.4460859 -0.8518027 0.2746746 -0.4460917 -0.8517958 0.3461096 -0.3932428 -0.8518031 0.3461103 -0.3932727 -0.8517889 0.4075884 -0.3290985 -0.8518016 0.4075967 -0.3291032 -0.8517957 0.4573407 -0.255509 -0.851795 0.4573363 -0.2555109 -0.8517968 0.4939464 -0.1745198 -0.851798 0.4939438 -0.174494 -0.8518048 0.5163278 -0.08851844 -0.8518041 0.5163242 -0.08853971 -0.851804 0.5238733 0 -0.8517962 0.5238765 0 -0.8517943 0.5163297 0.08851915 -0.8518028 0.5163307 0.0885396 -0.8518002 0.4939271 0.1745186 -0.8518095 0.4939527 0.1745057 -0.8517972 0.4573447 0.2555036 -0.8517946 0.4573361 0.2555109 -0.8517968 0.4075933 0.3291066 -0.851796 0.4075905 0.3290869 -0.8518051 0.346104 0.3932484 -0.8518027 0.3461182 0.393243 -0.8517995 0.2746682 0.4460899 -0.8517988 0.2746536 0.4460968 -0.8518 0.1953305 0.4860859 -0.8518021 0.110368 0.5121098 -0.8517995 0.1103488 0.5121099 -0.851802 0.02222567 0.523383 -0.8518077 0.02224975 0.5234012 -0.8517959 -0.06654202 0.5196257 -0.8517988 -0.06653881 0.5196396 -0.8517907 -0.1534056 0.5008998 -0.8518018 -0.1534144 0.5009078 -0.8517954 -0.2358458 0.4677807 -0.851797 -0.2358421 0.4677814 -0.8517976 -0.3115009 0.4211826 -0.8518054 -0.3115114 0.4211958 -0.8517951 -0.3782083 0.3624801 -0.8518021 -0.3782073 0.3624686 -0.8518073 -0.434024 0.2933594 -0.8518002 -0.4340336 0.2933527 -0.8517976 -0.4773473 0.2157774 -0.8518097 -0.4773722 0.2157859 -0.8517935 -0.5069707 0.1320069 -0.8517951 -0.5069767 0.1319978 -0.851793 -0.5219725 0.04440885 -0.8518055 -0.382489 -0.03253942 -0.9233869 -0.3714702 -0.09673154 -0.9233921 -0.3714749 -0.09672623 -0.9233908 -0.3497799 -0.1581222 -0.9233913 -0.3180422 -0.2149434 -0.9233897 -0.3180381 -0.214942 -0.9233915 -0.2771281 -0.265613 -0.9233904 -0.277135 -0.2656206 -0.9233861 -0.2282592 -0.3086226 -0.9233905 -0.2282615 -0.3086261 -0.9233887 -0.1728314 -0.3427664 -0.9233853 -0.1728184 -0.3427447 -0.9233959 -0.1123948 -0.3670409 -0.9233897 -0.1123927 -0.3670402 -0.9233902 -0.04875475 -0.3807458 -0.9233936 0.01628315 -0.3835144 -0.9233914 0.01628232 -0.3835446 -0.9233789 0.08087646 -0.3752431 -0.9233914 0.08088183 -0.3752364 -0.9233936 0.1431198 -0.3561865 -0.9233894 0.1431286 -0.3561847 -0.9233887 0.2012674 -0.3268702 -0.923389 0.2535979 -0.2881473 -0.9233955 0.2986651 -0.2411447 -0.9233897 0.2986619 -0.2411479 -0.9233899 0.3351134 -0.1872267 -0.9233879 0.3351033 -0.1872003 -0.923397 0.3619365 -0.1278599 -0.9233926 0.361945 -0.1278737 -0.9233873 0.3783361 -0.06487882 -0.9233919 0.3783483 -0.06488192 -0.9233866 0.3838593 0 -0.9233917 0.3838653 0 -0.9233892 0.3783404 0.0648787 -0.9233902 0.3783399 0.06487667 -0.9233905 0.3619359 0.127866 -0.923392 0.3619226 0.1278631 -0.9233977 0.3351224 0.187211 -0.9233879 0.2986736 0.2411628 -0.9233822 0.2986655 0.2411372 -0.9233915 0.2536196 0.288152 -0.9233881 0.2535925 0.2881678 -0.9233907 0.2012516 0.3268676 -0.9233934 0.2012636 0.3268758 -0.923388 0.1431325 0.3561794 -0.9233901 0.08086061 0.3752495 -0.9233902 0.08088642 0.3752421 -0.923391 0.01630383 0.3835282 -0.9233853 0.01627802 0.3835359 -0.9233825 -0.04875552 0.3807517 -0.9233911 -0.04874789 0.3807455 -0.923394 -0.112415 0.36704 -0.9233876 -0.1123982 0.3670457 -0.9233873 -0.1728177 0.3427684 -0.9233872 -0.1728231 0.3427563 -0.9233908 -0.2282609 0.3086326 -0.9233866 -0.2282537 0.3086043 -0.923398 -0.2771411 0.2656223 -0.9233838 -0.2771278 0.2655971 -0.923395 -0.3180415 0.2149534 -0.9233876 -0.3180381 0.214942 -0.9233915 -0.3497806 0.1581391 -0.9233881 -0.3497776 0.1581062 -0.9233949 -0.3714823 0.09672343 -0.9233881 -0.371472 0.09674012 -0.9233905 -0.3824797 0.03252863 -0.9233912 -0.3824774 0.03255307 -0.9233912 -0.2333979 -0.01985722 -0.9721786 -0.2334072 -0.01985949 -0.9721763 -0.2266815 -0.05902773 -0.9721787 -0.2266908 -0.0590372 -0.9721759 -0.2134508 -0.0964896 -0.9721773 -0.2134324 -0.09650617 -0.9721796 -0.1940776 -0.1311632 -0.9721781 -0.1940801 -0.13116 -0.972178 -0.1691129 -0.1620848 -0.9721777 -0.1691185 -0.1620866 -0.9721764 -0.1392882 -0.188317 -0.9721809 -0.1392809 -0.188341 -0.9721772 -0.1054571 -0.2091664 -0.972177 -0.0685864 -0.2239791 -0.9721776 -0.02975201 -0.2323567 -0.9721755 -0.02975207 -0.232338 -0.97218 0.009945631 -0.2340314 -0.9721783 0.04935503 -0.2289797 -0.9721792 0.04935365 -0.2289843 -0.9721782 0.08734148 -0.2173461 -0.9721791 0.08734339 -0.2173697 -0.9721736 0.1228198 -0.1994599 -0.9721786 0.1228053 -0.1994763 -0.972177 0.1547534 -0.1758522 -0.9721766 0.1547583 -0.1758227 -0.9721813 0.1822505 -0.1471609 -0.9721772 0.2044971 -0.114229 -0.9721794 0.2045066 -0.114249 -0.972175 0.2208635 -0.0780307 -0.9721783 0.2208681 -0.07804507 -0.9721761 0.2308526 -0.03953075 -0.9721854 0.2342434 0 -0.972178 0.2342399 0 -0.9721788 0.2208528 0.07804274 -0.9721797 0.2044972 0.1142371 -0.9721784 0.2045031 0.1142358 -0.9721773 0.1822482 0.1471563 -0.9721783 0.1822324 0.1471442 -0.9721831 0.154748 0.1758437 -0.972179 0.1547644 0.1758397 -0.9721772 0.122817 0.1994711 -0.9721766 0.1228321 0.1994373 -0.9721816 0.08734321 0.2173548 -0.972177 0.08733946 0.2173629 -0.9721755 0.04935669 0.228978 -0.9721795 0.04935026 0.2289843 -0.9721783 0.009933769 0.234042 -0.9721757 0.009922742 0.2340179 -0.9721817 -0.02974659 0.2323424 -0.9721792 -0.02975124 0.2323479 -0.9721776 -0.06858855 0.2239777 -0.9721779 -0.06859141 0.2239664 -0.9721801 -0.1054617 0.2091663 -0.9721766 -0.1054513 0.2091567 -0.9721798 -0.1392876 0.1883265 -0.9721791 -0.1392816 0.1883328 -0.9721787 -0.1691074 0.1620795 -0.9721795 -0.1691218 0.1620812 -0.9721767 -0.1940872 0.1311776 -0.9721742 -0.1940581 0.1311289 -0.9721865 -0.2134483 0.09648966 -0.9721778 -0.2134463 0.09651672 -0.9721755 -0.2266859 0.05901938 -0.9721781 -0.2266942 0.05905431 -0.9721741 -0.2334026 0.01985603 -0.9721775 0.0293585 0.07306271 -0.9968951 0.05202561 -0.05911248 -0.9968947 0.07845574 0.006676793 -0.9968953 0.07619923 0.019845 -0.9968952 0.07175457 0.03244447 -0.9968945 0.06523907 0.04408591 -0.9968954 0.0568493 0.05448216 -0.9968952 0.04681932 0.06331121 -0.996895 0.03544747 0.07031458 -0.9968948 0.02305883 0.07528412 -0.9968955 0.01000165 0.07810086 -0.9968954 -0.003336906 0.07867294 -0.996895 -0.01658576 0.07697528 -0.9968951 -0.02935791 0.07305401 -0.9968958 -0.05202239 0.0591039 -0.9968954 -0.06126183 0.04946386 -0.9968954 -0.06873941 0.03840684 -0.9968951 -0.07423961 0.02623665 -0.9968953 -0.07760977 0.01330542 -0.996895 -0.07873702 0 -0.9968955 -0.07761162 -0.01330631 -0.9968949 -0.07424265 -0.02623665 -0.996895 -0.06874245 -0.03840684 -0.9968949 -0.06126493 -0.04946064 -0.9968953 -0.05202376 -0.05910193 -0.9968954 -0.02936094 -0.07305401 -0.9968958 -0.01658886 -0.07698029 -0.9968946 -0.003343105 -0.07867342 -0.9968948 0.01000177 -0.07810193 -0.9968953 0.0230568 -0.07528412 -0.9968956 0.03545767 -0.07031458 -0.9968945 0.04681885 -0.06330919 -0.9968952 0.05684441 -0.05448043 -0.9968955 0.0652402 -0.0440874 -0.9968952 0.07175397 -0.03244239 -0.9968946 0.07619869 -0.019845 -0.9968952 0.07845407 -0.006677627 -0.9968954 0.6484607 0.0551753 -0.7592461 0.6297985 0.1639746 -0.7592536 0.593027 0.2680664 -0.7592493 0.5930434 0.2680464 -0.7592435 0.5391947 0.3644502 -0.7592399 0.5391912 0.3644565 -0.7592394 0.4698571 0.4502998 -0.7592527 0.4698534 0.4503167 -0.7592448 0.3869951 0.5232431 -0.7592442 0.3869701 0.5232647 -0.759242 0.2929911 0.5811046 -0.7592586 0.2929898 0.5811166 -0.7592501 0.1905657 0.6222758 -0.7592481 0.1905753 0.6222749 -0.7592463 0.08266353 0.6455327 -0.7592459 0.08266621 0.6455452 -0.7592349 -0.02761614 0.6502208 -0.7592434 -0.02761226 0.6502212 -0.7592431 -0.2426592 0.6038777 -0.7592419 -0.2426708 0.6038709 -0.7592436 -0.3412274 0.5541722 -0.7592478 -0.3412152 0.5541923 -0.7592385 -0.4299715 0.488551 -0.759238 -0.4299778 0.4885247 -0.7592515 -0.5063519 0.4088661 -0.7592341 -0.506348 0.4088389 -0.7592512 -0.5681545 0.3174225 -0.7592388 -0.6136317 0.2168204 -0.7592399 -0.6136333 0.2167705 -0.7592529 -0.6414299 0.1099879 -0.7592564 -0.6414485 0.1099944 -0.7592398 -0.6508077 0 -0.7592426 -0.6508188 0 -0.7592331 -0.6414501 -0.1099765 -0.7592411 -0.6136218 -0.2168015 -0.7592533 -0.6136505 -0.2167869 -0.7592343 -0.5681719 -0.3173866 -0.7592406 -0.5681414 -0.3174244 -0.7592477 -0.5063388 -0.4088577 -0.7592473 -0.5063514 -0.408847 -0.7592446 -0.4299755 -0.4885348 -0.7592462 -0.4299825 -0.4885437 -0.7592367 -0.3412325 -0.5541805 -0.7592394 -0.3412033 -0.5541782 -0.7592541 -0.2426494 -0.6038669 -0.7592536 -0.2426708 -0.6038709 -0.7592436 -0.1371044 -0.6361981 -0.7592461 -0.1371044 -0.6361986 -0.7592455 -0.02763813 -0.6502323 -0.7592326 -0.02761536 -0.6501982 -0.7592626 0.08267831 -0.6455332 -0.7592439 0.08266276 -0.6455267 -0.7592511 0.1905624 -0.6222832 -0.7592427 0.1905573 -0.6222814 -0.7592456 0.2929946 -0.5811149 -0.7592496 0.2930068 -0.5811067 -0.7592511 0.3869826 -0.5232406 -0.7592521 0.3869843 -0.5232576 -0.7592396 0.4698599 -0.4503117 -0.7592438 0.4698572 -0.4503028 -0.7592508 0.5391997 -0.3644516 -0.7592357 0.5391923 -0.3644527 -0.7592403 0.5930429 -0.2680459 -0.7592442 0.5930262 -0.2680734 -0.7592474 0.6298083 -0.1639847 -0.7592436 0.6298043 -0.1639952 -0.7592446 0.6484651 -0.05519205 -0.759241 0.6484631 -0.05517113 -0.7592443 0.5219864 0.04442006 -0.8517965 0.5219832 0.04440975 -0.8517989 0.5069696 0.132024 -0.8517932 0.5069687 0.132007 -0.8517963 0.4773694 0.2157787 -0.851797 0.4773665 0.2157722 -0.8518003 0.434032 0.2933648 -0.8517941 0.4340342 0.2933644 -0.8517932 0.3782136 0.3624765 -0.8518012 0.3782114 0.3624835 -0.8517992 0.3115015 0.4212008 -0.8517962 0.3115055 0.4212102 -0.85179 0.2358463 0.4677645 -0.8518056 0.2358444 0.4677858 -0.8517945 0.1534182 0.500909 -0.851794 0.06654286 0.5196334 -0.8517941 0.06653743 0.5196164 -0.8518049 -0.02222657 0.5234125 -0.8517896 -0.02224946 0.523383 -0.8518071 -0.1103627 0.5121018 -0.8518052 -0.1103497 0.5121148 -0.8517989 -0.1953393 0.4860821 -0.8518021 -0.1953379 0.4860831 -0.8518018 -0.2746593 0.4460929 -0.8518001 -0.2746534 0.4461191 -0.8517883 -0.3461134 0.3932417 -0.851802 -0.3461197 0.3932334 -0.8518033 -0.4075857 0.3291006 -0.8518021 -0.4075914 0.3291102 -0.8517957 -0.4573388 0.2554917 -0.8518012 -0.4573468 0.255483 -0.8517996 -0.4939351 0.1745128 -0.851806 -0.4939473 0.1745262 -0.8517962 -0.5163472 0.08855694 -0.8517884 -0.5163268 0.08852773 -0.8518037 -0.5238733 0 -0.8517962 -0.5238564 0 -0.8518067 -0.5163301 -0.08855354 -0.851799 -0.5163376 -0.08853077 -0.8517969 -0.4939589 -0.1745069 -0.8517935 -0.4939362 -0.174525 -0.8518029 -0.4573317 -0.2554951 -0.8518041 -0.4573532 -0.2554867 -0.8517948 -0.4075888 -0.3291074 -0.851798 -0.4075953 -0.3291133 -0.8517926 -0.3461164 -0.393242 -0.8518005 -0.3461067 -0.3932461 -0.8518026 -0.274658 -0.4461037 -0.851795 -0.2746721 -0.4460985 -0.8517931 -0.1953416 -0.4860969 -0.8517931 -0.1953226 -0.4860858 -0.8518038 -0.1103763 -0.512115 -0.8517954 -0.02222943 -0.5234164 -0.8517871 -0.02222216 -0.5233933 -0.8518015 0.06654059 -0.5196272 -0.8517981 0.06653749 -0.5196296 -0.8517968 0.1533905 -0.5009112 -0.8517977 0.1533911 -0.5009112 -0.8517977 0.2358559 -0.4677796 -0.8517948 0.2358651 -0.4677495 -0.8518087 0.3115023 -0.4212034 -0.8517947 0.3114994 -0.4211953 -0.8517997 0.3782134 -0.3625056 -0.851789 0.4340358 -0.2933551 -0.8517956 0.4340289 -0.293358 -0.8517982 0.4773703 -0.2157704 -0.8517986 0.4773684 -0.2157858 -0.8517957 0.5069668 -0.1320073 -0.8517974 0.5069599 -0.1320272 -0.8517985 0.5219868 -0.04440408 -0.851797 0.52199 -0.0444346 -0.8517934 0.3824717 0.03253924 -0.9233942 0.3824811 0.03255337 -0.9233897 0.3714737 0.0967437 -0.9233894 0.3714726 0.09672373 -0.923392 0.3497831 0.1580951 -0.9233946 0.3497765 0.1581224 -0.9233925 0.3180245 0.214953 -0.9233936 0.3180413 0.2149611 -0.9233859 0.2771306 0.2656008 -0.9233931 0.2771404 0.2656093 -0.9233877 0.2282483 0.3086267 -0.9233918 0.2282577 0.3086264 -0.9233896 0.172815 0.3427631 -0.9233897 0.1728261 0.3427788 -0.9233819 0.1124171 0.3670244 -0.9233936 0.1123965 0.36704 -0.9233897 0.04875451 0.3807554 -0.9233897 0.04874795 0.3807626 -0.9233871 -0.01630336 0.3835182 -0.9233894 -0.01627886 0.3835223 -0.9233882 -0.08086115 0.3752651 -0.9233838 -0.0808863 0.3752392 -0.9233921 -0.1431322 0.3561685 -0.9233945 -0.1431345 0.3561899 -0.9233858 -0.2012518 0.3268785 -0.9233895 -0.2012576 0.326883 -0.9233866 -0.2536101 0.2881297 -0.9233977 -0.253616 0.2881616 -0.9233862 -0.2986643 0.2411553 -0.9233871 -0.2986526 0.2411766 -0.9233855 -0.3351247 0.1871791 -0.9233934 -0.3619424 0.1278908 -0.923386 -0.3619149 0.1278769 -0.9233987 -0.3783485 0.0648688 -0.9233875 -0.3838593 0 -0.9233917 -0.3783519 -0.0648815 -0.9233853 -0.378331 -0.06487894 -0.923394 -0.3619354 -0.127882 -0.9233899 -0.3619415 -0.127889 -0.9233866 -0.3351114 -0.1872031 -0.9233935 -0.3351334 -0.1871841 -0.9233893 -0.2986573 -0.2411609 -0.923388 -0.2986434 -0.2411497 -0.9233955 -0.2536053 -0.2881445 -0.9233945 -0.2536048 -0.2881531 -0.9233918 -0.2012615 -0.3268764 -0.9233883 -0.2012613 -0.3268603 -0.923394 -0.1431202 -0.3561762 -0.9233933 -0.1431297 -0.3561874 -0.9233875 -0.08087605 -0.3752509 -0.9233883 -0.08088195 -0.3752393 -0.9233924 -0.01628333 -0.3835184 -0.9233897 -0.01628226 -0.3835106 -0.9233931 0.04875439 -0.3807631 -0.9233865 0.0487551 -0.3807454 -0.9233937 0.1123965 -0.367035 -0.9233918 0.1123942 -0.3670287 -0.9233946 0.1728296 -0.3427629 -0.9233871 0.17282 -0.3427646 -0.9233883 0.2282538 -0.3086264 -0.9233906 0.2282567 -0.3086364 -0.9233865 0.2771279 -0.265613 -0.9233905 0.2771278 -0.2655971 -0.923395 0.3180273 -0.2149559 -0.9233919 0.3497799 -0.1581222 -0.9233913 0.3714664 -0.09673058 -0.9233937 0.3714741 -0.09674263 -0.9233894 0.3824745 -0.03254079 -0.9233928 0.3824874 -0.03255581 -0.9233871 0.2333956 0.01988071 -0.9721787 0.2334023 0.01985603 -0.9721775 0.2266859 0.05902767 -0.9721776 0.2266939 0.05903804 -0.9721751 0.2134469 0.09648436 -0.9721786 0.1940716 0.1311671 -0.9721787 0.1940878 0.1311652 -0.9721757 0.1691076 0.1620715 -0.9721809 0.1691191 0.1620786 -0.9721776 0.1392905 0.188347 -0.9721747 0.1392745 0.1883397 -0.9721785 0.1054621 0.2091504 -0.97218 0.1054513 0.2091567 -0.9721798 0.06858748 0.2239808 -0.9721772 0.06859308 0.2239754 -0.9721781 0.02974677 0.2323317 -0.9721817 0.0297507 0.2323516 -0.9721767 -0.00993359 0.2340304 -0.9721785 -0.009923934 0.2340303 -0.9721788 -0.04935747 0.2289875 -0.9721773 -0.04934436 0.228978 -0.9721801 -0.08733808 0.2173456 -0.9721796 -0.1228131 0.1994647 -0.9721785 -0.1228361 0.1994767 -0.9721731 -0.1547611 0.1758338 -0.9721788 -0.154757 0.1758313 -0.9721798 -0.1822392 0.1471654 -0.9721786 -0.1822382 0.1471329 -0.9721838 -0.2045035 0.114249 -0.9721757 -0.2044966 0.1142322 -0.9721791 -0.2208678 0.07803064 -0.9721773 -0.2208622 0.07806235 -0.972176 -0.2342553 0 -0.9721751 -0.2308657 -0.0395987 -0.9721796 -0.2308859 -0.03956919 -0.9721759 -0.2208667 -0.07804018 -0.9721767 -0.220854 -0.07804012 -0.9721797 -0.2044973 -0.114229 -0.9721793 -0.2044993 -0.1142615 -0.9721751 -0.1822447 -0.1471596 -0.9721785 -0.1822577 -0.1471495 -0.9721775 -0.1547636 -0.1758124 -0.9721822 -0.1228063 -0.1994778 -0.9721766 -0.08734095 -0.2173461 -0.9721792 -0.08734613 -0.2173575 -0.9721761 -0.04935628 -0.2289854 -0.9721779 -0.04934781 -0.2289898 -0.9721772 -0.009935736 -0.2340323 -0.9721781 -0.009946882 -0.2340283 -0.9721789 0.02975273 -0.2323498 -0.9721772 0.06858795 -0.2239891 -0.9721752 0.06859362 -0.2239771 -0.9721776 0.1054597 -0.209154 -0.9721795 0.1054716 -0.2091444 -0.9721803 0.1392847 -0.1883363 -0.9721776 0.1392843 -0.188347 -0.9721756 0.1691185 -0.1620819 -0.9721772 0.1691077 -0.1620763 -0.97218 0.1940809 -0.1311653 -0.9721772 0.1940827 -0.1311782 -0.9721751 0.2134507 -0.0964896 -0.9721773 0.2134329 -0.09647381 -0.9721828 0.2266814 -0.05903595 -0.9721781 0.2266912 -0.05902093 -0.9721768 0.2333977 -0.01987379 -0.9721783 0.2334071 -0.01987582 -0.972176 -0.0412907 0.06705248 -0.9968947 -0.04128015 -0.06705689 -0.9968949 0.6041898 -0.04230386 0.7957167 0.6074686 -0.03799706 0.7934344 0.1044366 -0.9786973 0.1767619 0.1044366 -0.9786973 0.1767618 0.1044366 -0.9786973 0.1767619 0.2456547 -0.9038037 0.350418 0.6146467 -0.3085089 0.7259695 0.6845126 -0.01549148 0.7288364 0.6845502 -0.01530641 0.7288051 0.684494 -0.01558446 0.728852 0.6984878 0.0580635 0.7132626 0.6985908 0.05805844 0.7131621 0.6985906 0.0580585 0.7131623 0.7379851 -0.2542815 0.6250752 0.7379851 -0.2542814 0.6250752 0.7379851 -0.2542814 0.6250752 0.7550632 -0.0313661 0.6549013 0.7925456 -0.06075501 0.6067787 0.7909809 -0.1816059 0.5842674 0.9227796 -0.1143479 0.3679707 0.922779 -0.2031214 0.3274455 0.991302 -0.06939625 0.1118246 0.9913113 -0.09515511 0.09081572 0.9912996 -0.09528988 0.09080231 0.9913001 -0.1150251 0.06398034 0.991304 -0.1150155 0.06393527 0.991304 -0.1273747 0.03304636 0.9913024 -0.127394 0.03302258 0.9913039 -0.1315929 0 0.9227893 -0.3853048 0 0.9227761 -0.37303 -0.09660762 0.7910547 -0.5922064 -0.1533755 0.7909448 -0.5351051 -0.2967641 0.6058887 -0.695712 -0.3858546 0.6055157 -0.5774631 -0.5476195 0.6074023 -0.2357778 0.7585984 0.6044279 -0.2400233 0.7596418 0.6070694 -0.4189011 0.6752693 0.6047363 -0.4223592 0.6752087 0.6067362 -0.5757371 0.5480859 0.6054962 -0.5774897 0.547613 0.6058539 -0.6957443 0.385851 0.6055755 -0.6961036 0.38564 0.6057776 -0.7702731 0.1992815 0.6056607 -0.7703987 0.1991507 0.6057119 -0.7956842 0 0.6057094 -0.7956861 0 0.6056518 -0.7704074 -0.1991443 0.6058001 -0.7702528 -0.1992912 0.6055887 -0.6960948 -0.3856351 0.6067158 -0.5757575 -0.548087 0.6047172 -0.4223908 -0.675206 0.6070911 -0.4188784 -0.675264 0.6044597 -0.2400161 -0.7596188 0.6073987 -0.2357962 -0.7585955 0.6061425 -0.07094693 -0.7921854 0.6569102 -0.03604292 -0.753107 0.6145785 -0.3093197 -0.7256822 0.6145785 -0.3093197 -0.7256823 0.6145784 -0.3093197 -0.7256822 0.5090592 -0.04565936 -0.8595197 0.519006 -0.04608827 -0.8535272 0.5189658 -0.04607886 -0.8535522 0.5189666 -0.04607897 -0.8535516 0.5260273 -0.04661345 -0.8491894 0.5260273 -0.04661345 -0.8491894 0.526312 -0.04658007 -0.8490148 0.5731359 -0.05254918 -0.8177738 0.6987863 0.05807214 -0.7129695 0.6987862 0.05807214 -0.7129696 0.6987863 0.0580722 -0.7129694 0.7137038 0.05824846 -0.6980215 0.7381263 -0.2534677 -0.625239 0.7381315 -0.2534219 -0.6252515 0.7381263 -0.2534677 -0.6252389 0.8182174 -0.06832689 -0.5708344 0.8182266 -0.0682314 -0.5708327 0.8182265 -0.06823146 -0.5708327 0.8238591 -0.02705079 -0.5661488 0.7925617 -0.06073272 -0.6067599 0.7909932 -0.1815963 -0.5842538 0.8507103 0.02996897 -0.5247799 0.8507103 0.02996897 -0.52478 0.8507103 0.02996897 -0.52478 0.8606302 0.04941266 -0.5068275 0.8607971 0.05017942 -0.5064687 0.86076 0.05000907 -0.5065485 0.9237949 0.04289102 -0.3804779 0.9232081 0.02340066 -0.3835874 0.9896536 0.04122155 -0.1374285 0.9999769 0.00141406 -0.006648957 0.9913855 -1.51558e-4 -0.1309768 0.9913051 -0.006254017 -0.1314352 0.9913035 -0.006225347 -0.1314483 0.9227984 -0.01836228 -0.3848453 0.9227846 -0.01838338 -0.3848776 0.9913015 -0.03910732 -0.1256664 0.9913037 -0.03904378 -0.1256685 0.991303 -0.06936609 -0.1118339 0.991305 -0.06935298 -0.1118238 0.9913075 -0.09519332 -0.09081667 0.9912982 -0.09530621 -0.09080052 0.9913082 -0.1149582 -0.06397426 0.9913021 -0.115033 -0.06393486 0.991307 -0.1273506 -0.03304982 0.9913032 -0.1273871 -0.03302311 0.9913023 -0.1316052 0 0.991313 -0.06924188 0.1118224 0.9913028 -0.03907084 0.1256679 0.9227801 -0.1143845 0.3679581 0.9227893 -0.01843243 0.384864 0.823822 -0.02703803 0.5662034 0.8181772 -0.06847095 0.5708747 0.8504466 0.03027707 0.5251895 0.8504466 0.03027713 0.5251894 0.8505468 0.03028774 0.5250264 0.8608047 0.04953712 0.506519 0.9238024 0.04288899 0.3804597 0.9232084 0.0232895 0.3835934 0.9909485 0.04173618 0.1275904 0.9904954 -2.30736e-4 0.137546 0.9999771 0.001342356 0.006653726 0.9912995 -0.03916442 0.1256651 0.9913034 -0.006225407 0.1314492 0.9228069 -0.01828837 0.3848288 0.9913048 -0.006254136 0.1314373 0.7550301 -0.03134107 -0.6549407 0.7909962 -0.1815782 0.5842554 0.7910076 -0.3224738 0.519921 0.9227778 -0.2031306 0.3274437 0.9227783 -0.2789323 0.2658517 0.7909829 -0.3225446 0.5199146 0.7909613 -0.4430508 0.4220025 0.9227529 -0.2790499 0.2658163 0.9228323 -0.3366758 0.187163 0.790885 -0.4432154 0.4219731 0.7911121 -0.5347763 0.2969107 0.922757 -0.3369424 0.1870546 0.9228027 -0.3729467 0.09667462 0.7909704 -0.535067 0.2967646 0.7910594 -0.5922006 0.1533739 0.7910153 -0.5922897 0.1532576 0.7910273 -0.611781 0 0.9227846 -0.3853163 0 0.922781 -0.3730171 0.09661072 0.7910167 -0.6117946 0 0.7909976 -0.5923122 -0.1532621 0.9228126 -0.3729215 -0.0966776 0.9227722 -0.3369017 -0.1870527 0.7911192 -0.5347567 -0.2969273 0.7908769 -0.4432412 -0.4219611 0.9228196 -0.3367111 -0.1871623 0.922742 -0.2790806 -0.265822 0.9227762 -0.2789358 -0.265855 0.9227808 -0.2030929 -0.3274585 0.7909598 -0.4430523 -0.422004 0.7909895 -0.3225308 -0.5199131 0.7909891 -0.3225123 -0.5199251 0.7909824 -0.1816063 -0.5842654 0.9227823 -0.1143496 -0.3679636 0.9227814 -0.203126 -0.3274362 0.9227801 -0.1143589 -0.3679659 0.6087609 0 -0.7933539 0.6087625 0 -0.7933525 0.608761 0 -0.7933538 0.7933607 0 -0.608752 0.7933661 0 -0.6087448 0.9238786 0 -0.3826858 0.9238808 0 -0.3826806 0.9914411 0 -0.1305552 0.991441 0 -0.1305555 0.9914411 0 -0.1305552 0.9238808 0 -0.3826807 0.9238786 0 -0.382686 0.7933661 0 -0.6087449 0.7933605 0 -0.6087521 0.9914411 0 -0.1305552 0.9238808 0 -0.3826807 0.9238786 0 -0.3826859 0.7933605 0 -0.6087521 0.6054754 0.1038585 -0.7890583 0.6054475 0.1038879 -0.7890759 0.6054487 0.3045642 -0.7353044 0.6054435 0.3045774 -0.7353033 0.605449 0.4845207 -0.6314042 0.6054764 0.4844777 -0.631411 0.6054674 0.6314085 -0.4844923 0.6054624 0.6314131 -0.4844923 0.6054597 0.7352975 -0.3045591 0.6054764 0.735276 -0.3045778 0.6054441 0.7890793 -0.1038823 0.6054601 0.7890675 -0.1038782 0.605471 0.7890583 0.1038845 0.6054601 0.7890675 0.1038782 0.605475 0.7352813 0.304568 0.6054528 0.735302 0.3045619 0.6054611 0.6314076 0.4845013 0.6054659 0.6313971 0.4845088 0.6054557 0.484497 0.631416 0.6054669 0.4845023 0.6314011 0.6054703 0.3045844 0.7352783 0.6054555 0.3045753 0.7352942 0.6054612 0.1038593 0.789069 0.6054596 0.1038872 0.7890666 0.7908397 0.07987707 0.6067884 0.7908383 0.0798636 0.606792 0.7908353 0.2342229 0.5654374 0.7908422 0.2342102 0.5654327 0.7908438 0.3725717 0.4855477 0.7908371 0.3725824 0.4855505 0.7908394 0.4855446 0.372585 0.7908342 0.4855607 0.372575 0.7908433 0.5654324 0.2342075 0.7908344 0.5654443 0.234209 0.7908321 0.6067966 0.07989042 0.790838 0.60679 0.0798828 0.7908577 0.6067627 -0.07989585 0.7908304 0.6067993 -0.07988715 0.7908239 0.5654628 -0.2341998 0.7908326 0.5654478 -0.2342064 0.7908489 0.4855262 -0.3725889 0.7908275 0.4855677 -0.3725803 0.7908241 0.3726063 -0.485553 0.7908393 0.3725806 -0.4855482 0.7908386 0.2341971 -0.5654432 0.79084 0.2342113 -0.5654354 0.7908334 0.07985907 -0.6067991 0.7908228 0.07990831 -0.6068064 0.9227072 0.05037915 -0.3821955 0.9227126 0.05028605 -0.3821947 0.9912949 0.01718294 -0.1305352 0.9912936 0.01723313 -0.1305378 0.922713 0.05028277 0.3821942 0.9227045 0.05031907 0.3822097 0.9227115 0.1475077 0.3561533 0.922713 0.1475532 0.3561304 0.9227069 0.2346825 0.3058367 0.9227101 0.234676 0.3058323 0.9227099 0.3058367 0.2346712 0.9227048 0.3058512 0.2346724 0.9227104 0.3561499 0.1475226 0.9227096 0.3561459 0.1475371 0.9227156 0.3821833 0.05031698 0.9227105 0.3821967 0.05031001 0.9227069 0.3822047 -0.05031681 0.9227126 0.3821906 -0.0503183 0.922707 0.356161 -0.1475173 0.9227221 0.3561183 -0.1475256 0.9226953 0.305881 -0.2346705 0.9227173 0.3058141 -0.2346711 0.9227113 0.2346701 -0.3058332 0.9227126 0.2346588 -0.3058376 0.9227091 0.1475314 -0.3561494 0.9227119 0.147492 -0.3561584 0.9912958 0.01711207 0.1305364 0.9912927 0.01725178 0.1305425 0.9912952 0.05037683 0.1216387 0.9912921 0.05045241 0.1216332 0.9912961 0.08013015 0.1044574 0.9912926 0.08016973 0.1044596 0.9912952 0.1044496 0.08015227 0.9912906 0.1044985 0.0801441 0.9912956 0.1216309 0.05038863 0.9912926 0.1216545 0.05038976 0.9912949 0.1305349 0.01718437 0.9912964 0.1305231 0.01718014 0.9912939 0.1305418 -0.01718419 0.991298 0.1305105 -0.0171855 0.9912963 0.1216266 -0.05038487 0.9912995 0.1216009 -0.05038481 0.991288 0.1045189 -0.08014988 0.9913058 0.104347 -0.08015489 0.991294 0.08016228 -0.104452 0.9912988 0.08009505 -0.1044587 0.9912938 0.05041182 -0.1216363 0.9912989 0.0503087 -0.1216374 0.608761 0 0.7933538 0.6087499 0 0.7933622 0.6087609 0 0.7933539 0.7933773 0 0.6087303 0.7933745 0 0.608734 0.9238808 0 0.3826807 0.9238808 0 0.3826806 0.9914411 0 0.1305552 0.9914411 0 0.1305549 0.9914411 0 0.1305552 0.9238819 0 0.382678 0.9238808 0 0.3826807 0.7933717 0 0.6087377 0.79338 0 0.6087267 0.9914411 0 0.1305552 0.9238808 0 0.3826805 0.7933745 0 0.6087338 1 5.16289e-5 0 1 -3.21621e-7 0 1 6.08519e-7 0 1 -1.7871e-7 0 1 3.82564e-7 0 1 1.33376e-5 0 1 2.58158e-5 0 1 -2.55645e-7 0 0.6074685 -0.03800189 0.7934343 0.6986495 0.0570659 0.7131847 0.6986277 0.0571587 0.7131986 0.698628 0.05715805 0.7131984 0.7550545 -0.03137642 0.6549109 0.7925437 -0.06075525 0.6067812 0.7909764 -0.1816077 0.5842732 0.9227815 -0.1143466 0.3679665 0.9227712 -0.2031842 0.3274289 0.991304 -0.06936174 0.1118279 0.9913121 -0.09515076 0.09081155 0.9913012 -0.09527218 0.0908029 0.9913086 -0.1149516 0.06398087 0.9913038 -0.1150173 0.06393629 0.9913112 -0.1273179 0.03305095 0.9913025 -0.1273929 0.03302228 0.9913073 -0.1315664 0 0.9227867 -0.3853113 0 0.9227756 -0.373031 -0.09660786 0.7910571 -0.5922035 -0.1533747 0.7909732 -0.5350593 -0.2967711 0.6058654 -0.6957367 -0.3858467 0.6055036 -0.5774936 -0.5476009 0.6074047 -0.235742 0.7586075 0.6044332 -0.2400221 0.759638 0.604731 -0.4223613 0.6752121 0.6067481 -0.5757123 0.5480988 0.6055015 -0.5774868 0.5476104 0.6058764 -0.6957202 0.3858591 0.6055781 -0.6961019 0.385639 0.6058122 -0.7702426 0.1992936 0.6056621 -0.7703977 0.1991505 0.6057092 -0.7956862 0 0.605722 -0.7956765 0 0.605666 -0.7703948 -0.1991497 0.605794 -0.7702574 -0.1992924 0.605572 -0.6961137 -0.3856271 0.6067444 -0.5757234 -0.5480911 0.6047267 -0.422375 -0.6752073 0.6070808 -0.4188965 -0.6752619 0.6044518 -0.2400179 -0.7596246 0.6073992 -0.2357785 -0.7586005 0.606139 -0.07096475 -0.7921866 0.6569435 -0.03604149 -0.753078 0.6844038 -0.01478105 -0.7289534 0.6844037 -0.01478064 -0.7289534 0.6843993 -0.01482838 -0.7289566 0.5091793 -0.04568266 -0.8594473 0.5731425 -0.05258291 -0.817767 0.8181666 -0.06861329 -0.5708728 0.8182401 -0.06814211 -0.5708238 0.8238598 -0.02701711 -0.5661494 0.7925513 -0.06075429 -0.6067714 0.7909952 -0.1815602 -0.5842624 0.8505842 0.02989763 -0.5249884 0.8505842 0.02989757 -0.5249884 0.8508353 0.0299133 -0.5245804 0.8607302 0.04939627 -0.5066592 0.8608094 0.04983448 -0.5064818 0.9237933 0.0433678 -0.3804279 0.9237933 0.04322499 -0.3804442 0.9237933 0.0433678 -0.3804279 0.9231889 0.02374541 -0.3836124 0.9231889 0.02374535 -0.3836125 0.9231889 0.02374529 -0.3836125 0.9896534 0.04122179 -0.1374295 0.9913856 -1.51557e-4 -0.1309759 0.9913031 -0.006298542 -0.1314477 0.9227997 -0.01828914 -0.3848459 0.9227861 -0.01833361 -0.3848763 0.9913043 -0.03903424 -0.1256667 0.9913023 -0.03908097 -0.1256684 0.9913042 -0.06936109 -0.1118258 0.9913037 -0.06935811 -0.111832 0.9913002 -0.0952689 -0.09081768 0.9913046 -0.09523648 -0.09080362 0.9913055 -0.1149806 -0.06397634 0.991304 -0.1150161 -0.06393557 0.9912995 -0.1274173 -0.03302145 0.9913094 -0.1315517 0 0.9913015 -0.06939518 0.1118295 0.9913032 -0.03906983 0.1256645 0.9227783 -0.1143857 0.367962 0.9227837 -0.0183835 0.3848798 0.8238373 -0.02703702 0.5661813 0.8182053 -0.06818073 0.5708691 0.9238015 0.04288923 0.380462 0.9232047 0.0234633 0.3835919 0.99094 0.04196041 0.1275824 0.9904954 -3.81037e-4 0.137546 0.9913056 -0.03901487 0.1256629 0.9913035 -0.006298422 0.131445 0.9228004 -0.01828908 0.3848443 0.9913057 -0.006253778 0.1314303 0.7550383 -0.03135281 -0.6549308 0.7909899 -0.1815629 0.5842686 0.7909879 -0.3225229 0.5199203 0.922787 -0.203101 0.3274359 0.7909891 -0.3225123 0.5199251 0.7909442 -0.4430903 0.4219933 0.9227466 -0.2790727 0.2658145 0.9228109 -0.3367378 0.1871568 0.79088 -0.4432291 0.4219679 0.7910971 -0.5347933 0.2969201 0.9227744 -0.3368912 0.1870607 0.9228013 -0.3729498 0.09667545 0.790964 -0.5350742 0.2967686 0.7910686 -0.592189 0.1533709 0.7909775 -0.5923419 0.1532509 0.7910066 -0.6118076 0 0.9227888 -0.3853062 0 0.9227806 -0.3730193 0.09660482 0.7910194 -0.6117911 0 0.7909768 -0.5923417 -0.1532553 0.9228153 -0.3729152 -0.09667593 0.9227604 -0.3369324 -0.187056 0.7911005 -0.5347895 -0.2969179 0.7908818 -0.4432274 -0.4219662 0.9228209 -0.3367083 -0.1871607 0.9227384 -0.2790986 -0.2658157 0.9227834 -0.2031159 -0.3274368 0.7909609 -0.4430513 -0.422003 0.7909832 -0.322526 -0.5199254 0.7909947 -0.3225086 -0.5199191 0.7909848 -0.1816054 -0.5842626 0.9227836 -0.1143487 -0.3679605 0.9227787 -0.2031294 -0.3274418 0.9227784 -0.1143827 -0.3679628 0.6087514 0 -0.7933611 0.6087531 0 -0.7933599 0.6087562 0 -0.7933575 0.6087515 0 -0.7933611 0.7933745 0 -0.6087338 0.7933717 0 -0.6087375 0.9238819 0 -0.3826779 0.991441 0 -0.1305562 0.9914409 0 -0.1305568 0.9238819 0 -0.382678 0.7933717 0 -0.6087377 0.7933744 0 -0.608734 0.9238818 0 -0.3826779 0.7933745 0 -0.608734 0.6054623 0.1038783 -0.7890658 0.6054584 0.103875 -0.7890691 0.6054567 0.304594 -0.7352855 0.6054628 0.3045649 -0.7352925 0.6054756 0.4844611 -0.6314245 0.6054567 0.484507 -0.6314073 0.6054706 0.6313926 -0.4845088 0.6054475 0.631434 -0.4844836 0.6054667 0.735287 -0.3045703 0.6054439 0.7353082 -0.3045644 0.605456 0.7890702 -0.1038811 0.6054704 0.7890592 -0.1038814 0.605468 0.7890606 0.1038848 0.6054537 0.7890723 0.1038789 0.6054666 0.7352899 0.3045638 0.6054646 0.735289 0.3045698 0.6054539 0.6314188 0.4844955 0.6054634 0.6313986 0.48451 0.6054643 0.4845035 0.6314026 0.6054643 0.3045861 0.7352825 0.6054553 0.1038599 0.7890735 0.7908421 0.07989519 0.606783 0.7908319 0.07985877 0.606801 0.7908387 0.2342211 0.5654332 0.7908356 0.2342442 0.565428 0.7908401 0.3725597 0.4855628 0.7908439 0.3725771 0.4855436 0.7908465 0.4855374 0.3725795 0.7908376 0.4855573 0.3725724 0.7908481 0.5654238 0.2342118 0.7908321 0.565447 0.2342101 0.7908449 0.6067796 0.07989311 0.7908352 0.6067936 0.07988327 0.7908484 0.6067752 -0.07989251 0.7908194 0.6068142 -0.0798828 0.7908505 0.56542 -0.2342133 0.7908412 0.5654341 -0.2342108 0.7908379 0.4855513 -0.3725793 0.7908342 0.4855607 -0.372575 0.7908259 0.372605 -0.4855512 0.7908397 0.3725652 -0.4855595 0.7908421 0.2341954 -0.565439 0.7908332 0.2342351 -0.5654349 0.7908369 0.07985848 -0.6067946 0.7908378 0.0799176 -0.6067856 0.9227095 0.05033117 -0.3821965 0.9227116 0.05029511 -0.3821961 0.9912946 0.01718312 -0.1305366 0.991293 0.01726913 -0.1305371 0.9227121 0.05028301 0.3821963 0.9227123 0.05026435 0.3821983 0.9227049 0.1475548 0.3561508 0.9227154 0.1475359 0.3561313 0.9227088 0.2346799 0.3058333 0.9227087 0.2346779 0.3058348 0.922708 0.3058401 0.2346737 0.922706 0.3058487 0.2346705 0.9227125 0.3561433 0.1475248 0.9227128 0.3561387 0.147534 0.9227104 0.3821961 0.05031871 0.9227062 0.3822069 0.05031132 0.9227096 0.3821983 -0.05031597 0.9227271 0.3821557 -0.05031836 0.9227043 0.3561669 -0.1475197 0.9227224 0.3561176 -0.1475253 0.9227107 0.305834 -0.2346714 0.9227104 0.3058339 -0.2346727 0.9227126 0.234668 -0.3058305 0.9227043 0.2346934 -0.3058363 0.922712 0.1475288 -0.3561429 0.922711 0.1475157 -0.3561512 0.9912934 0.01721549 0.1305413 0.9912955 0.05037641 0.1216376 0.9912935 0.05041754 0.1216361 0.9912959 0.08013087 0.1044584 0.9912904 0.08020275 0.1044555 0.9912969 0.1044321 0.08015245 0.9912909 0.1044966 0.08014267 0.9912976 0.1216144 0.05038964 0.991297 0.1216191 0.05039006 0.9912965 0.130522 0.01718503 0.9912958 0.130528 0.0171808 0.9912937 0.1305441 -0.01718449 0.9912909 0.130565 -0.01718312 0.9912955 0.121632 -0.05038708 0.991294 0.1216447 -0.05038797 0.9912955 0.1044478 -0.08014976 0.9912973 0.1044307 -0.08014982 0.9912936 0.08016401 -0.1044542 0.9912956 0.08013206 -0.1044598 0.9912968 0.05034232 -0.12164 0.9912927 0.05042672 -0.1216388 0.6087563 0 0.7933574 0.6087563 0 0.7933574 0.6087467 0 0.7933647 0.6087562 0 0.7933575 0.991441 0 0.1305562 0.7933772 0 0.6087304 0.7933801 0 0.6087265 1 -5.11253e-7 0 1 -3.10921e-7 0 1 -3.21615e-7 0 1 1.33412e-5 0 1 2.58198e-5 0 1 -2.55653e-7 0 0 -1 -3.03179e-6 0 -1 -2.4672e-6 0 -1 -1.07005e-6 0 -1 1.74193e-6 0 -1 1.23684e-6 0 -1 -6.42757e-6 0 -1 -1.67805e-6 0 -1 6.04989e-6 0 -1 -5.51075e-6 0 -1 -1.26702e-6 0 -1 5.2901e-6 0 -1 -5.18316e-7 0 -1 2.95277e-6 0 -1 -7.52761e-6 0 -1 2.71639e-6 0 -1 2.63046e-6 0 -1 1.36058e-6 0 -1 -3.81754e-6 0 -1 6.54719e-6 0 -1 -8.16081e-7 0 -1 6.69822e-6 0 -1 -3.6307e-6 0 -1 -1.40291e-5 0 -1 4.18773e-6 0 -1 -1.59941e-6 0 -1 8.29295e-6 0 -1 3.57407e-6 0 -1 -3.80106e-6 0 -1 1.10216e-5 0 -1 -4.53738e-6 0 -1 8.00569e-6 0 -1 -1.71401e-5 0 -1 1.23684e-5 0 -1 -1.16233e-5 0 -1 1.74194e-6 0 -1 -5.41952e-6 0 -1 -1.42599e-5 0 -1 -4.93422e-6 0 -1 2.93277e-5 0 0.9914451 0.1305249 0 0.9914444 0.1305308 0 0.991445 -0.1305255 0 0.9914458 -0.1305186 0 0.9238735 -0.3826981 0 0.923875 -0.3826947 0 0.7933561 -0.6087579 0 0.7933535 -0.6087612 0 0.6087656 -0.7933502 0 0.6087589 -0.7933554 0 0.3827055 -0.9238704 0 0.3827002 -0.9238727 0 -0.1305027 -0.991448 0 -0.3827002 -0.9238727 0 -0.1305486 0.9914419 0 0.3826528 0.9238923 0 0.3826582 0.92389 0 0.6087676 0.7933486 0 0.6087743 0.7933436 0 0.7933535 0.6087612 0 0.793351 0.6087645 0 0.923883 0.382675 0 0.9238796 0.3826834 0 0.9914445 0.1305292 0 0.9914446 0.1305285 0 0.9914453 -0.1305231 0 0.9914454 -0.1305229 0 0.9238759 -0.3826924 0 0.923875 -0.3826944 0 0.7933541 -0.6087604 0 0.7933514 -0.6087639 0 0.608763 -0.7933521 0 0.3827045 -0.9238709 0 0.3827015 -0.9238721 0 0.1305021 -0.9914481 0 0.130548 0.991442 0 0.3826543 0.9238917 0 0.3826571 0.9238904 0 0.6087718 0.7933455 0 0.7933514 0.6087639 0 0.793349 0.6087672 0 0.9238831 0.3826749 0 0.923882 0.3826777 0 0.9914434 0.1305376 0 0.9914441 -0.1305323 0 0.9238759 -0.3826922 0 0.7933528 -0.6087622 0 0.6087622 -0.7933528 0 0.3827031 -0.9238715 0 0.3826558 0.923891 0 0.608771 0.7933461 0 0.7933477 0.6087689 0 0.9238821 0.3826775 0 0.9914452 -0.1305238 0 0.9914463 -0.1305158 0 0.9914452 0.1305238 0 0.9914442 0.1305319 0 0.9238874 0.3826645 0 0.7933412 0.6087774 0 0.7933642 0.6087473 0 0.608799 0.7933246 0 -0.3826877 -0.9238778 0 -0.1305029 -0.991448 0 0.3826905 -0.9238767 0 0.6087635 -0.7933518 0 0.7933642 -0.6087473 0 0.9238755 -0.3826932 0 0.9914461 -0.1305167 0 0.9914451 0.1305248 0 0.9914441 0.1305329 0 0.923878 0.3826874 0 0.9238872 0.3826652 0 0.793362 0.6087504 0 0.608763 0.7933523 0 0.6088022 0.793322 0 0.130548 0.991442 0 0.130502 -0.9914481 0 0.3826897 -0.923877 0 0.793362 -0.6087504 0 0.7933387 -0.6087806 0 0.9238781 -0.3826872 0 0.923878 -0.3826874 0 0.9914453 -0.1305235 0 0.9914442 0.1305315 0 0.9238783 0.3826866 0 0.7933374 0.6087823 0 0.6088027 0.7933217 0 0.3826611 0.9238888 0 0.3826625 0.9238883 0 0.3826891 -0.9238772 0 0.7933374 -0.6087823 1 1.29027e-5 0 1 -6.92062e-6 0 1 -6.55376e-6 0 1 2.23196e-6 0 1 1.11596e-5 0 1 2.33564e-6 0 1 1.38415e-6 0 1 1.43359e-6 0 1 -1.78552e-5 0 1 6.5537e-6 0 1 2.33564e-6 0 1 -1.29027e-5 0 -0.1049464 0 0.9944779 -0.1048505 0 0.9944881 -0.104944 0 0.9944781 -0.3102141 0 0.9506667 -0.3102142 0 0.9506667 -0.5017801 0 0.8649954 -0.50178 0 0.8649954 -0.6712587 0 0.7412232 -0.6712646 0 0.7412179 -0.1049187 0 0.9944809 -0.1049066 0 0.9944822 -0.1049441 0 0.9944782 -0.3102143 0 0.9506667 -0.3102139 0 0.9506668 -0.5017797 0 0.8649956 -0.5017799 0 0.8649954 -0.6712795 0 0.7412045 -0.6712795 0 0.7412044 -0.3102239 0 0.9506635 -0.3102133 0 0.950667 -0.5017791 0 0.8649958 -0.501779 0 0.8649959 -0.671268 0 0.7412148 -0.5017749 0 0.8649984 -0.5017789 0 0.864996 -0.5017802 0 0.8649952 -0.3101971 0 0.9506723 -0.1049253 0 0.9944801 -0.3102184 0 0.9506654 -0.3102047 0 0.9506699 -0.1050375 0 0.9944683 -0.1048879 0 0.9944841 -0.3102139 0 0.9506669 -0.3102142 0 0.9506668 -0.6713213 0 0.7411665 -0.5017797 0 0.8649954 -0.6712377 0 0.7412423 -0.5017657 0 0.8650036 -0.5017799 0 0.8649953 -0.6712486 0 0.7412323 0 0.1049338 0.9944793 0 0.1049479 0.9944778 0 0.1049237 0.9944803 0 0.3102125 0.9506673 0 0.310218 0.9506654 0 0.5017762 0.8649975 0 0.5017763 0.8649975 0 0.6713047 0.7411816 0 0.6713053 0.741181 0 0.6712672 0.7412155 0 0.5017851 0.8649924 0 0.5017768 0.8649972 0 0.3102184 0.9506654 0 0.3102127 0.9506673 0 0.1049358 0.994479 0 0.1049346 0.9944791 0 0.3102155 0.9506664 0 0.3102163 0.950666 0 0.5017835 0.8649933 0 0.5017781 0.8649964 0 0.671287 0.7411977 0 0.1049376 0.9944788 0 0.1049319 0.9944795 0 0.3102182 0.9506654 0 0.5017765 0.8649974 0 0.6712285 0.7412505 0 0.6712669 0.7412157 0 0.6713435 0.7411464 0 0.5017763 0.8649975 0 0.5017848 0.8649926 0 0.3102181 0.9506654 0 0.3102124 0.9506673 0 0.1049398 0.9944786 0 0.31022 0.9506648 0 0.5017744 0.8649986 0 0.5017777 0.8649967 0 0.6712853 0.741199 0 0.6712833 0.7412009 0 0.6713054 0.7411808 0 0.5017763 0.8649974 0 0.3102124 0.9506673 0 0.6712858 0.7411987 0 0.1049318 0.9944795 0 0.1049257 0.9944801 0 0.3102126 0.9506673 0 0.3102124 0.9506674 0 0.3102183 0.9506655 0 0.1049297 0.9944797 0 0.1049358 0.994479 0 0.3102122 0.9506673 0 0.3102183 0.9506654 0 0.6713437 0.7411462 0 0.5017849 0.8649926 0 0.501776 0.8649976 0 0.5017849 0.8649924 0 0.6712189 0.7412592 0.1049464 0 0.9944779 0.105 0 0.9944722 0.1048879 0 0.9944841 0.3102054 0 0.9506696 0.3102056 0 0.9506695 0.5017927 0 0.864988 0.5017928 0 0.864988 0.6712587 0 0.7412232 0.671268 0 0.7412148 0.1049187 0 0.9944809 0.1049253 0 0.9944801 0.3102055 0 0.9506696 0.5017784 0 0.8649963 0.5017926 0 0.8649881 0.6713213 0 0.7411665 0.6712795 0 0.7412044 0.3101962 0 0.9506727 0.3102045 0 0.9506699 0.5017916 0 0.8649886 0.5017917 0 0.8649885 0.6712646 0 0.7412179 0.5017876 0 0.864991 0.5017925 0 0.864988 0.3102058 0 0.9506695 0.1049254 0 0.9944802 0.3102099 0 0.9506682 0.3102156 0 0.9506663 0.1049066 0 0.9944822 0.3102056 0 0.9506695 0.3101886 0 0.9506751 0.6712691 0 0.7412138 0.1048131 0 0.994492 0.3102056 0 0.9506696 0.6712795 0 0.7412045 0.3102053 0 0.9506697 0.5017924 0 0.8649881 0.6712382 0 0.7412418 0.5017923 0 0.8649883 0.6712377 0 0.7412423 0 -0.6712614 0.7412207 0 -0.6712575 0.7412243 0 -0.6712861 0.7411984 0 -0.5017849 0.8649924 0 -0.5017763 0.8649975 0 -0.3102238 0.9506636 0 -0.3102123 0.9506673 0 -0.1049317 0.9944795 0 -0.1049358 0.994479 0 -0.1049358 0.994479 0 -0.3102127 0.9506673 0 -0.3102184 0.9506654 0 -0.5017768 0.8649972 0 -0.6712769 0.7412068 0 -0.671277 0.7412067 0 -0.5017694 0.8650015 0 -0.5017835 0.8649933 0 -0.3102163 0.950666 0 -0.3102155 0.9506664 0 -0.1049323 0.9944795 0 -0.6712766 0.741207 0 -0.6712762 0.7412074 0 -0.6712672 0.7412155 0 -0.5017765 0.8649974 0 -0.3102183 0.9506654 0 -0.1049399 0.9944786 0 -0.1049318 0.9944795 0 -0.1049237 0.9944803 0 -0.3102124 0.9506673 0 -0.3102181 0.9506654 0 -0.5017763 0.8649975 0 -0.5017848 0.8649926 0 -0.6713435 0.7411464 0 -0.5017699 0.8650013 0 -0.104936 0.994479 0 -0.3102124 0.9506673 0 -0.1049336 0.9944792 0 -0.1049362 0.994479 0 -0.3102182 0.9506654 0 -0.5017763 0.8649974 0 -0.6713053 0.741181 0 -0.6712189 0.7412592 0 -0.6712765 0.7412071 0 -0.5017765 0.8649974 0 -0.5017762 0.8649975 0 -0.6713142 0.7411729 0 -0.6712573 0.7412245 0 -0.501776 0.8649976 0 -0.3102238 0.9506636 0 -0.3102182 0.9506655 0 -0.3102126 0.9506673 0 -0.3102236 0.9506636 0 -0.3102126 0.9506673 0 -0.1049379 0.9944788</float_array>
          <technique_common>
            <accessor source="#bcr_bot_logo-mesh-normals-array" count="11712" stride="3">
              <param name="X" type="float"/>
              <param name="Y" type="float"/>
              <param name="Z" type="float"/>
            </accessor>
          </technique_common>
        </source>
        <vertices id="bcr_bot_logo-mesh-vertices">
          <input semantic="POSITION" source="#bcr_bot_logo-mesh-positions"/>
        </vertices>
        <triangles material="Black-material" count="5057">
          <input semantic="VERTEX" source="#bcr_bot_logo-mesh-vertices" offset="0"/>
          <input semantic="NORMAL" source="#bcr_bot_logo-mesh-normals" offset="1"/>
          <p>0 0 1 0 2 0 2 0 1 0 3 0 2 1 3 1 4 1 4 1 3 1 5 1 4 2 5 2 6 2 6 3 5 3 7 3 6 4 7 4 8 4 8 5 7 5 9 5 8 6 9 6 10 6 10 7 9 7 11 7 10 8 11 8 12 8 12 8 11 8 13 8 12 9 13 9 14 9 14 10 13 10 15 10 14 11 15 11 16 11 16 12 15 12 17 12 16 13 17 13 18 13 18 14 17 14 19 14 18 15 19 15 20 15 20 16 19 16 21 16 20 17 21 17 22 17 22 18 21 18 23 18 22 19 23 19 24 19 24 20 23 20 25 20 24 21 25 21 26 21 26 22 25 22 27 22 26 23 27 23 28 23 28 24 27 24 29 24 28 25 29 25 30 25 30 25 29 25 31 25 30 26 31 26 32 26 32 27 31 27 33 27 32 28 33 28 34 28 34 29 33 29 35 29 34 30 35 30 36 30 36 30 35 30 37 30 36 31 37 31 38 31 38 32 37 32 39 32 38 33 39 33 40 33 40 33 39 33 41 33 40 34 41 34 42 34 42 35 41 35 43 35 42 36 43 36 44 36 44 37 43 37 45 37 44 38 45 38 46 38 46 39 45 39 47 39 46 40 47 40 48 40 48 41 47 41 49 41 48 42 49 42 50 42 50 43 49 43 51 43 50 44 51 44 52 44 52 45 51 45 53 45 52 46 53 46 54 46 54 47 53 47 55 47 54 48 55 48 56 48 56 49 55 49 57 49 56 50 57 50 58 50 58 51 57 51 59 51 58 52 59 52 60 52 60 53 59 53 61 53 60 54 61 54 62 54 62 54 61 54 63 54 62 55 63 55 64 55 64 56 63 56 65 56 64 57 65 57 66 57 66 58 65 58 67 58 66 59 67 59 68 59 68 60 67 60 69 60 68 61 69 61 70 61 70 62 69 62 71 62 70 63 71 63 72 63 72 64 71 64 73 64 72 65 73 65 74 65 74 66 73 66 75 66 74 67 75 67 76 67 76 68 75 68 77 68 76 69 77 69 78 69 78 70 77 70 79 70 78 71 79 71 80 71 80 72 79 72 81 72 80 73 81 73 82 73 82 74 81 74 83 74 82 75 83 75 84 75 84 76 83 76 85 76 84 77 85 77 86 77 86 78 85 78 87 78 86 79 87 79 88 79 88 80 87 80 89 80 88 81 89 81 90 81 90 82 89 82 91 82 90 83 91 83 92 83 92 84 91 84 93 84 92 85 93 85 94 85 94 85 93 85 95 85 94 86 95 86 96 86 96 87 95 87 97 87 96 88 97 88 98 88 98 88 97 88 99 88 98 89 99 89 100 89 100 90 99 90 101 90 100 91 101 91 102 91 102 92 101 92 103 92 102 93 103 93 104 93 104 93 103 93 105 93 104 94 105 94 106 94 106 95 105 95 107 95 106 96 107 96 108 96 108 97 107 97 109 97 108 98 109 98 110 98 110 99 109 99 111 99 110 100 111 100 112 100 112 100 111 100 113 100 112 101 113 101 114 101 114 102 113 102 115 102 114 103 115 103 116 103 116 104 115 104 117 104 116 105 117 105 0 105 0 106 117 106 1 106 2 107 4 107 0 107 0 107 4 107 116 107 116 107 4 107 114 107 114 108 4 108 112 108 112 109 4 109 110 109 110 110 4 110 108 110 108 107 4 107 106 107 106 107 4 107 104 107 104 107 4 107 102 107 102 107 4 107 100 107 100 111 4 111 98 111 98 107 4 107 96 107 96 107 4 107 94 107 94 107 4 107 92 107 92 107 4 107 90 107 90 107 4 107 88 107 88 107 4 107 86 107 86 112 4 112 84 112 84 113 4 113 82 113 82 114 4 114 80 114 80 107 4 107 78 107 78 107 4 107 76 107 76 107 4 107 74 107 74 107 4 107 72 107 72 107 4 107 70 107 70 115 4 115 68 115 68 107 4 107 66 107 66 107 4 107 64 107 64 107 4 107 62 107 62 107 4 107 60 107 60 107 4 107 58 107 58 116 4 116 6 116 58 107 6 107 56 107 56 117 6 117 8 117 56 107 8 107 54 107 54 118 8 118 10 118 54 107 10 107 52 107 52 119 10 119 12 119 52 107 12 107 50 107 50 120 12 120 14 120 50 107 14 107 48 107 48 121 14 121 16 121 48 107 16 107 46 107 46 122 16 122 18 122 46 123 18 123 44 123 44 124 18 124 20 124 44 125 20 125 42 125 42 126 20 126 22 126 42 107 22 107 40 107 40 127 22 127 24 127 40 107 24 107 38 107 38 128 24 128 26 128 38 129 26 129 36 129 36 130 26 130 28 130 36 131 28 131 34 131 34 107 28 107 30 107 34 107 30 107 32 107 3 132 1 132 5 132 5 132 1 132 117 132 31 133 35 133 33 133 4 134 5 134 2 134 2 134 5 134 3 134 2 135 3 135 0 135 0 135 3 135 1 135 0 136 1 136 116 136 116 137 1 137 117 137 116 138 117 138 114 138 114 139 117 139 115 139 114 140 115 140 112 140 112 141 115 141 113 141 112 142 113 142 110 142 110 142 113 142 111 142 110 143 111 143 108 143 108 144 111 144 109 144 108 145 109 145 106 145 106 146 109 146 107 146 106 147 107 147 104 147 104 148 107 148 105 148 104 149 105 149 102 149 102 149 105 149 103 149 102 150 103 150 100 150 100 151 103 151 101 151 100 152 101 152 98 152 98 153 101 153 99 153 98 154 99 154 96 154 96 154 99 154 97 154 96 155 97 155 94 155 94 156 97 156 95 156 94 157 95 157 92 157 92 157 95 157 93 157 92 158 93 158 90 158 90 159 93 159 91 159 90 160 91 160 88 160 88 161 91 161 89 161 88 162 89 162 86 162 86 163 89 163 87 163 86 164 87 164 84 164 84 165 87 165 85 165 84 166 85 166 82 166 82 167 85 167 83 167 82 168 83 168 80 168 80 169 83 169 81 169 80 170 81 170 78 170 78 171 81 171 79 171 78 172 79 172 76 172 76 173 79 173 77 173 76 174 77 174 74 174 74 175 77 175 75 175 74 176 75 176 72 176 72 177 75 177 73 177 72 178 73 178 70 178 70 179 73 179 71 179 70 180 71 180 68 180 68 181 71 181 69 181 68 182 69 182 66 182 66 183 69 183 67 183 66 184 67 184 64 184 64 185 67 185 65 185 64 186 65 186 62 186 62 187 65 187 63 187 62 188 63 188 60 188 60 188 63 188 61 188 60 189 61 189 58 189 58 190 61 190 59 190 58 191 59 191 56 191 56 192 59 192 57 192 56 193 57 193 54 193 54 194 57 194 55 194 54 195 55 195 52 195 52 196 55 196 53 196 52 197 53 197 50 197 50 198 53 198 51 198 50 199 51 199 48 199 48 200 51 200 49 200 48 201 49 201 46 201 46 202 49 202 47 202 46 203 47 203 44 203 44 204 47 204 45 204 44 205 45 205 42 205 42 206 45 206 43 206 42 207 43 207 40 207 40 208 43 208 41 208 40 209 41 209 38 209 38 209 41 209 39 209 38 210 39 210 36 210 36 211 39 211 37 211 36 212 37 212 34 212 34 212 37 212 35 212 34 213 35 213 32 213 32 214 35 214 33 214 32 215 33 215 30 215 30 216 33 216 31 216 30 217 31 217 28 217 28 217 31 217 29 217 28 218 29 218 26 218 26 219 29 219 27 219 26 220 27 220 24 220 24 221 27 221 25 221 24 222 25 222 22 222 22 223 25 223 23 223 22 224 23 224 20 224 20 225 23 225 21 225 20 226 21 226 18 226 18 227 21 227 19 227 18 228 19 228 16 228 16 229 19 229 17 229 16 230 17 230 14 230 14 231 17 231 15 231 14 232 15 232 12 232 12 233 15 233 13 233 12 234 13 234 10 234 10 234 13 234 11 234 10 235 11 235 8 235 8 236 11 236 9 236 8 237 9 237 6 237 6 238 9 238 7 238 6 239 7 239 4 239 4 240 7 240 5 240 118 241 119 241 120 241 120 242 119 242 121 242 120 243 121 243 122 243 122 244 121 244 123 244 122 245 123 245 124 245 124 246 123 246 125 246 124 247 125 247 126 247 126 248 125 248 127 248 126 249 127 249 128 249 128 250 127 250 129 250 128 251 129 251 130 251 130 252 129 252 131 252 130 253 131 253 132 253 132 253 131 253 133 253 132 254 133 254 134 254 134 254 133 254 135 254 134 255 135 255 136 255 136 256 135 256 137 256 136 257 137 257 138 257 138 258 137 258 139 258 138 259 139 259 140 259 140 259 139 259 141 259 140 260 141 260 142 260 142 261 141 261 143 261 142 262 143 262 144 262 144 263 143 263 145 263 144 264 145 264 146 264 146 265 145 265 147 265 146 266 147 266 148 266 148 267 147 267 149 267 148 268 149 268 150 268 150 269 149 269 151 269 150 270 151 270 152 270 152 271 151 271 153 271 152 272 153 272 154 272 154 273 153 273 155 273 154 274 155 274 156 274 156 275 155 275 157 275 156 276 157 276 158 276 158 277 157 277 159 277 158 278 159 278 160 278 160 279 159 279 161 279 160 280 161 280 162 280 162 281 161 281 163 281 162 282 163 282 164 282 164 283 163 283 165 283 164 284 165 284 166 284 166 285 165 285 167 285 166 286 167 286 168 286 168 287 167 287 169 287 168 288 169 288 170 288 170 289 169 289 171 289 170 290 171 290 172 290 172 290 171 290 173 290 172 291 173 291 174 291 174 292 173 292 175 292 174 293 175 293 176 293 176 294 175 294 177 294 176 295 177 295 178 295 178 296 177 296 179 296 178 297 179 297 180 297 180 298 179 298 181 298 180 299 181 299 182 299 182 300 181 300 183 300 182 301 183 301 184 301 184 301 183 301 185 301 184 302 185 302 186 302 186 303 185 303 187 303 186 304 187 304 188 304 188 305 187 305 189 305 188 306 189 306 190 306 190 307 189 307 191 307 190 308 191 308 192 308 192 309 191 309 193 309 192 310 193 310 194 310 194 311 193 311 195 311 194 312 195 312 196 312 196 313 195 313 197 313 196 314 197 314 198 314 198 314 197 314 199 314 198 315 199 315 200 315 200 316 199 316 201 316 200 317 201 317 202 317 202 318 201 318 203 318 202 319 203 319 204 319 204 320 203 320 205 320 204 321 205 321 206 321 206 322 205 322 207 322 206 323 207 323 208 323 208 324 207 324 209 324 208 325 209 325 210 325 210 326 209 326 211 326 210 327 211 327 212 327 212 328 211 328 213 328 212 329 213 329 214 329 214 330 213 330 215 330 214 331 215 331 216 331 216 332 215 332 217 332 216 333 217 333 218 333 218 333 217 333 219 333 218 334 219 334 220 334 220 335 219 335 221 335 220 336 221 336 222 336 222 337 221 337 223 337 222 338 223 338 224 338 224 339 223 339 225 339 224 340 225 340 226 340 226 341 225 341 227 341 226 342 227 342 228 342 228 342 227 342 229 342 228 343 229 343 230 343 230 344 229 344 231 344 230 345 231 345 232 345 232 346 231 346 233 346 232 347 233 347 234 347 234 348 233 348 235 348 234 349 235 349 236 349 236 350 235 350 237 350 236 351 237 351 238 351 238 352 237 352 239 352 238 353 239 353 240 353 240 354 239 354 241 354 240 355 241 355 242 355 242 356 241 356 243 356 242 357 243 357 244 357 244 358 243 358 245 358 244 359 245 359 246 359 246 360 245 360 247 360 246 361 247 361 248 361 248 362 247 362 249 362 248 363 249 363 250 363 250 364 249 364 251 364 250 365 251 365 252 365 252 366 251 366 253 366 252 367 253 367 118 367 118 367 253 367 119 367 5 132 123 132 3 132 3 368 123 368 121 368 3 369 121 369 119 369 123 370 5 370 125 370 125 371 5 371 7 371 125 132 7 132 127 132 127 372 7 372 9 372 127 132 9 132 129 132 129 373 9 373 11 373 129 374 11 374 131 374 131 375 11 375 13 375 131 376 13 376 133 376 133 377 13 377 15 377 133 132 15 132 135 132 135 378 15 378 17 378 135 132 17 132 137 132 137 379 17 379 139 379 139 380 17 380 19 380 139 381 19 381 141 381 141 382 19 382 21 382 141 132 21 132 143 132 143 383 21 383 23 383 143 384 23 384 145 384 145 385 23 385 25 385 145 386 25 386 147 386 147 132 25 132 27 132 147 387 27 387 149 387 149 388 27 388 29 388 149 389 29 389 151 389 151 390 29 390 153 390 153 132 29 132 31 132 153 391 31 391 155 391 155 392 31 392 33 392 155 132 33 132 157 132 157 132 33 132 35 132 157 132 35 132 159 132 159 132 35 132 37 132 159 132 37 132 161 132 161 132 37 132 39 132 161 132 39 132 163 132 163 393 39 393 41 393 163 394 41 394 165 394 165 132 41 132 43 132 165 132 43 132 167 132 167 132 43 132 169 132 169 395 43 395 45 395 169 132 45 132 171 132 171 132 45 132 47 132 171 132 47 132 173 132 173 396 47 396 49 396 173 397 49 397 175 397 175 398 49 398 51 398 175 132 51 132 177 132 177 132 51 132 53 132 177 399 53 399 179 399 179 400 53 400 55 400 179 401 55 401 181 401 181 132 55 132 183 132 183 402 55 402 57 402 183 132 57 132 185 132 185 403 57 403 59 403 185 132 59 132 187 132 187 404 59 404 61 404 187 132 61 132 189 132 189 132 61 132 63 132 189 132 63 132 191 132 191 405 63 405 65 405 191 132 65 132 193 132 193 406 65 406 67 406 193 407 67 407 195 407 195 408 67 408 69 408 195 132 69 132 197 132 197 409 69 409 199 409 199 410 69 410 71 410 199 411 71 411 201 411 201 132 71 132 73 132 201 132 73 132 203 132 203 412 73 412 75 412 203 413 75 413 205 413 205 414 75 414 77 414 205 132 77 132 207 132 207 132 77 132 79 132 207 132 79 132 209 132 209 415 79 415 81 415 209 132 81 132 211 132 211 416 81 416 213 416 213 132 81 132 83 132 213 417 83 417 215 417 215 418 83 418 85 418 215 132 85 132 217 132 217 132 85 132 87 132 217 419 87 419 219 419 219 132 87 132 89 132 219 420 89 420 221 420 221 132 89 132 91 132 221 421 91 421 223 421 223 422 91 422 93 422 223 423 93 423 225 423 225 132 93 132 95 132 225 424 95 424 227 424 227 132 95 132 229 132 229 425 95 425 97 425 229 132 97 132 231 132 231 132 97 132 99 132 231 426 99 426 233 426 233 427 99 427 101 427 233 132 101 132 235 132 235 428 101 428 103 428 235 132 103 132 237 132 237 429 103 429 105 429 237 132 105 132 239 132 239 430 105 430 107 430 239 132 107 132 241 132 241 132 107 132 243 132 243 431 107 431 109 431 243 132 109 132 245 132 245 432 109 432 111 432 245 132 111 132 247 132 247 433 111 433 113 433 247 132 113 132 249 132 249 434 113 434 115 434 249 132 115 132 251 132 251 435 115 435 117 435 251 132 117 132 253 132 253 436 117 436 1 436 253 437 1 437 119 437 119 438 1 438 3 438 0 107 118 107 2 107 2 439 118 439 120 439 2 440 120 440 122 440 118 441 0 441 252 441 252 442 0 442 116 442 252 107 116 107 250 107 250 443 116 443 114 443 250 107 114 107 248 107 248 444 114 444 112 444 248 107 112 107 246 107 246 445 112 445 110 445 246 107 110 107 244 107 244 446 110 446 108 446 244 107 108 107 242 107 242 447 108 447 106 447 242 107 106 107 240 107 240 107 106 107 238 107 238 448 106 448 104 448 238 107 104 107 236 107 236 107 104 107 102 107 236 449 102 449 234 449 234 107 102 107 100 107 234 107 100 107 232 107 232 450 100 450 98 450 232 451 98 451 230 451 230 107 98 107 96 107 230 107 96 107 228 107 228 107 96 107 94 107 228 107 94 107 226 107 226 107 94 107 224 107 224 107 94 107 92 107 224 107 92 107 222 107 222 107 92 107 90 107 222 107 90 107 220 107 220 107 90 107 88 107 220 452 88 452 218 452 218 107 88 107 86 107 218 453 86 453 216 453 216 454 86 454 84 454 216 455 84 455 214 455 214 456 84 456 82 456 214 107 82 107 212 107 212 457 82 457 80 457 212 458 80 458 210 458 210 107 80 107 208 107 208 107 80 107 78 107 208 107 78 107 206 107 206 459 78 459 76 459 206 107 76 107 204 107 204 460 76 460 74 460 204 461 74 461 202 461 202 107 74 107 72 107 202 462 72 462 200 462 200 107 72 107 70 107 200 107 70 107 198 107 198 463 70 463 68 463 198 464 68 464 196 464 196 107 68 107 194 107 194 465 68 465 66 465 194 107 66 107 192 107 192 466 66 466 64 466 192 107 64 107 190 107 190 467 64 467 62 467 190 107 62 107 188 107 188 107 62 107 60 107 188 107 60 107 186 107 186 468 60 468 58 468 186 107 58 107 184 107 184 469 58 469 56 469 184 107 56 107 182 107 182 470 56 470 54 470 182 107 54 107 180 107 180 107 54 107 178 107 178 471 54 471 52 471 178 107 52 107 176 107 176 107 52 107 50 107 176 472 50 472 174 472 174 107 50 107 48 107 174 473 48 473 172 473 172 474 48 474 46 474 172 107 46 107 170 107 170 475 46 475 44 475 170 107 44 107 168 107 168 107 44 107 42 107 168 107 42 107 166 107 166 476 42 476 164 476 164 477 42 477 40 477 164 107 40 107 162 107 162 478 40 478 38 478 162 479 38 479 160 479 160 480 38 480 36 480 160 481 36 481 158 481 158 107 36 107 34 107 158 482 34 482 156 482 156 107 34 107 32 107 156 107 32 107 154 107 154 107 32 107 30 107 154 483 30 483 152 483 152 107 30 107 28 107 152 107 28 107 150 107 150 107 28 107 148 107 148 107 28 107 26 107 148 107 26 107 146 107 146 107 26 107 24 107 146 107 24 107 144 107 144 484 24 484 22 484 144 107 22 107 142 107 142 107 22 107 20 107 142 485 20 485 140 485 140 107 20 107 18 107 140 107 18 107 138 107 138 486 18 486 16 486 138 107 16 107 136 107 136 487 16 487 134 487 134 488 16 488 14 488 134 107 14 107 132 107 132 489 14 489 12 489 132 107 12 107 130 107 130 490 12 490 10 490 130 107 10 107 128 107 128 491 10 491 8 491 128 107 8 107 126 107 126 492 8 492 6 492 126 107 6 107 124 107 124 493 6 493 4 493 124 494 4 494 122 494 122 495 4 495 2 495 277 496 392 496 279 496 450 497 451 497 452 497 452 498 451 498 453 498 452 499 453 499 454 499 454 500 453 500 455 500 454 501 455 501 456 501 456 502 455 502 457 502 456 503 457 503 458 503 458 504 457 504 459 504 458 505 459 505 460 505 460 506 459 506 461 506 460 507 461 507 462 507 462 508 461 508 463 508 462 509 463 509 464 509 464 510 463 510 465 510 464 511 465 511 466 511 466 512 465 512 467 512 466 513 467 513 468 513 468 514 467 514 469 514 468 515 469 515 470 515 470 516 469 516 471 516 470 517 471 517 472 517 472 518 471 518 473 518 472 519 473 519 305 519 305 520 473 520 256 520 630 521 631 522 632 522 632 523 631 523 633 523 633 524 631 524 634 524 635 525 636 525 450 525 450 526 636 526 451 526 451 527 636 527 637 527 639 528 634 528 631 528 639 529 631 529 630 529 652 530 653 530 654 530 654 531 653 531 655 531 753 532 754 533 755 534 755 535 754 536 756 537 756 538 754 539 757 540 755 541 758 542 753 543 755 544 756 545 758 546 758 547 756 547 757 547 1191 548 870 548 868 548 638 549 635 549 633 549 630 550 632 551 635 552 635 553 632 554 633 555 654 556 655 556 859 556 1249 557 1269 557 1239 557 1239 558 1269 558 1240 558 636 559 870 559 637 559 637 560 870 560 1191 560 637 561 1191 561 848 561 848 562 1191 562 846 562 846 563 1191 563 1189 563 846 564 1189 564 844 564 844 565 1189 565 1186 565 844 566 1186 566 842 566 842 567 1186 567 1182 567 842 568 1182 568 840 568 840 569 1182 569 1177 569 840 570 1177 570 838 570 838 571 1177 571 1171 571 838 572 1171 572 836 572 836 573 1171 573 1164 573 836 574 1164 574 834 574 834 575 1164 575 1156 575 834 576 1156 576 832 576 832 577 1156 577 1147 577 832 578 1147 578 830 578 830 579 1147 579 1137 579 830 580 1137 580 828 580 828 581 1137 581 1126 581 828 582 1126 582 826 582 826 583 1126 583 1104 583 826 584 1104 584 824 584 824 585 1104 585 1081 585 824 586 1081 586 822 586 822 587 1081 587 1079 587 822 588 1079 588 820 588 820 589 1079 589 818 589 818 590 1079 590 1077 590 818 591 1077 591 816 591 816 592 1077 592 1075 592 816 593 1075 593 814 593 814 594 1075 594 1073 594 814 595 1073 595 812 595 812 596 1073 596 1071 596 812 597 1071 597 810 597 810 598 1071 598 1069 598 810 599 1069 599 808 599 808 600 1069 600 1067 600 808 601 1067 601 807 601 807 602 1067 602 1065 602 807 603 1065 603 805 603 805 604 1065 604 1063 604 805 605 1063 605 803 605 803 606 1063 606 1061 606 803 607 1061 607 801 607 801 608 1061 608 1059 608 801 609 1059 609 799 609 799 610 1059 610 1057 610 799 611 1057 611 797 611 797 612 1057 612 1055 612 797 613 1055 613 795 613 795 614 1055 614 1053 614 795 615 1053 615 793 615 793 616 1053 616 791 616 791 617 1053 617 1040 617 791 618 1040 618 789 618 789 619 1040 619 1028 619 789 620 1028 620 787 620 787 621 1028 621 1016 621 787 622 1016 622 785 622 785 623 1016 623 1004 623 785 624 1004 624 783 624 783 625 1004 625 992 625 783 626 992 626 782 626 782 627 992 627 980 627 1197 628 980 628 968 628 1197 629 968 629 1210 629 1210 630 968 630 956 630 1210 631 956 631 1222 631 1222 632 956 632 944 632 1222 633 944 633 1233 633 1233 634 944 634 932 634 1233 635 932 635 1242 635 1242 636 932 636 920 636 1242 637 920 637 1250 637 1250 638 920 638 908 638 1250 639 908 639 1258 639 1258 640 908 640 896 640 1258 641 896 641 1263 641 1263 642 896 642 1266 642 1266 643 896 643 884 643 1266 644 884 644 1411 644 1411 645 884 645 872 645 1411 646 872 646 758 646 635 647 871 647 636 647 636 648 871 648 870 648 1266 649 1411 649 1412 649 1412 650 1411 650 1413 650 1413 651 1411 651 758 651 1240 652 1269 653 1450 654 1450 655 1269 656 1249 657 1522 658 1523 658 1524 658 1524 659 1523 659 1525 659 1524 660 1525 660 1526 660 1526 661 1525 661 1527 661 1526 662 1527 662 1528 662 1528 663 1527 663 1529 663 1528 664 1529 664 1530 664 1530 665 1529 665 1531 665 1530 666 1531 666 1532 666 1532 667 1531 667 1533 667 1532 668 1533 668 1534 668 1534 669 1533 669 1535 669 1534 670 1535 670 1536 670 1536 671 1535 671 1537 671 1536 672 1537 672 1538 672 1538 673 1537 673 1539 673 1538 674 1539 674 1540 674 1540 675 1539 675 1541 675 1540 676 1541 676 1542 676 1542 677 1541 677 1543 677 1542 678 1543 678 1544 678 1544 679 1543 679 1545 679 1544 680 1545 680 1413 680 1413 681 1545 681 1412 681 1702 682 1703 682 1522 682 1522 683 1703 683 1523 683 1775 684 1774 684 1776 684 1703 685 1790 685 1791 685 1773 686 1703 686 1808 686 1808 687 1703 687 1791 687 1808 688 1791 688 1793 688 1523 689 1812 689 1813 689 1523 690 1813 690 1814 690 1772 691 1523 691 1814 691 1884 692 1885 692 1886 692 1886 693 1885 693 1887 693 1886 694 1887 694 1888 694 1888 695 1887 695 1889 695 1888 696 1889 696 1890 696 1890 697 1889 697 1891 697 1890 698 1891 698 1892 698 1892 699 1891 699 1893 699 1892 700 1893 700 1894 700 1894 701 1893 701 1895 701 1894 702 1895 702 1896 702 1896 703 1895 703 1897 703 1896 704 1897 704 1898 704 1898 705 1897 705 1899 705 1898 706 1899 706 1900 706 1900 707 1899 707 1901 707 1900 708 1901 708 1902 708 1902 709 1901 709 1903 709 1902 710 1903 710 1904 710 1904 711 1903 711 1905 711 1904 712 1905 712 1906 712 1906 713 1905 713 1907 713 1906 714 1907 714 1702 714 1702 715 1907 715 1703 715 2064 716 2065 717 2066 718 2066 719 2065 720 2067 721 2067 722 2065 723 2068 724 2069 725 2070 725 1884 725 1884 726 2070 726 1885 726 1885 727 2070 727 2071 727 2086 728 2087 728 2088 728 2088 729 2087 729 2089 729 2135 730 2138 730 1885 730 2187 731 2188 732 2189 733 2189 734 2188 734 2190 734 2190 735 2188 736 2191 737 2189 738 2192 738 2187 738 2189 739 2190 740 2192 740 2192 741 2190 742 2191 743 2072 744 2069 744 2067 744 2072 745 2067 746 2068 747 2064 748 2066 749 2069 750 2069 751 2066 752 2067 753 2293 754 2086 755 2088 756 2088 757 2089 757 2293 757 2070 758 2304 758 2071 758 2071 759 2304 759 2625 759 2071 760 2625 760 2282 760 2282 761 2625 761 2280 761 2280 762 2625 762 2623 762 2280 763 2623 763 2278 763 2278 764 2623 764 2620 764 2278 765 2620 765 2276 765 2276 766 2620 766 2616 766 2276 767 2616 767 2274 767 2274 768 2616 768 2611 768 2274 769 2611 769 2272 769 2272 770 2611 770 2605 770 2272 771 2605 771 2270 771 2270 772 2605 772 2598 772 2270 773 2598 773 2268 773 2268 774 2598 774 2590 774 2268 775 2590 775 2266 775 2266 776 2590 776 2581 776 2266 777 2581 777 2264 777 2264 778 2581 778 2571 778 2264 779 2571 779 2262 779 2262 780 2571 780 2560 780 2262 781 2560 781 2260 781 2260 782 2560 782 2538 782 2260 783 2538 783 2258 783 2258 784 2538 784 2515 784 2258 785 2515 785 2256 785 2256 786 2515 786 2513 786 2256 787 2513 787 2254 787 2254 788 2513 788 2252 788 2252 789 2513 789 2511 789 2252 790 2511 790 2250 790 2250 791 2511 791 2509 791 2250 792 2509 792 2248 792 2248 793 2509 793 2507 793 2248 794 2507 794 2246 794 2246 795 2507 795 2505 795 2246 796 2505 796 2244 796 2244 797 2505 797 2503 797 2244 798 2503 798 2242 798 2242 799 2503 799 2501 799 2242 800 2501 800 2241 800 2241 801 2501 801 2499 801 2241 802 2499 802 2239 802 2239 803 2499 803 2497 803 2239 804 2497 804 2237 804 2237 805 2497 805 2495 805 2237 806 2495 806 2235 806 2235 807 2495 807 2493 807 2235 808 2493 808 2233 808 2233 809 2493 809 2491 809 2233 810 2491 810 2231 810 2231 811 2491 811 2489 811 2231 812 2489 812 2229 812 2229 813 2489 813 2487 813 2229 814 2487 814 2227 814 2227 815 2487 815 2225 815 2225 816 2487 816 2474 816 2225 817 2474 817 2223 817 2223 818 2474 818 2462 818 2223 819 2462 819 2221 819 2221 820 2462 820 2450 820 2221 821 2450 821 2219 821 2219 822 2450 822 2438 822 2219 823 2438 823 2217 823 2217 824 2438 824 2426 824 2217 825 2426 825 2216 825 2216 826 2426 826 2414 826 2216 827 2414 827 2631 827 2631 828 2414 828 2402 828 2631 829 2402 829 2644 829 2644 830 2402 830 2390 830 2644 831 2390 831 2656 831 2656 832 2390 832 2378 832 2656 833 2378 833 2667 833 2667 834 2378 834 2366 834 2667 835 2366 835 2676 835 2676 836 2366 836 2354 836 2676 837 2354 837 2684 837 2684 838 2354 838 2342 838 2684 839 2342 839 2692 839 2692 840 2342 840 2330 840 2692 841 2330 841 2697 841 2697 842 2330 842 2700 842 2700 843 2330 843 2318 843 2700 844 2318 844 2845 844 2845 845 2318 845 2306 845 2845 846 2306 846 2192 846 2069 847 2305 847 2070 847 2070 848 2305 848 2304 848 2700 849 2845 849 2846 849 2846 850 2845 850 2847 850 2847 851 2845 851 2192 851 281 852 338 852 2956 852 2956 853 338 853 2957 853 2956 854 2957 854 2958 854 2958 855 2957 855 2959 855 2958 856 2959 856 2960 856 2960 857 2959 857 2961 857 2960 858 2961 858 2962 858 2962 859 2961 859 2963 859 2962 860 2963 860 2964 860 2964 861 2963 861 2965 861 2964 862 2965 862 2966 862 2966 863 2965 863 2967 863 2966 864 2967 864 2968 864 2968 865 2967 865 2969 865 2968 866 2969 866 2970 866 2970 867 2969 867 2971 867 2970 868 2971 868 2972 868 2972 869 2971 869 2973 869 2972 870 2973 870 2974 870 2974 871 2973 871 2975 871 2974 872 2975 872 2976 872 2976 873 2975 873 2977 873 2976 874 2977 874 2847 874 2847 875 2977 875 2846 875 338 876 281 876 256 876 256 877 281 877 305 877 3813 54 3816 54 3817 54 3817 54 3816 54 3818 54 3817 54 3818 54 3819 54 3819 54 3818 54 3820 54 3819 54 3820 54 3821 54 3821 54 3820 54 3822 54 3821 54 3822 54 3823 54 3823 54 3822 54 3824 54 3823 54 3824 54 3825 54 3825 54 3824 54 3826 54 3825 54 3826 54 3827 54 3827 54 3826 54 3828 54 3827 54 3828 54 3829 54 3829 54 3828 54 3830 54 3829 54 3830 54 3831 54 3831 54 3830 54 3832 54 3831 54 3832 54 3833 54 3833 54 3832 54 3834 54 3833 54 3834 54 3835 54 3835 54 3834 54 3836 54 3835 54 3836 54 3837 54 3837 54 3836 54 3838 54 3837 54 3838 54 3806 54 3806 54 3838 54 3807 54 3806 54 3846 54 3847 54 3847 54 3846 54 3848 54 3847 54 3848 54 3849 54 3849 54 3848 54 3850 54 3849 54 3850 54 3851 54 3851 54 3850 54 3852 54 3851 54 3852 54 3853 54 3853 54 3852 54 3854 54 3853 54 3854 54 3855 54 3855 54 3854 54 3856 54 3855 54 3856 54 3857 54 3857 54 3856 54 3858 54 3857 54 3858 54 3859 54 3859 54 3858 54 3860 54 3859 54 3860 54 3861 54 3861 54 3860 54 3862 54 3861 54 3862 54 3863 54 3863 54 3862 54 3864 54 3863 54 3864 54 3865 54 3865 54 3864 54 3866 54 3865 54 3866 54 3867 54 3867 54 3866 54 3868 54 3867 54 3868 54 3813 54 3813 54 3868 54 3814 54 3870 878 3888 878 3871 878 3871 879 3888 879 3889 879 3871 880 3889 880 3872 880 3872 881 3889 881 3890 881 3872 882 3890 882 3873 882 3873 883 3890 883 3891 883 3873 884 3891 884 3874 884 3874 885 3891 885 3892 885 3874 886 3892 886 3875 886 3875 887 3892 887 3893 887 3875 888 3893 888 3876 888 3876 889 3893 889 3894 889 3876 890 3894 890 3877 890 3877 891 3894 891 3895 891 3877 892 3895 892 3878 892 3878 893 3895 893 3896 893 3878 894 3896 894 3815 894 3815 895 3896 895 3897 895 3818 896 3898 896 3899 896 3897 54 3899 54 3898 54 3806 897 3909 897 3910 897 3837 898 3910 898 3911 898 3837 899 3911 899 3835 899 3835 900 3911 900 3912 900 3835 901 3912 901 3833 901 3833 901 3912 901 3913 901 3833 902 3913 902 3831 902 3831 903 3913 903 3914 903 3831 904 3914 904 3829 904 3829 905 3914 905 3915 905 3829 906 3915 906 3827 906 3827 907 3915 907 3916 907 3827 908 3916 908 3825 908 3825 909 3916 909 3917 909 3825 910 3917 910 3823 910 3823 911 3917 911 3918 911 3823 912 3918 912 3821 912 3821 913 3918 913 3919 913 3821 914 3919 914 3819 914 3819 914 3919 914 3920 914 3819 915 3920 915 3817 915 3817 916 3920 916 3921 916 3817 917 3921 917 3813 917 3813 917 3921 917 3922 917 3867 918 3922 918 3923 918 3909 54 3911 54 3910 54 3921 54 3923 54 3922 54 3845 919 3933 919 3846 919 3846 920 3933 920 3934 920 3846 921 3934 921 3848 921 3848 921 3934 921 3935 921 3848 922 3935 922 3850 922 3850 923 3935 923 3936 923 3850 924 3936 924 3852 924 3852 924 3936 924 3937 924 3852 880 3937 880 3854 880 3854 881 3937 881 3938 881 3854 904 3938 904 3856 904 3856 883 3938 883 3939 883 3856 925 3939 925 3858 925 3858 926 3939 926 3940 926 3858 927 3940 927 3860 927 3860 928 3940 928 3941 928 3860 888 3941 888 3862 888 3862 911 3941 911 3942 911 3862 890 3942 890 3864 890 3864 891 3942 891 3943 891 3864 929 3943 929 3866 929 3866 929 3943 929 3944 929 3866 930 3944 930 3868 930 3868 895 3944 895 3945 895 3868 931 3945 931 3814 931 3814 931 3945 931 3946 931 3814 932 3946 932 3810 932 3933 54 3936 54 3935 54 3933 54 3935 54 3934 54 3945 54 3947 54 3946 54 3951 933 3952 933 3953 933 3953 934 3952 934 3954 934 3953 935 3954 935 3955 935 3955 936 3954 936 3956 936 3955 937 3956 937 3957 937 3957 938 3956 938 3958 938 3957 939 3958 939 3959 939 3959 940 3958 940 3960 940 3959 941 3960 941 3961 941 3961 942 3960 942 3962 942 3961 943 3962 943 3963 943 3963 944 3962 944 3964 944 3963 945 3964 945 3965 945 3965 946 3964 946 3966 946 3965 947 3966 947 3967 947 3967 948 3966 948 3968 948 3967 949 3968 949 3969 949 3969 950 3968 950 3970 950 3969 951 3970 951 3971 951 3971 952 3970 952 3972 952 3971 953 3972 953 3973 953 3973 954 3972 954 3974 954 3973 955 3974 955 3975 955 3975 956 3974 956 3976 956 3975 957 3976 957 3977 957 3977 958 3976 958 3978 958 3977 959 3978 959 3979 959 3979 960 3978 960 3980 960 3979 961 3980 961 3981 961 3981 962 3980 962 3982 962 3981 963 3982 963 3983 963 3983 964 3982 964 3984 964 3983 965 3984 965 3985 965 3985 966 3984 966 3986 966 3985 967 3986 967 3987 967 3987 968 3986 968 3988 968 3987 969 3988 969 3989 969 3989 970 3988 970 3990 970 3989 971 3990 971 3991 971 3991 972 3990 972 3992 972 3991 973 3992 973 3993 973 3993 974 3992 974 3994 974 3993 975 3994 975 3995 975 3995 976 3994 976 3996 976 3995 977 3996 977 3997 977 3997 978 3996 978 3998 978 3997 979 3998 979 3951 979 3951 980 3998 980 3952 980 3999 981 4000 981 4001 981 4001 982 4000 982 4002 982 4001 983 4002 983 4003 983 4003 984 4002 984 4004 984 4003 985 4004 985 4005 985 4005 985 4004 985 4006 985 4005 978 4006 978 4007 978 4007 986 4006 986 4008 986 4007 987 4008 987 4009 987 4009 987 4008 987 4010 987 4009 973 4010 973 4011 973 4011 988 4010 988 4012 988 4011 972 4012 972 4013 972 4013 989 4012 989 4014 989 4013 990 4014 990 4015 990 4015 991 4014 991 4016 991 4015 968 4016 968 4017 968 4017 992 4016 992 4018 992 4017 993 4018 993 4019 993 4019 993 4018 993 4020 993 4019 964 4020 964 4021 964 4021 994 4020 994 4022 994 4021 962 4022 962 4023 962 4023 995 4022 995 4024 995 4023 996 4024 996 4025 996 4025 997 4024 997 4026 997 4025 998 4026 998 4027 998 4027 999 4026 999 4028 999 4027 956 4028 956 4029 956 4029 1000 4028 1000 4030 1000 4029 954 4030 954 4031 954 4031 1001 4030 1001 4032 1001 4031 952 4032 952 4033 952 4033 1002 4032 1002 4034 1002 4033 950 4034 950 4035 950 4035 1003 4034 1003 4036 1003 4035 948 4036 948 4037 948 4037 1004 4036 1004 4038 1004 4037 946 4038 946 4039 946 4039 945 4038 945 4040 945 4039 944 4040 944 4041 944 4041 1005 4040 1005 4042 1005 4041 942 4042 942 4043 942 4043 941 4042 941 4044 941 4043 940 4044 940 4045 940 4045 1006 4044 1006 4046 1006 4045 1007 4046 1007 3999 1007 3999 1008 4046 1008 4000 1008 3954 1009 4047 1009 3956 1009 3956 936 4047 936 4048 936 3956 937 4048 937 3958 937 3958 938 4048 938 4049 938 3958 939 4049 939 3960 939 3960 1010 4049 1010 4050 1010 3960 1011 4050 1011 3962 1011 3962 1012 4050 1012 4051 1012 3962 1013 4051 1013 3964 1013 3964 944 4051 944 4052 944 3964 1014 4052 1014 3966 1014 3966 1015 4052 1015 4053 1015 3966 1016 4053 1016 3968 1016 3968 1017 4053 1017 4054 1017 3968 1018 4054 1018 3970 1018 3970 1019 4054 1019 4055 1019 3970 1002 4055 1002 3972 1002 3972 1020 4055 1020 4056 1020 3972 953 4056 953 3974 953 3974 954 4056 954 4057 954 3974 955 4057 955 3976 955 3976 956 4057 956 4058 956 3976 998 4058 998 3978 998 3978 958 4058 958 4059 958 3978 996 4059 996 3980 996 3980 960 4059 960 4060 960 3980 961 4060 961 3982 961 3982 962 4060 962 4061 962 3982 963 4061 963 3984 963 3984 964 4061 964 4062 964 3984 1021 4062 1021 3986 1021 3986 1022 4062 1022 4063 1022 3986 1023 4063 1023 3988 1023 3988 1024 4063 1024 4064 1024 3988 970 4064 970 3990 970 3990 969 4064 969 4065 969 3990 972 4065 972 3992 972 3992 1025 4065 1025 4066 1025 3992 1026 4066 1026 3994 1026 3994 974 4066 974 4067 974 3994 1027 4067 1027 3996 1027 3996 1028 4067 1028 4068 1028 3996 977 4068 977 3998 977 3998 1029 4068 1029 4069 1029 3998 979 4069 979 3952 979 3952 980 4069 980 4070 980 3952 1030 4070 1030 3954 1030 3954 934 4070 934 4047 934 4047 1031 4071 1031 4048 1031 4048 935 4071 935 4072 935 4048 937 4072 937 4049 937 4049 1007 4072 1007 4073 1007 4049 939 4073 939 4050 939 4050 1032 4073 1032 4074 1032 4050 1033 4074 1033 4051 1033 4051 1034 4074 1034 4075 1034 4051 943 4075 943 4052 943 4052 944 4075 944 4076 944 4052 1035 4076 1035 4053 1035 4053 1015 4076 1015 4077 1015 4053 1036 4077 1036 4054 1036 4054 1037 4077 1037 4078 1037 4054 1018 4078 1018 4055 1018 4055 1019 4078 1019 4079 1019 4055 1002 4079 1002 4056 1002 4056 1038 4079 1038 4080 1038 4056 1039 4080 1039 4057 1039 4057 1040 4080 1040 4081 1040 4057 955 4081 955 4058 955 4058 1041 4081 1041 4082 1041 4058 958 4082 958 4059 958 4059 957 4082 957 4083 957 4059 959 4083 959 4060 959 4060 959 4083 959 4084 959 4060 962 4084 962 4061 962 4061 995 4084 995 4085 995 4061 963 4085 963 4062 963 4062 1042 4085 1042 4086 1042 4062 993 4086 993 4063 993 4063 993 4086 993 4087 993 4063 1023 4087 1023 4064 1023 4064 1043 4087 1043 4088 1043 4064 1044 4088 1044 4065 1044 4065 1045 4088 1045 4089 1045 4065 1046 4089 1046 4066 1046 4066 1025 4089 1025 4090 1025 4066 1047 4090 1047 4067 1047 4067 974 4090 974 4091 974 4067 987 4091 987 4068 987 4068 1048 4091 1048 4092 1048 4068 977 4092 977 4069 977 4069 1049 4092 1049 4093 1049 4069 979 4093 979 4070 979 4070 985 4093 985 4094 985 4070 1050 4094 1050 4047 1050 4047 934 4094 934 4071 934 4071 1051 4095 1051 4072 1051 4072 1051 4095 1051 4096 1051 4072 1008 4096 1008 4073 1008 4073 1052 4096 1052 4097 1052 4073 1006 4097 1006 4074 1006 4074 1053 4097 1053 4098 1053 4074 1054 4098 1054 4075 1054 4075 942 4098 942 4099 942 4075 1055 4099 1055 4076 1055 4076 1056 4099 1056 4100 1056 4076 945 4100 945 4077 945 4077 1057 4100 1057 4101 1057 4077 1058 4101 1058 4078 1058 4078 1017 4101 1017 4102 1017 4078 1059 4102 1059 4079 1059 4079 1060 4102 1060 4103 1060 4079 1061 4103 1061 4080 1061 4080 1062 4103 1062 4104 1062 4080 1001 4104 1001 4081 1001 4081 1063 4104 1063 4105 1063 4081 1000 4105 1000 4082 1000 4082 1064 4105 1064 4106 1064 4082 1065 4106 1065 4083 1065 4083 1066 4106 1066 4107 1066 4083 1067 4107 1067 4084 1067 4084 1068 4107 1068 4108 1068 4084 995 4108 995 4085 995 4085 1069 4108 1069 4109 1069 4085 994 4109 994 4086 994 4086 1070 4109 1070 4110 1070 4086 1071 4110 1071 4087 1071 4087 1072 4110 1072 4111 1072 4087 1073 4111 1073 4088 1073 4088 1074 4111 1074 4112 1074 4088 1075 4112 1075 4089 1075 4089 969 4112 969 4113 969 4089 971 4113 971 4090 971 4090 971 4113 971 4114 971 4090 1076 4114 1076 4091 1076 4091 1077 4114 1077 4115 1077 4091 1078 4115 1078 4092 1078 4092 976 4115 976 4116 976 4092 986 4116 986 4093 986 4093 1079 4116 1079 4117 1079 4093 985 4117 985 4094 985 4094 1080 4117 1080 4118 1080 4094 1081 4118 1081 4071 1081 4071 1081 4118 1081 4095 1081 4095 1082 4119 1082 4096 1082 4096 1083 4119 1083 4120 1083 4096 1084 4120 1084 4097 1084 4097 1085 4120 1085 4121 1085 4097 1086 4121 1086 4098 1086 4098 1087 4121 1087 4122 1087 4098 1088 4122 1088 4099 1088 4099 1034 4122 1034 4123 1034 4099 943 4123 943 4100 943 4100 944 4123 944 4124 944 4100 1089 4124 1089 4101 1089 4101 1015 4124 1015 4125 1015 4101 1036 4125 1036 4102 1036 4102 1037 4125 1037 4126 1037 4102 1090 4126 1090 4103 1090 4103 1019 4126 1019 4127 1019 4103 1002 4127 1002 4104 1002 4104 1091 4127 1091 4128 1091 4104 1092 4128 1092 4105 1092 4105 1093 4128 1093 4129 1093 4105 1094 4129 1094 4106 1094 4106 1095 4129 1095 4130 1095 4106 958 4130 958 4107 958 4107 1096 4130 1096 4131 1096 4107 959 4131 959 4108 959 4108 1097 4131 1097 4132 1097 4108 1098 4132 1098 4109 1098 4109 1099 4132 1099 4133 1099 4109 1100 4133 1100 4110 1100 4110 1101 4133 1101 4134 1101 4110 993 4134 993 4111 993 4111 1102 4134 1102 4135 1102 4111 1103 4135 1103 4112 1103 4112 1043 4135 1043 4136 1043 4112 1044 4136 1044 4113 1044 4113 1045 4136 1045 4137 1045 4113 1104 4137 1104 4114 1104 4114 1025 4137 1025 4138 1025 4114 1047 4138 1047 4115 1047 4115 974 4138 974 4139 974 4115 1105 4139 1105 4116 1105 4116 1048 4139 1048 4140 1048 4116 1106 4140 1106 4117 1106 4117 1107 4140 1107 4141 1107 4117 1108 4141 1108 4118 1108 4118 1108 4141 1108 4142 1108 4118 1109 4142 1109 4095 1109 4095 1110 4142 1110 4119 1110 4119 1111 4143 1111 4120 1111 4120 1112 4143 1112 4144 1112 4120 937 4144 937 4121 937 4121 1113 4144 1113 4145 1113 4121 939 4145 939 4122 939 4122 1114 4145 1114 4146 1114 4122 1115 4146 1115 4123 1115 4123 1116 4146 1116 4147 1116 4123 1117 4147 1117 4124 1117 4124 1118 4147 1118 4148 1118 4124 1119 4148 1119 4125 1119 4125 1120 4148 1120 4149 1120 4125 1121 4149 1121 4126 1121 4126 1037 4149 1037 4150 1037 4126 1122 4150 1122 4127 1122 4127 1123 4150 1123 4151 1123 4127 1124 4151 1124 4128 1124 4128 1125 4151 1125 4152 1125 4128 953 4152 953 4129 953 4129 954 4152 954 4153 954 4129 955 4153 955 4130 955 4130 1126 4153 1126 4154 1126 4130 1096 4154 1096 4131 1096 4131 1127 4154 1127 4155 1127 4131 1097 4155 1097 4132 1097 4132 1128 4155 1128 4156 1128 4132 961 4156 961 4133 961 4133 1129 4156 1129 4157 1129 4133 963 4157 963 4134 963 4134 964 4157 964 4158 964 4134 1130 4158 1130 4135 1130 4135 1131 4158 1131 4159 1131 4135 1132 4159 1132 4136 1132 4136 1133 4159 1133 4160 1133 4136 1134 4160 1134 4137 1134 4137 1044 4160 1044 4161 1044 4137 1135 4161 1135 4138 1135 4138 1135 4161 1135 4162 1135 4138 1136 4162 1136 4139 1136 4139 1137 4162 1137 4163 1137 4139 1138 4163 1138 4140 1138 4140 1139 4163 1139 4164 1139 4140 977 4164 977 4141 977 4141 1107 4164 1107 4165 1107 4141 979 4165 979 4142 979 4142 1140 4165 1140 4166 1140 4142 1141 4166 1141 4119 1141 4119 1110 4166 1110 4143 1110 4143 1112 4167 1112 4144 1112 4144 1111 4167 1111 4168 1111 4144 1084 4168 1084 4145 1084 4145 938 4168 938 4169 938 4145 1086 4169 1086 4146 1086 4146 1087 4169 1087 4170 1087 4146 1088 4170 1088 4147 1088 4147 1012 4170 1012 4171 1012 4147 1142 4171 1142 4148 1142 4148 1143 4171 1143 4172 1143 4148 1144 4172 1144 4149 1144 4149 1120 4172 1120 4173 1120 4149 1145 4173 1145 4150 1145 4150 1146 4173 1146 4174 1146 4150 1018 4174 1018 4151 1018 4151 1019 4174 1019 4175 1019 4151 1147 4175 1147 4152 1147 4152 1148 4175 1148 4176 1148 4152 1149 4176 1149 4153 1149 4153 954 4176 954 4177 954 4153 1150 4177 1150 4154 1150 4154 956 4177 956 4178 956 4154 958 4178 958 4155 958 4155 1151 4178 1151 4179 1151 4155 959 4179 959 4156 959 4156 1152 4179 1152 4180 1152 4156 1153 4180 1153 4157 1153 4157 962 4180 962 4181 962 4157 1154 4181 1154 4158 1154 4158 964 4181 964 4182 964 4158 1155 4182 1155 4159 1155 4159 1156 4182 1156 4183 1156 4159 1023 4183 1023 4160 1023 4160 1024 4183 1024 4184 1024 4160 1157 4184 1157 4161 1157 4161 1158 4184 1158 4185 1158 4161 1159 4185 1159 4162 1159 4162 1160 4185 1160 4186 1160 4162 1161 4186 1161 4163 1161 4163 1162 4186 1162 4187 1162 4163 1163 4187 1163 4164 1163 4164 1028 4187 1028 4188 1028 4164 1106 4188 1106 4165 1106 4165 1107 4188 1107 4189 1107 4165 1108 4189 1108 4166 1108 4166 979 4189 979 4190 979 4166 1110 4190 1110 4143 1110 4143 1050 4190 1050 4167 1050 4167 981 4191 981 4168 981 4168 1009 4191 1009 4192 1009 4168 1164 4192 1164 4169 1164 4169 1165 4192 1165 4193 1165 4169 1166 4193 1166 4170 1166 4170 1167 4193 1167 4194 1167 4170 1168 4194 1168 4171 1168 4171 1169 4194 1169 4195 1169 4171 1170 4195 1170 4172 1170 4172 1171 4195 1171 4196 1171 4172 1172 4196 1172 4173 1172 4173 1173 4196 1173 4197 1173 4173 948 4197 948 4174 948 4174 1174 4197 1174 4198 1174 4174 1175 4198 1175 4175 1175 4175 949 4198 949 4199 949 4175 1176 4199 1176 4176 1176 4176 1177 4199 1177 4200 1177 4176 1178 4200 1178 4177 1178 4177 1179 4200 1179 4201 1179 4177 1180 4201 1180 4178 1180 4178 1181 4201 1181 4202 1181 4178 1182 4202 1182 4179 1182 4179 1151 4202 1151 4203 1151 4179 996 4203 996 4180 996 4180 1152 4203 1152 4204 1152 4180 1183 4204 1183 4181 1183 4181 1184 4204 1184 4205 1184 4181 1185 4205 1185 4182 1185 4182 1186 4205 1186 4206 1186 4182 1187 4206 1187 4183 1187 4183 1188 4206 1188 4207 1188 4183 1189 4207 1189 4184 1189 4184 968 4207 968 4208 968 4184 970 4208 970 4185 970 4185 1190 4208 1190 4209 1190 4185 1191 4209 1191 4186 1191 4186 1192 4209 1192 4210 1192 4186 1193 4210 1193 4187 1193 4187 1194 4210 1194 4211 1194 4187 1195 4211 1195 4188 1195 4188 1196 4211 1196 4212 1196 4188 1197 4212 1197 4189 1197 4189 1198 4212 1198 4213 1198 4189 1199 4213 1199 4190 1199 4190 1199 4213 1199 4214 1199 4190 983 4214 983 4167 983 4167 983 4214 983 4191 983 4191 1111 4002 1111 4192 1111 4192 1031 4002 1031 4000 1031 4192 937 4000 937 4193 937 4193 938 4000 938 4046 938 4193 1086 4046 1086 4194 1086 4194 940 4046 940 4044 940 4194 941 4044 941 4195 941 4195 1012 4044 1012 4042 1012 4195 943 4042 943 4196 943 4196 1171 4042 1171 4040 1171 4196 1035 4040 1035 4197 1035 4197 1015 4040 1015 4038 1015 4197 1036 4038 1036 4198 1036 4198 948 4038 948 4036 948 4198 1018 4036 1018 4199 1018 4199 950 4036 950 4034 950 4199 1002 4034 1002 4200 1002 4200 952 4034 952 4032 952 4200 1200 4032 1200 4201 1200 4201 954 4032 954 4030 954 4201 955 4030 955 4202 955 4202 956 4030 956 4028 956 4202 1151 4028 1151 4203 1151 4203 1201 4028 1201 4026 1201 4203 1152 4026 1152 4204 1152 4204 1202 4026 1202 4024 1202 4204 961 4024 961 4205 961 4205 962 4024 962 4022 962 4205 1203 4022 1203 4206 1203 4206 964 4022 964 4020 964 4206 1021 4020 1021 4207 1021 4207 966 4020 966 4018 966 4207 1023 4018 1023 4208 1023 4208 968 4018 968 4016 968 4208 1044 4016 1044 4209 1044 4209 970 4016 970 4014 970 4209 1025 4014 1025 4210 1025 4210 1025 4014 1025 4012 1025 4210 973 4012 973 4211 973 4211 1194 4012 1194 4010 1194 4211 975 4010 975 4212 975 4212 1028 4010 1028 4008 1028 4212 1106 4008 1106 4213 1106 4213 978 4008 978 4006 978 4213 979 4006 979 4214 979 4214 980 4006 980 4004 980 4214 1141 4004 1141 4191 1141 4191 1050 4004 1050 4002 1050 4215 1204 3782 1204 4216 1204 4216 1205 3781 1205 4217 1205 4217 1206 3781 1206 3780 1206 4217 1207 3780 1207 4218 1207 4218 1208 3779 1208 4219 1208 4219 1209 3779 1209 3778 1209 4219 1210 3778 1210 4220 1210 4220 1211 3778 1211 3777 1211 4220 1212 3777 1212 4221 1212 4221 1213 3777 1213 3776 1213 4221 1214 3776 1214 4222 1214 4222 1214 3776 1214 3775 1214 4222 1215 3775 1215 4223 1215 4223 1216 3774 1216 4224 1216 4224 1216 3774 1216 3773 1216 4224 1217 3773 1217 4225 1217 4226 1218 3771 1218 4227 1218 4227 1219 3770 1219 4228 1219 4228 1220 3770 1220 3769 1220 4229 1221 3768 1221 4230 1221 4230 1222 3768 1222 3767 1222 4230 1223 3767 1223 4231 1223 4231 1224 3766 1224 4232 1224 4232 1225 3766 1225 3765 1225 4232 1226 3765 1226 4233 1226 4233 1226 3765 1226 3764 1226 4233 1227 3764 1227 4234 1227 4234 1228 3764 1228 3763 1228 4234 1229 3763 1229 4235 1229 4235 1230 3763 1230 3738 1230 4235 1231 3738 1231 4236 1231 4236 1232 3738 1232 3737 1232 4236 1233 3737 1233 4237 1233 4237 1234 3736 1234 4238 1234 4238 1234 3736 1234 3762 1234 4238 1235 3762 1235 4239 1235 4239 1235 3762 1235 3761 1235 4239 1236 3761 1236 4240 1236 4240 1237 3761 1237 3760 1237 4240 1238 3760 1238 4241 1238 4241 1239 3759 1239 4242 1239 4242 1240 3759 1240 3758 1240 4242 1241 3758 1241 4243 1241 4243 1242 3758 1242 3757 1242 4243 1243 3757 1243 4244 1243 4245 1244 3755 1244 4246 1244 4246 1245 3755 1245 3754 1245 4246 1246 3754 1246 4247 1246 4247 1247 3753 1247 4248 1247 4248 1248 3753 1248 3742 1248 4248 1249 3742 1249 4249 1249 4249 1250 3741 1250 4250 1250 4250 1251 3741 1251 3740 1251 4250 1252 3740 1252 4251 1252 4251 1253 3740 1253 3752 1253 4251 1254 3752 1254 4252 1254 4252 1254 3752 1254 3751 1254 4252 1255 3751 1255 4253 1255 4253 1256 3751 1256 3750 1256 4253 1257 3750 1257 4254 1257 4254 1258 3750 1258 3749 1258 4254 1259 3749 1259 4255 1259 4255 1260 3749 1260 3748 1260 4255 1261 3748 1261 4256 1261 4256 1261 3748 1261 3747 1261 4256 1262 3747 1262 4257 1262 4257 1263 3747 1263 3746 1263 4257 1264 3746 1264 4258 1264 4258 1265 3746 1265 3745 1265 4258 1266 3745 1266 4259 1266 4259 1267 3745 1267 3744 1267 4259 1268 3744 1268 4260 1268 4260 1269 3744 1269 3743 1269 3955 1270 4220 1270 3953 1270 3953 1271 4220 1271 4221 1271 3953 1272 4221 1272 3951 1272 3951 1273 4221 1273 4222 1273 3951 1274 4222 1274 4223 1274 4220 132 3955 132 4219 132 4219 1275 3955 1275 3957 1275 4219 132 3957 132 4218 132 4218 132 3957 132 4217 132 4217 1276 3957 1276 3959 1276 4217 132 3959 132 4216 132 4216 132 3959 132 4215 132 4215 1277 3959 1277 3961 1277 4215 1278 3961 1278 3963 1278 3963 132 3965 132 4215 132 4215 1279 3965 1279 4260 1279 4260 1280 3965 1280 3967 1280 4260 1281 3967 1281 3969 1281 3969 132 3971 132 4260 132 4260 132 3971 132 4259 132 4259 132 3971 132 4258 132 4258 1282 3971 1282 3973 1282 4258 132 3973 132 4257 132 4257 1283 3973 1283 4256 1283 4256 1284 3973 1284 3975 1284 4256 132 3975 132 4255 132 4255 1285 3975 1285 3977 1285 4255 132 3977 132 4254 132 4254 1286 3977 1286 3979 1286 4254 132 3979 132 4253 132 4253 132 3979 132 4252 132 4252 1287 3979 1287 3981 1287 4252 132 3981 132 4251 132 4251 1288 3981 1288 3983 1288 4251 132 3983 132 4250 132 4250 132 3983 132 4249 132 4249 1289 3983 1289 3985 1289 4249 132 3985 132 4248 132 4248 132 3985 132 4247 132 4247 132 3985 132 4246 132 4246 1290 3985 1290 3987 1290 4246 132 3987 132 4245 132 4245 132 3987 132 4244 132 4244 132 3987 132 4243 132 4243 132 3987 132 4242 132 4242 1291 3987 1291 3989 1291 4242 1292 3989 1292 4241 1292 4241 1293 3989 1293 4240 1293 4240 1294 3989 1294 4239 1294 4239 1295 3989 1295 4238 1295 4238 1296 3989 1296 4237 1296 4237 132 3989 132 4236 132 4236 132 3989 132 4235 132 4235 132 3989 132 4234 132 4234 132 3989 132 4233 132 4233 1297 3989 1297 3991 1297 4233 132 3991 132 4232 132 4232 132 3991 132 4231 132 4231 132 3991 132 4230 132 4230 132 3991 132 4229 132 4229 1298 3991 1298 3993 1298 4229 132 3993 132 4228 132 4228 1299 3993 1299 4227 1299 4227 132 3993 132 4226 132 4226 1300 3993 1300 3995 1300 4226 132 3995 132 4225 132 4225 132 3995 132 4224 132 4224 1301 3995 1301 3997 1301 4224 132 3997 132 4223 132 4223 1302 3997 1302 3951 1302 4261 1269 4262 1269 4263 1269 4263 1268 4262 1268 4264 1268 4263 1267 4264 1267 4265 1267 4265 1303 4264 1303 4266 1303 4265 1265 4266 1265 4267 1265 4267 1264 4266 1264 4268 1264 4267 1304 4268 1304 4269 1304 4269 1262 4268 1262 4270 1262 4269 1261 4270 1261 4271 1261 4271 1305 4270 1305 4272 1305 4271 1260 4272 1260 4273 1260 4273 1259 4272 1259 4274 1259 4273 1257 4274 1257 4275 1257 4275 1258 4274 1258 4276 1258 4275 1306 4276 1306 4277 1306 4277 1254 4278 1254 4279 1254 4279 1253 4280 1253 4281 1253 4281 1252 4280 1252 4282 1252 4281 1307 4282 1307 4283 1307 4283 1250 4282 1250 4284 1250 4283 1308 4284 1308 4285 1308 4285 1249 4284 1249 4286 1249 4285 1309 4286 1309 4287 1309 4287 1247 4286 1247 4288 1247 4287 1310 4288 1310 4289 1310 4289 1246 4288 1246 4290 1246 4289 1244 4290 1244 4291 1244 4291 1311 4292 1311 4293 1311 4293 1312 4292 1312 4294 1312 4293 1313 4294 1313 4295 1313 4295 1243 4294 1243 4296 1243 4295 1242 4296 1242 4297 1242 4297 1241 4296 1241 4298 1241 4297 1240 4298 1240 4299 1240 4299 1314 4300 1314 4301 1314 4301 1238 4300 1238 4302 1238 4301 1237 4302 1237 4303 1237 4303 1315 4302 1315 4304 1315 4303 1235 4304 1235 4305 1235 4305 1316 4304 1316 4306 1316 4305 1234 4306 1234 4307 1234 4307 1234 4306 1234 4308 1234 4307 1233 4308 1233 4309 1233 4309 1233 4308 1233 4310 1233 4309 1232 4310 1232 4311 1232 4311 1317 4310 1317 4312 1317 4311 1230 4312 1230 4313 1230 4313 1229 4312 1229 4314 1229 4313 1318 4314 1318 4315 1318 4315 1319 4316 1319 4317 1319 4317 1320 4318 1320 4319 1320 4319 1224 4318 1224 4320 1224 4319 1321 4320 1321 4321 1321 4321 1221 4322 1221 4323 1221 4323 1221 4322 1221 4324 1221 4323 1322 4324 1322 4325 1322 4325 1323 4324 1323 4326 1323 4325 1324 4326 1324 4327 1324 4327 1219 4326 1219 4328 1219 4327 1218 4328 1218 4329 1218 4329 1218 4328 1218 4330 1218 4329 1325 4330 1325 4331 1325 4331 1326 4330 1326 4332 1326 4331 1327 4332 1327 4333 1327 4333 1217 4332 1217 4334 1217 4333 1216 4334 1216 4335 1216 4335 1216 4334 1216 4336 1216 4335 1328 4336 1328 4337 1328 4337 1215 4336 1215 4338 1215 4337 1214 4338 1214 4339 1214 4339 1214 4338 1214 4340 1214 4339 1213 4340 1213 4341 1213 4341 1212 4340 1212 4342 1212 4341 1210 4342 1210 4343 1210 4343 1329 4344 1329 4345 1329 4345 1330 4346 1330 4347 1330 4347 1207 4346 1207 4348 1207 4347 1206 4348 1206 4349 1206 4349 1331 4350 1331 4351 1331 4351 1204 4350 1204 4352 1204 4003 1332 4339 1332 4001 1332 4001 1333 4339 1333 4341 1333 4001 1334 4341 1334 3999 1334 3999 1335 4341 1335 4343 1335 3999 107 4343 107 4045 107 4045 1336 4343 1336 4345 1336 4045 1337 4345 1337 4347 1337 4005 107 4335 107 4003 107 4003 1338 4335 1338 4337 1338 4003 1339 4337 1339 4339 1339 4335 107 4005 107 4333 107 4333 1340 4005 1340 4007 1340 4333 107 4007 107 4331 107 4331 107 4007 107 4329 107 4329 1341 4007 1341 4009 1341 4329 107 4009 107 4327 107 4327 1342 4009 1342 4325 1342 4325 1343 4009 1343 4323 1343 4323 1344 4009 1344 4011 1344 4323 107 4011 107 4321 107 4321 1345 4011 1345 4319 1345 4319 1346 4011 1346 4317 1346 4317 107 4011 107 4315 107 4315 1347 4011 1347 4013 1347 4315 107 4013 107 4313 107 4313 1348 4013 1348 4311 1348 4311 107 4013 107 4309 107 4309 1349 4013 1349 4307 1349 4307 1350 4013 1350 4305 1350 4305 107 4013 107 4303 107 4303 1351 4013 1351 4301 1351 4301 107 4013 107 4299 107 4299 107 4013 107 4297 107 4297 1352 4013 1352 4015 1352 4297 107 4015 107 4295 107 4295 107 4015 107 4293 107 4293 1353 4015 1353 4291 1353 4291 107 4015 107 4289 107 4289 1354 4015 1354 4017 1354 4289 107 4017 107 4287 107 4287 1355 4017 1355 4285 1355 4285 1356 4017 1356 4283 1356 4283 1357 4017 1357 4019 1357 4283 107 4019 107 4281 107 4281 107 4019 107 4279 107 4279 1358 4019 1358 4021 1358 4279 107 4021 107 4277 107 4277 1359 4021 1359 4023 1359 4277 107 4023 107 4275 107 4275 1360 4023 1360 4273 1360 4273 1361 4023 1361 4025 1361 4273 107 4025 107 4271 107 4271 1362 4025 1362 4027 1362 4271 1363 4027 1363 4269 1363 4269 1364 4027 1364 4029 1364 4269 107 4029 107 4267 107 4267 107 4029 107 4265 107 4265 1365 4029 1365 4031 1365 4265 1366 4031 1366 4263 1366 4263 107 4031 107 4261 107 4261 1367 4031 1367 4033 1367 4261 1368 4033 1368 4035 1368 4035 107 4037 107 4261 107 4261 1369 4037 1369 4351 1369 4351 1370 4037 1370 4039 1370 4351 1371 4039 1371 4041 1371 4041 107 4043 107 4351 107 4351 107 4043 107 4349 107 4349 1366 4043 1366 4347 1366 4347 1372 4043 1372 4045 1372 4400 1373 4401 1373 4402 1373 4402 1374 4401 1374 4403 1374 4402 1375 4403 1375 4404 1375 4404 1376 4403 1376 4405 1376 4404 1377 4405 1377 4406 1377 4406 1378 4405 1378 4407 1378 4406 1379 4407 1379 4408 1379 4408 1380 4407 1380 4409 1380 4408 1381 4409 1381 4410 1381 4410 1382 4409 1382 4411 1382 4410 1383 4411 1383 4412 1383 4412 1384 4411 1384 4413 1384 4412 1385 4413 1385 4414 1385 4414 1386 4413 1386 4415 1386 4414 1387 4415 1387 4416 1387 4416 1388 4415 1388 4417 1388 4416 1389 4417 1389 4418 1389 4418 1390 4417 1390 4419 1390 4418 1391 4419 1391 4420 1391 4420 1392 4419 1392 4421 1392 4420 1393 4421 1393 4422 1393 4422 1394 4421 1394 4423 1394 4422 1395 4423 1395 4424 1395 4424 1396 4423 1396 4425 1396 4424 1397 4425 1397 4426 1397 4426 1398 4425 1398 4427 1398 4426 1399 4427 1399 4428 1399 4428 1400 4427 1400 4429 1400 4428 1401 4429 1401 4430 1401 4430 1402 4429 1402 4431 1402 4430 1403 4431 1403 4432 1403 4432 1404 4431 1404 4433 1404 4432 1405 4433 1405 4434 1405 4434 1406 4433 1406 4435 1406 4434 1407 4435 1407 4436 1407 4436 1408 4435 1408 4437 1408 4436 1409 4437 1409 4438 1409 4438 1410 4437 1410 4439 1410 4438 1411 4439 1411 4440 1411 4440 1412 4439 1412 4441 1412 4440 1413 4441 1413 4442 1413 4442 1414 4441 1414 4443 1414 4442 1415 4443 1415 4444 1415 4444 1416 4443 1416 4445 1416 4444 1417 4445 1417 4446 1417 4446 1418 4445 1418 4447 1418 4446 1419 4447 1419 4448 1419 4448 1420 4447 1420 4449 1420 4448 1421 4449 1421 4450 1421 4450 1422 4449 1422 4451 1422 4450 1423 4451 1423 4452 1423 4452 1424 4451 1424 4453 1424 4452 1425 4453 1425 4454 1425 4454 1426 4453 1426 4455 1426 4454 1427 4455 1427 4456 1427 4456 1428 4455 1428 4457 1428 4456 1429 4457 1429 4458 1429 4458 1430 4457 1430 4459 1430 4458 1431 4459 1431 4460 1431 4460 1432 4459 1432 4461 1432 4460 1433 4461 1433 4462 1433 4462 1434 4461 1434 4463 1434 4462 1435 4463 1435 4464 1435 4464 1436 4463 1436 4465 1436 4464 1437 4465 1437 4466 1437 4466 1438 4465 1438 4467 1438 4466 1439 4467 1439 4468 1439 4468 1440 4467 1440 4469 1440 4468 1441 4469 1441 4470 1441 4470 1442 4469 1442 4471 1442 4470 1443 4471 1443 4472 1443 4472 1444 4471 1444 4473 1444 4472 1445 4473 1445 4400 1445 4400 1446 4473 1446 4401 1446 4403 1447 4512 1447 4405 1447 4405 1448 4512 1448 4513 1448 4405 1449 4513 1449 4407 1449 4407 1450 4513 1450 4514 1450 4407 1451 4514 1451 4409 1451 4409 1452 4514 1452 4515 1452 4409 1453 4515 1453 4411 1453 4411 1454 4515 1454 4516 1454 4411 1455 4516 1455 4413 1455 4413 1456 4516 1456 4517 1456 4413 1457 4517 1457 4415 1457 4415 1458 4517 1458 4518 1458 4415 1459 4518 1459 4417 1459 4417 1460 4518 1460 4519 1460 4417 1461 4519 1461 4419 1461 4419 1462 4519 1462 4520 1462 4419 1463 4520 1463 4421 1463 4421 1464 4520 1464 4521 1464 4421 1465 4521 1465 4423 1465 4423 1466 4521 1466 4522 1466 4423 1467 4522 1467 4425 1467 4425 1468 4522 1468 4523 1468 4425 1469 4523 1469 4427 1469 4427 1470 4523 1470 4524 1470 4427 1471 4524 1471 4429 1471 4429 1472 4524 1472 4525 1472 4429 1473 4525 1473 4431 1473 4431 1474 4525 1474 4526 1474 4431 1475 4526 1475 4433 1475 4433 1476 4526 1476 4527 1476 4433 1477 4527 1477 4435 1477 4435 1478 4527 1478 4528 1478 4435 1479 4528 1479 4437 1479 4437 1480 4528 1480 4529 1480 4437 1481 4529 1481 4439 1481 4439 1482 4529 1482 4530 1482 4439 1483 4530 1483 4441 1483 4441 1484 4530 1484 4531 1484 4441 1485 4531 1485 4443 1485 4443 1486 4531 1486 4532 1486 4443 1487 4532 1487 4445 1487 4445 1488 4532 1488 4533 1488 4445 1489 4533 1489 4447 1489 4447 1490 4533 1490 4534 1490 4447 1491 4534 1491 4449 1491 4449 1492 4534 1492 4535 1492 4449 1493 4535 1493 4451 1493 4451 1494 4535 1494 4536 1494 4451 1495 4536 1495 4453 1495 4453 1496 4536 1496 4537 1496 4453 1497 4537 1497 4455 1497 4455 1498 4537 1498 4538 1498 4455 1499 4538 1499 4457 1499 4457 1500 4538 1500 4539 1500 4457 1501 4539 1501 4459 1501 4459 1502 4539 1502 4540 1502 4459 1503 4540 1503 4461 1503 4461 1504 4540 1504 4541 1504 4461 1505 4541 1505 4463 1505 4463 1506 4541 1506 4542 1506 4463 1507 4542 1507 4465 1507 4465 1508 4542 1508 4543 1508 4465 1509 4543 1509 4467 1509 4467 1510 4543 1510 4544 1510 4467 1511 4544 1511 4469 1511 4469 1512 4544 1512 4545 1512 4469 1513 4545 1513 4471 1513 4471 1514 4545 1514 4546 1514 4471 1515 4546 1515 4473 1515 4473 1516 4546 1516 4547 1516 4473 1517 4547 1517 4401 1517 4401 1518 4547 1518 4548 1518 4401 1519 4548 1519 4403 1519 4403 1520 4548 1520 4512 1520 4512 1521 4549 1521 4513 1521 4513 1522 4549 1522 4550 1522 4513 1523 4550 1523 4514 1523 4514 1524 4550 1524 4551 1524 4514 1525 4551 1525 4515 1525 4515 1526 4551 1526 4552 1526 4515 1527 4552 1527 4516 1527 4516 1528 4552 1528 4553 1528 4516 1529 4553 1529 4517 1529 4517 1530 4553 1530 4554 1530 4517 1531 4554 1531 4518 1531 4518 1532 4554 1532 4555 1532 4518 1533 4555 1533 4519 1533 4519 1534 4555 1534 4556 1534 4519 1535 4556 1535 4520 1535 4520 1536 4556 1536 4557 1536 4520 1537 4557 1537 4521 1537 4521 1538 4557 1538 4558 1538 4521 1539 4558 1539 4522 1539 4522 1540 4558 1540 4559 1540 4522 1541 4559 1541 4523 1541 4523 1542 4559 1542 4560 1542 4523 1543 4560 1543 4524 1543 4524 1544 4560 1544 4561 1544 4524 1545 4561 1545 4525 1545 4525 1546 4561 1546 4562 1546 4525 1547 4562 1547 4526 1547 4526 1548 4562 1548 4563 1548 4526 1549 4563 1549 4527 1549 4527 1550 4563 1550 4564 1550 4527 1551 4564 1551 4528 1551 4528 1552 4564 1552 4565 1552 4528 1553 4565 1553 4529 1553 4529 1554 4565 1554 4566 1554 4529 1555 4566 1555 4530 1555 4530 1556 4566 1556 4567 1556 4530 1557 4567 1557 4531 1557 4531 1558 4567 1558 4568 1558 4531 1559 4568 1559 4532 1559 4532 1560 4568 1560 4569 1560 4532 1561 4569 1561 4533 1561 4533 1562 4569 1562 4570 1562 4533 1563 4570 1563 4534 1563 4534 1564 4570 1564 4571 1564 4534 1565 4571 1565 4535 1565 4535 1566 4571 1566 4572 1566 4535 1567 4572 1567 4536 1567 4536 1568 4572 1568 4573 1568 4536 1569 4573 1569 4537 1569 4537 1570 4573 1570 4574 1570 4537 1571 4574 1571 4538 1571 4538 1572 4574 1572 4575 1572 4538 1573 4575 1573 4539 1573 4539 1574 4575 1574 4576 1574 4539 1575 4576 1575 4540 1575 4540 1576 4576 1576 4577 1576 4540 1577 4577 1577 4541 1577 4541 1578 4577 1578 4578 1578 4541 1579 4578 1579 4542 1579 4542 1580 4578 1580 4579 1580 4542 1581 4579 1581 4543 1581 4543 1582 4579 1582 4580 1582 4543 1583 4580 1583 4544 1583 4544 1584 4580 1584 4581 1584 4544 1585 4581 1585 4545 1585 4545 1586 4581 1586 4582 1586 4545 1587 4582 1587 4546 1587 4546 1588 4582 1588 4583 1588 4546 1589 4583 1589 4547 1589 4547 1590 4583 1590 4584 1590 4547 1591 4584 1591 4548 1591 4548 1592 4584 1592 4585 1592 4548 1593 4585 1593 4512 1593 4512 1594 4585 1594 4549 1594 4549 1595 4586 1595 4550 1595 4550 1596 4586 1596 4587 1596 4550 1597 4587 1597 4551 1597 4551 1598 4587 1598 4588 1598 4551 1599 4588 1599 4552 1599 4552 1600 4588 1600 4589 1600 4552 1601 4589 1601 4553 1601 4553 1602 4589 1602 4590 1602 4553 1603 4590 1603 4554 1603 4554 1604 4590 1604 4591 1604 4554 1605 4591 1605 4555 1605 4555 1606 4591 1606 4592 1606 4555 1607 4592 1607 4556 1607 4556 1608 4592 1608 4593 1608 4556 1609 4593 1609 4557 1609 4557 1610 4593 1610 4594 1610 4557 1611 4594 1611 4558 1611 4558 1612 4594 1612 4595 1612 4558 1613 4595 1613 4559 1613 4559 1614 4595 1614 4596 1614 4559 1615 4596 1615 4560 1615 4560 1616 4596 1616 4597 1616 4560 1617 4597 1617 4561 1617 4561 1618 4597 1618 4598 1618 4561 1619 4598 1619 4562 1619 4562 1620 4598 1620 4599 1620 4562 1621 4599 1621 4563 1621 4563 1622 4599 1622 4600 1622 4563 1623 4600 1623 4564 1623 4564 1624 4600 1624 4601 1624 4564 1625 4601 1625 4565 1625 4565 1626 4601 1626 4602 1626 4565 1627 4602 1627 4566 1627 4566 1628 4602 1628 4603 1628 4566 1629 4603 1629 4567 1629 4567 1630 4603 1630 4604 1630 4567 1631 4604 1631 4568 1631 4568 1632 4604 1632 4605 1632 4568 1633 4605 1633 4569 1633 4569 1634 4605 1634 4606 1634 4569 1635 4606 1635 4570 1635 4570 1636 4606 1636 4607 1636 4570 1637 4607 1637 4571 1637 4571 1638 4607 1638 4608 1638 4571 1639 4608 1639 4572 1639 4572 1640 4608 1640 4609 1640 4572 1641 4609 1641 4573 1641 4573 1642 4609 1642 4610 1642 4573 1643 4610 1643 4574 1643 4574 1644 4610 1644 4611 1644 4574 1645 4611 1645 4575 1645 4575 1646 4611 1646 4612 1646 4575 1647 4612 1647 4576 1647 4576 1648 4612 1648 4613 1648 4576 1649 4613 1649 4577 1649 4577 1650 4613 1650 4614 1650 4577 1651 4614 1651 4578 1651 4578 1652 4614 1652 4615 1652 4578 1653 4615 1653 4579 1653 4579 1654 4615 1654 4616 1654 4579 1655 4616 1655 4580 1655 4580 1656 4616 1656 4617 1656 4580 1657 4617 1657 4581 1657 4581 1658 4617 1658 4618 1658 4581 1659 4618 1659 4582 1659 4582 1660 4618 1660 4619 1660 4582 1661 4619 1661 4583 1661 4583 1662 4619 1662 4620 1662 4583 1663 4620 1663 4584 1663 4584 1664 4620 1664 4621 1664 4584 1665 4621 1665 4585 1665 4585 1666 4621 1666 4622 1666 4585 1667 4622 1667 4549 1667 4549 1668 4622 1668 4586 1668 4586 1669 4623 1669 4587 1669 4587 1670 4623 1670 4624 1670 4587 1671 4624 1671 4588 1671 4588 1672 4624 1672 4625 1672 4588 1673 4625 1673 4589 1673 4589 1674 4625 1674 4626 1674 4589 1675 4626 1675 4590 1675 4590 1676 4626 1676 4627 1676 4590 1677 4627 1677 4591 1677 4591 1678 4627 1678 4628 1678 4591 1679 4628 1679 4592 1679 4592 1680 4628 1680 4629 1680 4592 1681 4629 1681 4593 1681 4593 1682 4629 1682 4630 1682 4593 1683 4630 1683 4594 1683 4594 1684 4630 1684 4631 1684 4594 1685 4631 1685 4595 1685 4595 1686 4631 1686 4632 1686 4595 1687 4632 1687 4596 1687 4596 1688 4632 1688 4633 1688 4596 1689 4633 1689 4597 1689 4597 1690 4633 1690 4634 1690 4597 1691 4634 1691 4598 1691 4598 1692 4634 1692 4635 1692 4598 1693 4635 1693 4599 1693 4599 1694 4635 1694 4636 1694 4599 1695 4636 1695 4600 1695 4600 1696 4636 1696 4637 1696 4600 1697 4637 1697 4601 1697 4601 1698 4637 1698 4638 1698 4601 1699 4638 1699 4602 1699 4602 1700 4638 1700 4639 1700 4602 1701 4639 1701 4603 1701 4603 1702 4639 1702 4640 1702 4603 1703 4640 1703 4604 1703 4604 1704 4640 1704 4641 1704 4604 1705 4641 1705 4605 1705 4605 1706 4641 1706 4642 1706 4605 1707 4642 1707 4606 1707 4606 1708 4642 1708 4643 1708 4606 1709 4643 1709 4607 1709 4607 1710 4643 1710 4644 1710 4607 1711 4644 1711 4608 1711 4608 1712 4644 1712 4645 1712 4608 1713 4645 1713 4609 1713 4609 1714 4645 1714 4646 1714 4609 1715 4646 1715 4610 1715 4610 1716 4646 1716 4647 1716 4610 1717 4647 1717 4611 1717 4611 1718 4647 1718 4648 1718 4611 1719 4648 1719 4612 1719 4612 1720 4648 1720 4649 1720 4612 1721 4649 1721 4613 1721 4613 1722 4649 1722 4650 1722 4613 1723 4650 1723 4614 1723 4614 1724 4650 1724 4651 1724 4614 1725 4651 1725 4615 1725 4615 1726 4651 1726 4652 1726 4615 1727 4652 1727 4616 1727 4616 1728 4652 1728 4653 1728 4616 1729 4653 1729 4617 1729 4617 1730 4653 1730 4654 1730 4617 1731 4654 1731 4618 1731 4618 1732 4654 1732 4655 1732 4618 1733 4655 1733 4619 1733 4619 1734 4655 1734 4656 1734 4619 1735 4656 1735 4620 1735 4620 1736 4656 1736 4657 1736 4620 1737 4657 1737 4621 1737 4621 1738 4657 1738 4658 1738 4621 1739 4658 1739 4622 1739 4622 1740 4658 1740 4659 1740 4622 1741 4659 1741 4586 1741 4586 1742 4659 1742 4623 1742 4771 1743 4400 1743 4772 1743 4772 1744 4400 1744 4402 1744 4772 1745 4402 1745 4773 1745 4773 1746 4402 1746 4404 1746 4773 1747 4404 1747 4774 1747 4774 1748 4404 1748 4406 1748 4774 1749 4406 1749 4775 1749 4775 1750 4406 1750 4408 1750 4775 1751 4408 1751 4776 1751 4776 1752 4408 1752 4410 1752 4776 1753 4410 1753 4777 1753 4777 1754 4410 1754 4412 1754 4777 1755 4412 1755 4778 1755 4778 1756 4412 1756 4414 1756 4778 1757 4414 1757 4779 1757 4779 1758 4414 1758 4416 1758 4779 1759 4416 1759 4780 1759 4780 1760 4416 1760 4418 1760 4780 1761 4418 1761 4781 1761 4781 1762 4418 1762 4420 1762 4781 1763 4420 1763 4782 1763 4782 1764 4420 1764 4422 1764 4782 1765 4422 1765 4783 1765 4783 1766 4422 1766 4424 1766 4783 1767 4424 1767 4784 1767 4784 1768 4424 1768 4426 1768 4784 1769 4426 1769 4785 1769 4785 1770 4426 1770 4428 1770 4785 1771 4428 1771 4786 1771 4786 1772 4428 1772 4430 1772 4786 1773 4430 1773 4787 1773 4787 1774 4430 1774 4432 1774 4787 1775 4432 1775 4788 1775 4788 1776 4432 1776 4434 1776 4788 1777 4434 1777 4789 1777 4789 1777 4434 1777 4436 1777 4789 1778 4436 1778 4790 1778 4790 1779 4436 1779 4438 1779 4790 54 4438 54 4791 54 4791 54 4438 54 4440 54 4791 1780 4440 1780 4792 1780 4792 1781 4440 1781 4442 1781 4792 1782 4442 1782 4793 1782 4793 1782 4442 1782 4444 1782 4793 1783 4444 1783 4794 1783 4794 1784 4444 1784 4446 1784 4794 1785 4446 1785 4795 1785 4795 1786 4446 1786 4448 1786 4795 1787 4448 1787 4796 1787 4796 1788 4448 1788 4450 1788 4796 1789 4450 1789 4797 1789 4797 1790 4450 1790 4452 1790 4797 1791 4452 1791 4798 1791 4798 1792 4452 1792 4454 1792 4798 1793 4454 1793 4799 1793 4799 1794 4454 1794 4456 1794 4799 1795 4456 1795 4800 1795 4800 1796 4456 1796 4458 1796 4800 1797 4458 1797 4801 1797 4801 1798 4458 1798 4460 1798 4801 1799 4460 1799 4802 1799 4802 1800 4460 1800 4462 1800 4802 1801 4462 1801 4803 1801 4803 1802 4462 1802 4464 1802 4803 1803 4464 1803 4804 1803 4804 1804 4464 1804 4466 1804 4804 1805 4466 1805 4805 1805 4805 1806 4466 1806 4468 1806 4805 1807 4468 1807 4806 1807 4806 1808 4468 1808 4470 1808 4806 1809 4470 1809 4807 1809 4807 1809 4470 1809 4472 1809 4807 1810 4472 1810 4771 1810 4771 1811 4472 1811 4400 1811 4771 1812 4772 1812 4794 1812 4794 1813 4772 1813 4773 1813 4794 1814 4773 1814 4774 1814 4774 1812 4775 1812 4794 1812 4794 1815 4775 1815 4776 1815 4794 1816 4776 1816 4777 1816 4777 1812 4778 1812 4794 1812 4794 1817 4778 1817 4779 1817 4794 1818 4779 1818 4780 1818 4780 1812 4781 1812 4794 1812 4794 1819 4781 1819 4782 1819 4794 1820 4782 1820 4783 1820 4783 1821 4784 1821 4794 1821 4794 1822 4784 1822 4785 1822 4794 1823 4785 1823 4786 1823 4786 1812 4787 1812 4794 1812 4794 1812 4787 1812 4793 1812 4793 1824 4787 1824 4788 1824 4793 1825 4788 1825 4792 1825 4792 1826 4788 1826 4789 1826 4792 1812 4789 1812 4791 1812 4791 1827 4789 1827 4790 1827 4795 1828 4805 1828 4794 1828 4794 1812 4805 1812 4806 1812 4794 1829 4806 1829 4807 1829 4805 1830 4795 1830 4804 1830 4804 1812 4795 1812 4796 1812 4804 1812 4796 1812 4803 1812 4803 1812 4796 1812 4797 1812 4803 1831 4797 1831 4802 1831 4802 1832 4797 1832 4798 1832 4802 1833 4798 1833 4801 1833 4801 1834 4798 1834 4799 1834 4801 1835 4799 1835 4800 1835 4807 1812 4771 1812 4794 1812 4808 1836 4809 1836 4810 1836 4810 1837 4809 1837 4811 1837 4810 1838 4811 1838 4812 1838 4812 1839 4811 1839 4813 1839 4812 1840 4813 1840 4814 1840 4814 1841 4813 1841 4815 1841 4814 1842 4815 1842 4816 1842 4816 1843 4815 1843 4817 1843 4816 1844 4817 1844 4818 1844 4818 1845 4817 1845 4819 1845 4818 1846 4819 1846 4820 1846 4820 1847 4819 1847 4821 1847 4820 1848 4821 1848 4822 1848 4822 1849 4821 1849 4823 1849 4822 1850 4823 1850 4824 1850 4824 1851 4823 1851 4825 1851 4824 1852 4825 1852 4826 1852 4826 1853 4825 1853 4827 1853 4826 1854 4827 1854 4828 1854 4828 1855 4827 1855 4829 1855 4828 1856 4829 1856 4830 1856 4830 1857 4829 1857 4831 1857 4830 1858 4831 1858 4832 1858 4832 1859 4831 1859 4833 1859 4832 1860 4833 1860 4834 1860 4834 1861 4833 1861 4835 1861 4834 1862 4835 1862 4836 1862 4836 1863 4835 1863 4837 1863 4836 1864 4837 1864 4838 1864 4838 1865 4837 1865 4839 1865 4838 1866 4839 1866 4840 1866 4840 1867 4839 1867 4841 1867 4840 1868 4841 1868 4842 1868 4842 1869 4841 1869 4843 1869 4842 1870 4843 1870 4844 1870 4844 1871 4843 1871 4845 1871 4844 1872 4845 1872 4846 1872 4846 1873 4845 1873 4847 1873 4846 1874 4847 1874 4848 1874 4848 1875 4847 1875 4849 1875 4848 1876 4849 1876 4850 1876 4850 1877 4849 1877 4851 1877 4850 1878 4851 1878 4852 1878 4852 1879 4851 1879 4853 1879 4852 1880 4853 1880 4854 1880 4854 1881 4853 1881 4855 1881 4854 1882 4855 1882 4856 1882 4856 1883 4855 1883 4857 1883 4856 1884 4857 1884 4858 1884 4858 1885 4857 1885 4859 1885 4858 1886 4859 1886 4860 1886 4860 1887 4859 1887 4861 1887 4860 1888 4861 1888 4862 1888 4862 1889 4861 1889 4863 1889 4862 1890 4863 1890 4864 1890 4864 1891 4863 1891 4865 1891 4864 1892 4865 1892 4866 1892 4866 1893 4865 1893 4867 1893 4866 1894 4867 1894 4868 1894 4868 1895 4867 1895 4869 1895 4868 1896 4869 1896 4870 1896 4870 1897 4869 1897 4871 1897 4870 1898 4871 1898 4872 1898 4872 1899 4871 1899 4873 1899 4872 1900 4873 1900 4874 1900 4874 1901 4873 1901 4875 1901 4874 1902 4875 1902 4876 1902 4876 1903 4875 1903 4877 1903 4876 1904 4877 1904 4878 1904 4878 1905 4877 1905 4879 1905 4878 1906 4879 1906 4880 1906 4880 1907 4879 1907 4881 1907 4880 1908 4881 1908 4808 1908 4808 1909 4881 1909 4809 1909 4811 1910 4920 1910 4813 1910 4813 1911 4920 1911 4921 1911 4813 1912 4921 1912 4815 1912 4815 1913 4921 1913 4922 1913 4815 1914 4922 1914 4817 1914 4817 1915 4922 1915 4923 1915 4817 1916 4923 1916 4819 1916 4819 1917 4923 1917 4924 1917 4819 1918 4924 1918 4821 1918 4821 1919 4924 1919 4925 1919 4821 1920 4925 1920 4823 1920 4823 1921 4925 1921 4926 1921 4823 1922 4926 1922 4825 1922 4825 1923 4926 1923 4927 1923 4825 1924 4927 1924 4827 1924 4827 1925 4927 1925 4928 1925 4827 1926 4928 1926 4829 1926 4829 1927 4928 1927 4929 1927 4829 1928 4929 1928 4831 1928 4831 1929 4929 1929 4930 1929 4831 1930 4930 1930 4833 1930 4833 1931 4930 1931 4931 1931 4833 1932 4931 1932 4835 1932 4835 1933 4931 1933 4932 1933 4835 1934 4932 1934 4837 1934 4837 1935 4932 1935 4933 1935 4837 1936 4933 1936 4839 1936 4839 1937 4933 1937 4934 1937 4839 1938 4934 1938 4841 1938 4841 1939 4934 1939 4935 1939 4841 1940 4935 1940 4843 1940 4843 1941 4935 1941 4936 1941 4843 1942 4936 1942 4845 1942 4845 1943 4936 1943 4937 1943 4845 1944 4937 1944 4847 1944 4847 1945 4937 1945 4938 1945 4847 1946 4938 1946 4849 1946 4849 1947 4938 1947 4939 1947 4849 1948 4939 1948 4851 1948 4851 1949 4939 1949 4940 1949 4851 1950 4940 1950 4853 1950 4853 1951 4940 1951 4941 1951 4853 1952 4941 1952 4855 1952 4855 1953 4941 1953 4942 1953 4855 1954 4942 1954 4857 1954 4857 1955 4942 1955 4943 1955 4857 1956 4943 1956 4859 1956 4859 1957 4943 1957 4944 1957 4859 1958 4944 1958 4861 1958 4861 1959 4944 1959 4945 1959 4861 1960 4945 1960 4863 1960 4863 1961 4945 1961 4946 1961 4863 1962 4946 1962 4865 1962 4865 1963 4946 1963 4947 1963 4865 1964 4947 1964 4867 1964 4867 1965 4947 1965 4948 1965 4867 1966 4948 1966 4869 1966 4869 1967 4948 1967 4949 1967 4869 1968 4949 1968 4871 1968 4871 1969 4949 1969 4950 1969 4871 1970 4950 1970 4873 1970 4873 1971 4950 1971 4951 1971 4873 1972 4951 1972 4875 1972 4875 1973 4951 1973 4952 1973 4875 1974 4952 1974 4877 1974 4877 1975 4952 1975 4953 1975 4877 1976 4953 1976 4879 1976 4879 1977 4953 1977 4954 1977 4879 1978 4954 1978 4881 1978 4881 1979 4954 1979 4955 1979 4881 1980 4955 1980 4809 1980 4809 1981 4955 1981 4956 1981 4809 1982 4956 1982 4811 1982 4811 1983 4956 1983 4920 1983 4920 1984 4957 1984 4921 1984 4921 1985 4957 1985 4958 1985 4921 1986 4958 1986 4922 1986 4922 1987 4958 1987 4959 1987 4922 1988 4959 1988 4923 1988 4923 1989 4959 1989 4960 1989 4923 1990 4960 1990 4924 1990 4924 1991 4960 1991 4961 1991 4924 1992 4961 1992 4925 1992 4925 1993 4961 1993 4962 1993 4925 1994 4962 1994 4926 1994 4926 1995 4962 1995 4963 1995 4926 1996 4963 1996 4927 1996 4927 1997 4963 1997 4964 1997 4927 1998 4964 1998 4928 1998 4928 1999 4964 1999 4965 1999 4928 2000 4965 2000 4929 2000 4929 2001 4965 2001 4966 2001 4929 2002 4966 2002 4930 2002 4930 2003 4966 2003 4967 2003 4930 2004 4967 2004 4931 2004 4931 2005 4967 2005 4968 2005 4931 2006 4968 2006 4932 2006 4932 2007 4968 2007 4969 2007 4932 2008 4969 2008 4933 2008 4933 2009 4969 2009 4970 2009 4933 2010 4970 2010 4934 2010 4934 2011 4970 2011 4971 2011 4934 2012 4971 2012 4935 2012 4935 2013 4971 2013 4972 2013 4935 2014 4972 2014 4936 2014 4936 2015 4972 2015 4973 2015 4936 2016 4973 2016 4937 2016 4937 2017 4973 2017 4974 2017 4937 2018 4974 2018 4938 2018 4938 2019 4974 2019 4975 2019 4938 2020 4975 2020 4939 2020 4939 2021 4975 2021 4976 2021 4939 2022 4976 2022 4940 2022 4940 2023 4976 2023 4977 2023 4940 2024 4977 2024 4941 2024 4941 2025 4977 2025 4978 2025 4941 2026 4978 2026 4942 2026 4942 2027 4978 2027 4979 2027 4942 2028 4979 2028 4943 2028 4943 2029 4979 2029 4980 2029 4943 2030 4980 2030 4944 2030 4944 2031 4980 2031 4981 2031 4944 2032 4981 2032 4945 2032 4945 2033 4981 2033 4982 2033 4945 2034 4982 2034 4946 2034 4946 2035 4982 2035 4983 2035 4946 2036 4983 2036 4947 2036 4947 2037 4983 2037 4984 2037 4947 2038 4984 2038 4948 2038 4948 2039 4984 2039 4985 2039 4948 2040 4985 2040 4949 2040 4949 2041 4985 2041 4986 2041 4949 2042 4986 2042 4950 2042 4950 2043 4986 2043 4987 2043 4950 2044 4987 2044 4951 2044 4951 2045 4987 2045 4988 2045 4951 2046 4988 2046 4952 2046 4952 2047 4988 2047 4989 2047 4952 2048 4989 2048 4953 2048 4953 2049 4989 2049 4990 2049 4953 2050 4990 2050 4954 2050 4954 2051 4990 2051 4991 2051 4954 2052 4991 2052 4955 2052 4955 2053 4991 2053 4992 2053 4955 2054 4992 2054 4956 2054 4956 2055 4992 2055 4993 2055 4956 2056 4993 2056 4920 2056 4920 2057 4993 2057 4957 2057 4957 2058 4994 2058 4958 2058 4958 2059 4994 2059 4995 2059 4958 2060 4995 2060 4959 2060 4959 2061 4995 2061 4996 2061 4959 2062 4996 2062 4960 2062 4960 2063 4996 2063 4997 2063 4960 2064 4997 2064 4961 2064 4961 2065 4997 2065 4998 2065 4961 2066 4998 2066 4962 2066 4962 2067 4998 2067 4999 2067 4962 2068 4999 2068 4963 2068 4963 2069 4999 2069 5000 2069 4963 2070 5000 2070 4964 2070 4964 2071 5000 2071 5001 2071 4964 2072 5001 2072 4965 2072 4965 2073 5001 2073 5002 2073 4965 2074 5002 2074 4966 2074 4966 2075 5002 2075 5003 2075 4966 2076 5003 2076 4967 2076 4967 2077 5003 2077 5004 2077 4967 2078 5004 2078 4968 2078 4968 2079 5004 2079 5005 2079 4968 2080 5005 2080 4969 2080 4969 2081 5005 2081 5006 2081 4969 2082 5006 2082 4970 2082 4970 2083 5006 2083 5007 2083 4970 2084 5007 2084 4971 2084 4971 2085 5007 2085 5008 2085 4971 2086 5008 2086 4972 2086 4972 2087 5008 2087 5009 2087 4972 2088 5009 2088 4973 2088 4973 2089 5009 2089 5010 2089 4973 2090 5010 2090 4974 2090 4974 2091 5010 2091 5011 2091 4974 2092 5011 2092 4975 2092 4975 2093 5011 2093 5012 2093 4975 2094 5012 2094 4976 2094 4976 2095 5012 2095 5013 2095 4976 2096 5013 2096 4977 2096 4977 2097 5013 2097 5014 2097 4977 2098 5014 2098 4978 2098 4978 2099 5014 2099 5015 2099 4978 2100 5015 2100 4979 2100 4979 2101 5015 2101 5016 2101 4979 2102 5016 2102 4980 2102 4980 2103 5016 2103 5017 2103 4980 2104 5017 2104 4981 2104 4981 2105 5017 2105 5018 2105 4981 2106 5018 2106 4982 2106 4982 2107 5018 2107 5019 2107 4982 2108 5019 2108 4983 2108 4983 2109 5019 2109 5020 2109 4983 2110 5020 2110 4984 2110 4984 2111 5020 2111 5021 2111 4984 2112 5021 2112 4985 2112 4985 2113 5021 2113 5022 2113 4985 2114 5022 2114 4986 2114 4986 2115 5022 2115 5023 2115 4986 2116 5023 2116 4987 2116 4987 2117 5023 2117 5024 2117 4987 2118 5024 2118 4988 2118 4988 2119 5024 2119 5025 2119 4988 2120 5025 2120 4989 2120 4989 2121 5025 2121 5026 2121 4989 2122 5026 2122 4990 2122 4990 2123 5026 2123 5027 2123 4990 2124 5027 2124 4991 2124 4991 2125 5027 2125 5028 2125 4991 2126 5028 2126 4992 2126 4992 2127 5028 2127 5029 2127 4992 2128 5029 2128 4993 2128 4993 2129 5029 2129 5030 2129 4993 2130 5030 2130 4957 2130 4957 2131 5030 2131 4994 2131 4994 2132 5031 2132 4995 2132 4995 2133 5031 2133 5032 2133 4995 2134 5032 2134 4996 2134 4996 2135 5032 2135 5033 2135 4996 2136 5033 2136 4997 2136 4997 2137 5033 2137 5034 2137 4997 2138 5034 2138 4998 2138 4998 2139 5034 2139 5035 2139 4998 2140 5035 2140 4999 2140 4999 2141 5035 2141 5036 2141 4999 2142 5036 2142 5000 2142 5000 2143 5036 2143 5037 2143 5000 2144 5037 2144 5001 2144 5001 2145 5037 2145 5038 2145 5001 2146 5038 2146 5002 2146 5002 2147 5038 2147 5039 2147 5002 2148 5039 2148 5003 2148 5003 2149 5039 2149 5040 2149 5003 2150 5040 2150 5004 2150 5004 2151 5040 2151 5041 2151 5004 2152 5041 2152 5005 2152 5005 2153 5041 2153 5042 2153 5005 2154 5042 2154 5006 2154 5006 2155 5042 2155 5043 2155 5006 2156 5043 2156 5007 2156 5007 2157 5043 2157 5044 2157 5007 2158 5044 2158 5008 2158 5008 2159 5044 2159 5045 2159 5008 2160 5045 2160 5009 2160 5009 2161 5045 2161 5046 2161 5009 2162 5046 2162 5010 2162 5010 2163 5046 2163 5047 2163 5010 2164 5047 2164 5011 2164 5011 2165 5047 2165 5048 2165 5011 2166 5048 2166 5012 2166 5012 2167 5048 2167 5049 2167 5012 2168 5049 2168 5013 2168 5013 2169 5049 2169 5050 2169 5013 2170 5050 2170 5014 2170 5014 2171 5050 2171 5051 2171 5014 2172 5051 2172 5015 2172 5015 2173 5051 2173 5052 2173 5015 2174 5052 2174 5016 2174 5016 2175 5052 2175 5053 2175 5016 2176 5053 2176 5017 2176 5017 2177 5053 2177 5054 2177 5017 2178 5054 2178 5018 2178 5018 2179 5054 2179 5055 2179 5018 2180 5055 2180 5019 2180 5019 2181 5055 2181 5056 2181 5019 2182 5056 2182 5020 2182 5020 2183 5056 2183 5057 2183 5020 2184 5057 2184 5021 2184 5021 2185 5057 2185 5058 2185 5021 2186 5058 2186 5022 2186 5022 2187 5058 2187 5059 2187 5022 2188 5059 2188 5023 2188 5023 2189 5059 2189 5060 2189 5023 2190 5060 2190 5024 2190 5024 2191 5060 2191 5061 2191 5024 2192 5061 2192 5025 2192 5025 2193 5061 2193 5062 2193 5025 2194 5062 2194 5026 2194 5026 2195 5062 2195 5063 2195 5026 2196 5063 2196 5027 2196 5027 2197 5063 2197 5064 2197 5027 2198 5064 2198 5028 2198 5028 2199 5064 2199 5065 2199 5028 2200 5065 2200 5029 2200 5029 2201 5065 2201 5066 2201 5029 2202 5066 2202 5030 2202 5030 2203 5066 2203 5067 2203 5030 2204 5067 2204 4994 2204 4994 2205 5067 2205 5031 2205 5179 2206 4808 2206 5180 2206 5180 2207 4808 2207 4810 2207 5180 2208 4810 2208 5181 2208 5181 2209 4810 2209 4812 2209 5181 2210 4812 2210 5182 2210 5182 2211 4812 2211 4814 2211 5182 2212 4814 2212 5183 2212 5183 2213 4814 2213 4816 2213 5183 2214 4816 2214 5184 2214 5184 2215 4816 2215 4818 2215 5184 2216 4818 2216 5185 2216 5185 2217 4818 2217 4820 2217 5185 2218 4820 2218 5186 2218 5186 2219 4820 2219 4822 2219 5186 2220 4822 2220 5187 2220 5187 2221 4822 2221 4824 2221 5187 2222 4824 2222 5188 2222 5188 2223 4824 2223 4826 2223 5188 2224 4826 2224 5189 2224 5189 2225 4826 2225 4828 2225 5189 2226 4828 2226 5190 2226 5190 2227 4828 2227 4830 2227 5190 2228 4830 2228 5191 2228 5191 2229 4830 2229 4832 2229 5191 2230 4832 2230 5192 2230 5192 2231 4832 2231 4834 2231 5192 2232 4834 2232 5193 2232 5193 2233 4834 2233 4836 2233 5193 2234 4836 2234 5194 2234 5194 2235 4836 2235 4838 2235 5194 2236 4838 2236 5195 2236 5195 2237 4838 2237 4840 2237 5195 2238 4840 2238 5196 2238 5196 2239 4840 2239 4842 2239 5196 2240 4842 2240 5197 2240 5197 2241 4842 2241 4844 2241 5197 2242 4844 2242 5198 2242 5198 2243 4844 2243 4846 2243 5198 188 4846 188 5199 188 5199 188 4846 188 4848 188 5199 2244 4848 2244 5200 2244 5200 2245 4848 2245 4850 2245 5200 2246 4850 2246 5201 2246 5201 2247 4850 2247 4852 2247 5201 2248 4852 2248 5202 2248 5202 2249 4852 2249 4854 2249 5202 2250 4854 2250 5203 2250 5203 2251 4854 2251 4856 2251 5203 2252 4856 2252 5204 2252 5204 2253 4856 2253 4858 2253 5204 2254 4858 2254 5205 2254 5205 2255 4858 2255 4860 2255 5205 2256 4860 2256 5206 2256 5206 2257 4860 2257 4862 2257 5206 2258 4862 2258 5207 2258 5207 2259 4862 2259 4864 2259 5207 2260 4864 2260 5208 2260 5208 2261 4864 2261 4866 2261 5208 2262 4866 2262 5209 2262 5209 2263 4866 2263 4868 2263 5209 2264 4868 2264 5210 2264 5210 2265 4868 2265 4870 2265 5210 2266 4870 2266 5211 2266 5211 2267 4870 2267 4872 2267 5211 2268 4872 2268 5212 2268 5212 2269 4872 2269 4874 2269 5212 2270 4874 2270 5213 2270 5213 2271 4874 2271 4876 2271 5213 2272 4876 2272 5214 2272 5214 2273 4876 2273 4878 2273 5214 2274 4878 2274 5215 2274 5215 2275 4878 2275 4880 2275 5215 2276 4880 2276 5179 2276 5179 2277 4880 2277 4808 2277 5179 1812 5180 1812 5195 1812 5195 1812 5180 1812 5181 1812 5195 1812 5181 1812 5182 1812 5182 2278 5183 2278 5195 2278 5195 1812 5183 1812 5184 1812 5195 2279 5184 2279 5194 2279 5194 1812 5184 1812 5185 1812 5194 1812 5185 1812 5193 1812 5193 1812 5185 1812 5186 1812 5193 1812 5186 1812 5192 1812 5192 2280 5186 2280 5187 2280 5192 2281 5187 2281 5191 2281 5191 1812 5187 1812 5188 1812 5191 2282 5188 2282 5190 2282 5190 1812 5188 1812 5189 1812 5196 1812 5202 1812 5195 1812 5195 2283 5202 2283 5203 2283 5195 2284 5203 2284 5204 2284 5202 1812 5196 1812 5201 1812 5201 2285 5196 2285 5197 2285 5201 2286 5197 2286 5200 2286 5200 2287 5197 2287 5198 2287 5200 2288 5198 2288 5199 2288 5204 1812 5205 1812 5195 1812 5195 2289 5205 2289 5206 2289 5195 2290 5206 2290 5207 2290 5207 1812 5208 1812 5195 1812 5195 2291 5208 2291 5209 2291 5195 2292 5209 2292 5210 2292 5210 1812 5211 1812 5195 1812 5195 2293 5211 2293 5212 2293 5195 2294 5212 2294 5213 2294 5213 1812 5214 1812 5195 1812 5195 2295 5214 2295 5215 2295 5195 2296 5215 2296 5179 2296 5216 2297 5217 2297 5218 2297 5218 2298 5217 2298 5219 2298 5218 2299 5219 2299 5220 2299 5220 2300 5219 2300 5221 2300 5220 2301 5221 2301 5222 2301 5222 2302 5221 2302 5223 2302 5222 2303 5223 2303 5224 2303 5224 1380 5223 1380 5225 1380 5224 2304 5225 2304 5226 2304 5226 2305 5225 2305 5227 2305 5226 2306 5227 2306 5228 2306 5228 2307 5227 2307 5229 2307 5228 2308 5229 2308 5230 2308 5230 2309 5229 2309 5231 2309 5230 2310 5231 2310 5232 2310 5232 2311 5231 2311 5233 2311 5232 2312 5233 2312 5234 2312 5234 2313 5233 2313 5235 2313 5234 2314 5235 2314 5236 2314 5236 2315 5235 2315 5237 2315 5236 2316 5237 2316 5238 2316 5238 2317 5237 2317 5239 2317 5238 2318 5239 2318 5240 2318 5240 2319 5239 2319 5241 2319 5240 2320 5241 2320 5242 2320 5242 1398 5241 1398 5243 1398 5242 2321 5243 2321 5244 2321 5244 2322 5243 2322 5245 2322 5244 2323 5245 2323 5246 2323 5246 2324 5245 2324 5247 2324 5246 2325 5247 2325 5248 2325 5248 2326 5247 2326 5249 2326 5248 2327 5249 2327 5250 2327 5250 2328 5249 2328 5251 2328 5250 2329 5251 2329 5252 2329 5252 2330 5251 2330 5253 2330 5252 1409 5253 1409 5254 1409 5254 2331 5253 2331 5255 2331 5254 2332 5255 2332 5256 2332 5256 2333 5255 2333 5257 2333 5256 2334 5257 2334 5258 2334 5258 2335 5257 2335 5259 2335 5258 2336 5259 2336 5260 2336 5260 2337 5259 2337 5261 2337 5260 2338 5261 2338 5262 2338 5262 2339 5261 2339 5263 2339 5262 2340 5263 2340 5264 2340 5264 2341 5263 2341 5265 2341 5264 2342 5265 2342 5266 2342 5266 2343 5265 2343 5267 2343 5266 2344 5267 2344 5268 2344 5268 2345 5267 2345 5269 2345 5268 2346 5269 2346 5270 2346 5270 2347 5269 2347 5271 2347 5270 2348 5271 2348 5272 2348 5272 2349 5271 2349 5273 2349 5272 2350 5273 2350 5274 2350 5274 2351 5273 2351 5275 2351 5274 2352 5275 2352 5276 2352 5276 1432 5275 1432 5277 1432 5276 2353 5277 2353 5278 2353 5278 2354 5277 2354 5279 2354 5278 2355 5279 2355 5280 2355 5280 2356 5279 2356 5281 2356 5280 2357 5281 2357 5282 2357 5282 2358 5281 2358 5283 2358 5282 2359 5283 2359 5284 2359 5284 2360 5283 2360 5285 2360 5284 2361 5285 2361 5286 2361 5286 1442 5285 1442 5287 1442 5286 2362 5287 2362 5288 2362 5288 2363 5287 2363 5289 2363 5288 1445 5289 1445 5216 1445 5216 2364 5289 2364 5217 2364 5219 1447 5328 1447 5221 1447 5221 2365 5328 2365 5329 2365 5221 2366 5329 2366 5223 2366 5223 2367 5329 2367 5330 2367 5223 2368 5330 2368 5225 2368 5225 2369 5330 2369 5331 2369 5225 2370 5331 2370 5227 2370 5227 2371 5331 2371 5332 2371 5227 2372 5332 2372 5229 2372 5229 2373 5332 2373 5333 2373 5229 2374 5333 2374 5231 2374 5231 2375 5333 2375 5334 2375 5231 2376 5334 2376 5233 2376 5233 2377 5334 2377 5335 2377 5233 2378 5335 2378 5235 2378 5235 2379 5335 2379 5336 2379 5235 2380 5336 2380 5237 2380 5237 2381 5336 2381 5337 2381 5237 2382 5337 2382 5239 2382 5239 2383 5337 2383 5338 2383 5239 2384 5338 2384 5241 2384 5241 2385 5338 2385 5339 2385 5241 1469 5339 1469 5243 1469 5243 1470 5339 1470 5340 1470 5243 1471 5340 1471 5245 1471 5245 2386 5340 2386 5341 2386 5245 2387 5341 2387 5247 2387 5247 2388 5341 2388 5342 2388 5247 2389 5342 2389 5249 2389 5249 2390 5342 2390 5343 2390 5249 2391 5343 2391 5251 2391 5251 2392 5343 2392 5344 2392 5251 2393 5344 2393 5253 2393 5253 2394 5344 2394 5345 2394 5253 2395 5345 2395 5255 2395 5255 2396 5345 2396 5346 2396 5255 1483 5346 1483 5257 1483 5257 1484 5346 1484 5347 1484 5257 2397 5347 2397 5259 2397 5259 2398 5347 2398 5348 2398 5259 2399 5348 2399 5261 2399 5261 2400 5348 2400 5349 2400 5261 2401 5349 2401 5263 2401 5263 2402 5349 2402 5350 2402 5263 2403 5350 2403 5265 2403 5265 2404 5350 2404 5351 2404 5265 2405 5351 2405 5267 2405 5267 2406 5351 2406 5352 2406 5267 2407 5352 2407 5269 2407 5269 2408 5352 2408 5353 2408 5269 1497 5353 1497 5271 1497 5271 2409 5353 2409 5354 2409 5271 2410 5354 2410 5273 2410 5273 2411 5354 2411 5355 2411 5273 2412 5355 2412 5275 2412 5275 2413 5355 2413 5356 2413 5275 1503 5356 1503 5277 1503 5277 2414 5356 2414 5357 2414 5277 2415 5357 2415 5279 2415 5279 2416 5357 2416 5358 2416 5279 2417 5358 2417 5281 2417 5281 2418 5358 2418 5359 2418 5281 2419 5359 2419 5283 2419 5283 2420 5359 2420 5360 2420 5283 2421 5360 2421 5285 2421 5285 1512 5360 1512 5361 1512 5285 2422 5361 2422 5287 2422 5287 2423 5361 2423 5362 2423 5287 2424 5362 2424 5289 2424 5289 2425 5362 2425 5363 2425 5289 2426 5363 2426 5217 2426 5217 2427 5363 2427 5364 2427 5217 2428 5364 2428 5219 2428 5219 2429 5364 2429 5328 2429 5328 2430 5365 2430 5329 2430 5329 2431 5365 2431 5366 2431 5329 2432 5366 2432 5330 2432 5330 2433 5366 2433 5367 2433 5330 2434 5367 2434 5331 2434 5331 2435 5367 2435 5368 2435 5331 2436 5368 2436 5332 2436 5332 2437 5368 2437 5369 2437 5332 2438 5369 2438 5333 2438 5333 1530 5369 1530 5370 1530 5333 2439 5370 2439 5334 2439 5334 2440 5370 2440 5371 2440 5334 2441 5371 2441 5335 2441 5335 2442 5371 2442 5372 2442 5335 2443 5372 2443 5336 2443 5336 1536 5372 1536 5373 1536 5336 2444 5373 2444 5337 2444 5337 2445 5373 2445 5374 2445 5337 2446 5374 2446 5338 2446 5338 2447 5374 2447 5375 2447 5338 2448 5375 2448 5339 2448 5339 2449 5375 2449 5376 2449 5339 2450 5376 2450 5340 2450 5340 2451 5376 2451 5377 2451 5340 2452 5377 2452 5341 2452 5341 2453 5377 2453 5378 2453 5341 2454 5378 2454 5342 2454 5342 2455 5378 2455 5379 2455 5342 2456 5379 2456 5343 2456 5343 2457 5379 2457 5380 2457 5343 2458 5380 2458 5344 2458 5344 2459 5380 2459 5381 2459 5344 2460 5381 2460 5345 2460 5345 2461 5381 2461 5382 2461 5345 2462 5382 2462 5346 2462 5346 2463 5382 2463 5383 2463 5346 2464 5383 2464 5347 2464 5347 2465 5383 2465 5384 2465 5347 2466 5384 2466 5348 2466 5348 2467 5384 2467 5385 2467 5348 2468 5385 2468 5349 2468 5349 2469 5385 2469 5386 2469 5349 2470 5386 2470 5350 2470 5350 2471 5386 2471 5387 2471 5350 2472 5387 2472 5351 2472 5351 2473 5387 2473 5388 2473 5351 2474 5388 2474 5352 2474 5352 2475 5388 2475 5389 2475 5352 2476 5389 2476 5353 2476 5353 2477 5389 2477 5390 2477 5353 2478 5390 2478 5354 2478 5354 2479 5390 2479 5391 2479 5354 1573 5391 1573 5355 1573 5355 2480 5391 2480 5392 2480 5355 2481 5392 2481 5356 2481 5356 2482 5392 2482 5393 2482 5356 2483 5393 2483 5357 2483 5357 2484 5393 2484 5394 2484 5357 2485 5394 2485 5358 2485 5358 2486 5394 2486 5395 2486 5358 1581 5395 1581 5359 1581 5359 2487 5395 2487 5396 2487 5359 2488 5396 2488 5360 2488 5360 2489 5396 2489 5397 2489 5360 2490 5397 2490 5361 2490 5361 2491 5397 2491 5398 2491 5361 2492 5398 2492 5362 2492 5362 2493 5398 2493 5399 2493 5362 2494 5399 2494 5363 2494 5363 2495 5399 2495 5400 2495 5363 2496 5400 2496 5364 2496 5364 2497 5400 2497 5401 2497 5364 2498 5401 2498 5328 2498 5328 2499 5401 2499 5365 2499 5365 2500 5402 2500 5366 2500 5366 2501 5402 2501 5403 2501 5366 2502 5403 2502 5367 2502 5367 2503 5403 2503 5404 2503 5367 2504 5404 2504 5368 2504 5368 1600 5404 1600 5405 1600 5368 2505 5405 2505 5369 2505 5369 1602 5405 1602 5406 1602 5369 2506 5406 2506 5370 2506 5370 2507 5406 2507 5407 2507 5370 2508 5407 2508 5371 2508 5371 2509 5407 2509 5408 2509 5371 2510 5408 2510 5372 2510 5372 2511 5408 2511 5409 2511 5372 2512 5409 2512 5373 2512 5373 2513 5409 2513 5410 2513 5373 2514 5410 2514 5374 2514 5374 2515 5410 2515 5411 2515 5374 2516 5411 2516 5375 2516 5375 2517 5411 2517 5412 2517 5375 2518 5412 2518 5376 2518 5376 2519 5412 2519 5413 2519 5376 2520 5413 2520 5377 2520 5377 2521 5413 2521 5414 2521 5377 2522 5414 2522 5378 2522 5378 2523 5414 2523 5415 2523 5378 2524 5415 2524 5379 2524 5379 2525 5415 2525 5416 2525 5379 2526 5416 2526 5380 2526 5380 2527 5416 2527 5417 2527 5380 2528 5417 2528 5381 2528 5381 2529 5417 2529 5418 2529 5381 2530 5418 2530 5382 2530 5382 2531 5418 2531 5419 2531 5382 2532 5419 2532 5383 2532 5383 2533 5419 2533 5420 2533 5383 2534 5420 2534 5384 2534 5384 2535 5420 2535 5421 2535 5384 2536 5421 2536 5385 2536 5385 2537 5421 2537 5422 2537 5385 2538 5422 2538 5386 2538 5386 2539 5422 2539 5423 2539 5386 2540 5423 2540 5387 2540 5387 2541 5423 2541 5424 2541 5387 2542 5424 2542 5388 2542 5388 2543 5424 2543 5425 2543 5388 2544 5425 2544 5389 2544 5389 2545 5425 2545 5426 2545 5389 2546 5426 2546 5390 2546 5390 2547 5426 2547 5427 2547 5390 2548 5427 2548 5391 2548 5391 2549 5427 2549 5428 2549 5391 1647 5428 1647 5392 1647 5392 1648 5428 1648 5429 1648 5392 2550 5429 2550 5393 2550 5393 2551 5429 2551 5430 2551 5393 2552 5430 2552 5394 2552 5394 2553 5430 2553 5431 2553 5394 2554 5431 2554 5395 2554 5395 2555 5431 2555 5432 2555 5395 2556 5432 2556 5396 2556 5396 2557 5432 2557 5433 2557 5396 1657 5433 1657 5397 1657 5397 2558 5433 2558 5434 2558 5397 2559 5434 2559 5398 2559 5398 2560 5434 2560 5435 2560 5398 2561 5435 2561 5399 2561 5399 2562 5435 2562 5436 2562 5399 2563 5436 2563 5400 2563 5400 2564 5436 2564 5437 2564 5400 2565 5437 2565 5401 2565 5401 2566 5437 2566 5438 2566 5401 2567 5438 2567 5365 2567 5365 2568 5438 2568 5402 2568 5402 2569 5439 2569 5403 2569 5403 2570 5439 2570 5440 2570 5403 2571 5440 2571 5404 2571 5404 2572 5440 2572 5441 2572 5404 2573 5441 2573 5405 2573 5405 2574 5441 2574 5442 2574 5405 2575 5442 2575 5406 2575 5406 2576 5442 2576 5443 2576 5406 2577 5443 2577 5407 2577 5407 2578 5443 2578 5444 2578 5407 2579 5444 2579 5408 2579 5408 2580 5444 2580 5445 2580 5408 2581 5445 2581 5409 2581 5409 2582 5445 2582 5446 2582 5409 2583 5446 2583 5410 2583 5410 2584 5446 2584 5447 2584 5410 2585 5447 2585 5411 2585 5411 2586 5447 2586 5448 2586 5411 2587 5448 2587 5412 2587 5412 2588 5448 2588 5449 2588 5412 2589 5449 2589 5413 2589 5413 2590 5449 2590 5450 2590 5413 2591 5450 2591 5414 2591 5414 2592 5450 2592 5451 2592 5414 2593 5451 2593 5415 2593 5415 2594 5451 2594 5452 2594 5415 2595 5452 2595 5416 2595 5416 2596 5452 2596 5453 2596 5416 2597 5453 2597 5417 2597 5417 2598 5453 2598 5454 2598 5417 2599 5454 2599 5418 2599 5418 2600 5454 2600 5455 2600 5418 2601 5455 2601 5419 2601 5419 1702 5455 1702 5456 1702 5419 2602 5456 2602 5420 2602 5420 2603 5456 2603 5457 2603 5420 2604 5457 2604 5421 2604 5421 2605 5457 2605 5458 2605 5421 2606 5458 2606 5422 2606 5422 2607 5458 2607 5459 2607 5422 2608 5459 2608 5423 2608 5423 2609 5459 2609 5460 2609 5423 2610 5460 2610 5424 2610 5424 2611 5460 2611 5461 2611 5424 2612 5461 2612 5425 2612 5425 2613 5461 2613 5462 2613 5425 2614 5462 2614 5426 2614 5426 2615 5462 2615 5463 2615 5426 2616 5463 2616 5427 2616 5427 2617 5463 2617 5464 2617 5427 2618 5464 2618 5428 2618 5428 2619 5464 2619 5465 2619 5428 2620 5465 2620 5429 2620 5429 2621 5465 2621 5466 2621 5429 2622 5466 2622 5430 2622 5430 2623 5466 2623 5467 2623 5430 2624 5467 2624 5431 2624 5431 2625 5467 2625 5468 2625 5431 2626 5468 2626 5432 2626 5432 2627 5468 2627 5469 2627 5432 1729 5469 1729 5433 1729 5433 2628 5469 2628 5470 2628 5433 2629 5470 2629 5434 2629 5434 2630 5470 2630 5471 2630 5434 2631 5471 2631 5435 2631 5435 2632 5471 2632 5472 2632 5435 2633 5472 2633 5436 2633 5436 2634 5472 2634 5473 2634 5436 2635 5473 2635 5437 2635 5437 2636 5473 2636 5474 2636 5437 2637 5474 2637 5438 2637 5438 2638 5474 2638 5475 2638 5438 2639 5475 2639 5402 2639 5402 2640 5475 2640 5439 2640 5587 1743 5216 1743 5588 1743 5588 1744 5216 1744 5218 1744 5588 1745 5218 1745 5589 1745 5589 1746 5218 1746 5220 1746 5589 1747 5220 1747 5590 1747 5590 1748 5220 1748 5222 1748 5590 1749 5222 1749 5591 1749 5591 1750 5222 1750 5224 1750 5591 1751 5224 1751 5592 1751 5592 1752 5224 1752 5226 1752 5592 2641 5226 2641 5593 2641 5593 2642 5226 2642 5228 2642 5593 2643 5228 2643 5594 2643 5594 2644 5228 2644 5230 2644 5594 2645 5230 2645 5595 2645 5595 2646 5230 2646 5232 2646 5595 2647 5232 2647 5596 2647 5596 2648 5232 2648 5234 2648 5596 1761 5234 1761 5597 1761 5597 1762 5234 1762 5236 1762 5597 2649 5236 2649 5598 2649 5598 2650 5236 2650 5238 2650 5598 2651 5238 2651 5599 2651 5599 2652 5238 2652 5240 2652 5599 1767 5240 1767 5600 1767 5600 1768 5240 1768 5242 1768 5600 2653 5242 2653 5601 2653 5601 2654 5242 2654 5244 2654 5601 2655 5244 2655 5602 2655 5602 2656 5244 2656 5246 2656 5602 2657 5246 2657 5603 2657 5603 2658 5246 2658 5248 2658 5603 2659 5248 2659 5604 2659 5604 2660 5248 2660 5250 2660 5604 1777 5250 1777 5605 1777 5605 1777 5250 1777 5252 1777 5605 1778 5252 1778 5606 1778 5606 1779 5252 1779 5254 1779 5606 54 5254 54 5607 54 5607 54 5254 54 5256 54 5607 2661 5256 2661 5608 2661 5608 2662 5256 2662 5258 2662 5608 1782 5258 1782 5609 1782 5609 1782 5258 1782 5260 1782 5609 1783 5260 1783 5610 1783 5610 1784 5260 1784 5262 1784 5610 1785 5262 1785 5611 1785 5611 1786 5262 1786 5264 1786 5611 2663 5264 2663 5612 2663 5612 2664 5264 2664 5266 2664 5612 2665 5266 2665 5613 2665 5613 2666 5266 2666 5268 2666 5613 2667 5268 2667 5614 2667 5614 2668 5268 2668 5270 2668 5614 2669 5270 2669 5615 2669 5615 2670 5270 2670 5272 2670 5615 2671 5272 2671 5616 2671 5616 2672 5272 2672 5274 2672 5616 1797 5274 1797 5617 1797 5617 1798 5274 1798 5276 1798 5617 2673 5276 2673 5618 2673 5618 2674 5276 2674 5278 2674 5618 1801 5278 1801 5619 1801 5619 1802 5278 1802 5280 1802 5619 1803 5280 1803 5620 1803 5620 1804 5280 1804 5282 1804 5620 2675 5282 2675 5621 2675 5621 2676 5282 2676 5284 2676 5621 2677 5284 2677 5622 2677 5622 2678 5284 2678 5286 2678 5622 2679 5286 2679 5623 2679 5623 2680 5286 2680 5288 2680 5623 1810 5288 1810 5587 1810 5587 1811 5288 1811 5216 1811 5587 1812 5588 1812 5603 1812 5603 2681 5588 2681 5589 2681 5603 1812 5589 1812 5590 1812 5590 1812 5591 1812 5603 1812 5603 2682 5591 2682 5592 2682 5603 2683 5592 2683 5602 2683 5602 2684 5592 2684 5593 2684 5602 1812 5593 1812 5601 1812 5601 1812 5593 1812 5594 1812 5601 2685 5594 2685 5600 2685 5600 1812 5594 1812 5595 1812 5600 2686 5595 2686 5599 2686 5599 1812 5595 1812 5596 1812 5599 2687 5596 2687 5598 2687 5598 1812 5596 1812 5597 1812 5604 1812 5610 1812 5603 1812 5603 2688 5610 2688 5611 2688 5603 2689 5611 2689 5612 2689 5610 2690 5604 2690 5609 2690 5609 2691 5604 2691 5605 2691 5609 1812 5605 1812 5608 1812 5608 2692 5605 2692 5606 2692 5608 2693 5606 2693 5607 2693 5612 1812 5613 1812 5603 1812 5603 2694 5613 2694 5614 2694 5603 2695 5614 2695 5615 2695 5615 1812 5616 1812 5603 1812 5603 2696 5616 2696 5617 2696 5603 2697 5617 2697 5618 2697 5618 1812 5619 1812 5603 1812 5603 2698 5619 2698 5620 2698 5603 2699 5620 2699 5621 2699 5621 1812 5622 1812 5603 1812 5603 2700 5622 2700 5623 2700 5603 2701 5623 2701 5587 2701 5624 1836 5625 1836 5626 1836 5626 1837 5625 1837 5627 1837 5626 2702 5627 2702 5628 2702 5628 2703 5627 2703 5629 2703 5628 2704 5629 2704 5630 2704 5630 2705 5629 2705 5631 2705 5630 2706 5631 2706 5632 2706 5632 2707 5631 2707 5633 2707 5632 2708 5633 2708 5634 2708 5634 2709 5633 2709 5635 2709 5634 2710 5635 2710 5636 2710 5636 2711 5635 2711 5637 2711 5636 2712 5637 2712 5638 2712 5638 2713 5637 2713 5639 2713 5638 2714 5639 2714 5640 2714 5640 2715 5639 2715 5641 2715 5640 2716 5641 2716 5642 2716 5642 2717 5641 2717 5643 2717 5642 2718 5643 2718 5644 2718 5644 2719 5643 2719 5645 2719 5644 2720 5645 2720 5646 2720 5646 2721 5645 2721 5647 2721 5646 2722 5647 2722 5648 2722 5648 2723 5647 2723 5649 2723 5648 2724 5649 2724 5650 2724 5650 2725 5649 2725 5651 2725 5650 2726 5651 2726 5652 2726 5652 2727 5651 2727 5653 2727 5652 2728 5653 2728 5654 2728 5654 2729 5653 2729 5655 2729 5654 2730 5655 2730 5656 2730 5656 2731 5655 2731 5657 2731 5656 2732 5657 2732 5658 2732 5658 2733 5657 2733 5659 2733 5658 2734 5659 2734 5660 2734 5660 2735 5659 2735 5661 2735 5660 2736 5661 2736 5662 2736 5662 2737 5661 2737 5663 2737 5662 2738 5663 2738 5664 2738 5664 1875 5663 1875 5665 1875 5664 2739 5665 2739 5666 2739 5666 2740 5665 2740 5667 2740 5666 2741 5667 2741 5668 2741 5668 1879 5667 1879 5669 1879 5668 2742 5669 2742 5670 2742 5670 2743 5669 2743 5671 2743 5670 2744 5671 2744 5672 2744 5672 2745 5671 2745 5673 2745 5672 2746 5673 2746 5674 2746 5674 2747 5673 2747 5675 2747 5674 2748 5675 2748 5676 2748 5676 1887 5675 1887 5677 1887 5676 2749 5677 2749 5678 2749 5678 2750 5677 2750 5679 2750 5678 2751 5679 2751 5680 2751 5680 2752 5679 2752 5681 2752 5680 2753 5681 2753 5682 2753 5682 2754 5681 2754 5683 2754 5682 2755 5683 2755 5684 2755 5684 2756 5683 2756 5685 2756 5684 2757 5685 2757 5686 2757 5686 2758 5685 2758 5687 2758 5686 2759 5687 2759 5688 2759 5688 2760 5687 2760 5689 2760 5688 2761 5689 2761 5690 2761 5690 2762 5689 2762 5691 2762 5690 2763 5691 2763 5692 2763 5692 2764 5691 2764 5693 2764 5692 2765 5693 2765 5694 2765 5694 2766 5693 2766 5695 2766 5694 2767 5695 2767 5696 2767 5696 2768 5695 2768 5697 2768 5696 1908 5697 1908 5624 1908 5624 2769 5697 2769 5625 2769 5627 2770 5736 2770 5629 2770 5629 2771 5736 2771 5737 2771 5629 2772 5737 2772 5631 2772 5631 2773 5737 2773 5738 2773 5631 2774 5738 2774 5633 2774 5633 1915 5738 1915 5739 1915 5633 2775 5739 2775 5635 2775 5635 1917 5739 1917 5740 1917 5635 2776 5740 2776 5637 2776 5637 2777 5740 2777 5741 2777 5637 2778 5741 2778 5639 2778 5639 2779 5741 2779 5742 2779 5639 2780 5742 2780 5641 2780 5641 2781 5742 2781 5743 2781 5641 2782 5743 2782 5643 2782 5643 2783 5743 2783 5744 2783 5643 1926 5744 1926 5645 1926 5645 2784 5744 2784 5745 2784 5645 2785 5745 2785 5647 2785 5647 2786 5745 2786 5746 2786 5647 2787 5746 2787 5649 2787 5649 2788 5746 2788 5747 2788 5649 2789 5747 2789 5651 2789 5651 2790 5747 2790 5748 2790 5651 2791 5748 2791 5653 2791 5653 2792 5748 2792 5749 2792 5653 2793 5749 2793 5655 2793 5655 2794 5749 2794 5750 2794 5655 2795 5750 2795 5657 2795 5657 2796 5750 2796 5751 2796 5657 2797 5751 2797 5659 2797 5659 2798 5751 2798 5752 2798 5659 2799 5752 2799 5661 2799 5661 2800 5752 2800 5753 2800 5661 1944 5753 1944 5663 1944 5663 2801 5753 2801 5754 2801 5663 1946 5754 1946 5665 1946 5665 1947 5754 1947 5755 1947 5665 2802 5755 2802 5667 2802 5667 2803 5755 2803 5756 2803 5667 2804 5756 2804 5669 2804 5669 2805 5756 2805 5757 2805 5669 1952 5757 1952 5671 1952 5671 2806 5757 2806 5758 2806 5671 2807 5758 2807 5673 2807 5673 2808 5758 2808 5759 2808 5673 2809 5759 2809 5675 2809 5675 2810 5759 2810 5760 2810 5675 2811 5760 2811 5677 2811 5677 2812 5760 2812 5761 2812 5677 2813 5761 2813 5679 2813 5679 1961 5761 1961 5762 1961 5679 2814 5762 2814 5681 2814 5681 2815 5762 2815 5763 2815 5681 2816 5763 2816 5683 2816 5683 2817 5763 2817 5764 2817 5683 2818 5764 2818 5685 2818 5685 2819 5764 2819 5765 2819 5685 2820 5765 2820 5687 2820 5687 2821 5765 2821 5766 2821 5687 2822 5766 2822 5689 2822 5689 2823 5766 2823 5767 2823 5689 2824 5767 2824 5691 2824 5691 2825 5767 2825 5768 2825 5691 2826 5768 2826 5693 2826 5693 2827 5768 2827 5769 2827 5693 2828 5769 2828 5695 2828 5695 2829 5769 2829 5770 2829 5695 2830 5770 2830 5697 2830 5697 2831 5770 2831 5771 2831 5697 2832 5771 2832 5625 2832 5625 2833 5771 2833 5772 2833 5625 2834 5772 2834 5627 2834 5627 2835 5772 2835 5736 2835 5736 1984 5773 1984 5737 1984 5737 2836 5773 2836 5774 2836 5737 2837 5774 2837 5738 2837 5738 2838 5774 2838 5775 2838 5738 2839 5775 2839 5739 2839 5739 1989 5775 1989 5776 1989 5739 1990 5776 1990 5740 1990 5740 2840 5776 2840 5777 2840 5740 2841 5777 2841 5741 2841 5741 2842 5777 2842 5778 2842 5741 2843 5778 2843 5742 2843 5742 2844 5778 2844 5779 2844 5742 2845 5779 2845 5743 2845 5743 1997 5779 1997 5780 1997 5743 2846 5780 2846 5744 2846 5744 2847 5780 2847 5781 2847 5744 2848 5781 2848 5745 2848 5745 2849 5781 2849 5782 2849 5745 2850 5782 2850 5746 2850 5746 2851 5782 2851 5783 2851 5746 2004 5783 2004 5747 2004 5747 2852 5783 2852 5784 2852 5747 2853 5784 2853 5748 2853 5748 2854 5784 2854 5785 2854 5748 2855 5785 2855 5749 2855 5749 2856 5785 2856 5786 2856 5749 2857 5786 2857 5750 2857 5750 2858 5786 2858 5787 2858 5750 2859 5787 2859 5751 2859 5751 2860 5787 2860 5788 2860 5751 2861 5788 2861 5752 2861 5752 2862 5788 2862 5789 2862 5752 2863 5789 2863 5753 2863 5753 2864 5789 2864 5790 2864 5753 2865 5790 2865 5754 2865 5754 2866 5790 2866 5791 2866 5754 2867 5791 2867 5755 2867 5755 2868 5791 2868 5792 2868 5755 2869 5792 2869 5756 2869 5756 2870 5792 2870 5793 2870 5756 2871 5793 2871 5757 2871 5757 2872 5793 2872 5794 2872 5757 2873 5794 2873 5758 2873 5758 2874 5794 2874 5795 2874 5758 2875 5795 2875 5759 2875 5759 2876 5795 2876 5796 2876 5759 2877 5796 2877 5760 2877 5760 2878 5796 2878 5797 2878 5760 2879 5797 2879 5761 2879 5761 2880 5797 2880 5798 2880 5761 2881 5798 2881 5762 2881 5762 2882 5798 2882 5799 2882 5762 2883 5799 2883 5763 2883 5763 2884 5799 2884 5800 2884 5763 2885 5800 2885 5764 2885 5764 2886 5800 2886 5801 2886 5764 2887 5801 2887 5765 2887 5765 2041 5801 2041 5802 2041 5765 2888 5802 2888 5766 2888 5766 2889 5802 2889 5803 2889 5766 2890 5803 2890 5767 2890 5767 2891 5803 2891 5804 2891 5767 2892 5804 2892 5768 2892 5768 2893 5804 2893 5805 2893 5768 2894 5805 2894 5769 2894 5769 2895 5805 2895 5806 2895 5769 2896 5806 2896 5770 2896 5770 2897 5806 2897 5807 2897 5770 2898 5807 2898 5771 2898 5771 2899 5807 2899 5808 2899 5771 2900 5808 2900 5772 2900 5772 2901 5808 2901 5809 2901 5772 2902 5809 2902 5736 2902 5736 2903 5809 2903 5773 2903 5773 2904 5810 2904 5774 2904 5774 2905 5810 2905 5811 2905 5774 2906 5811 2906 5775 2906 5775 2907 5811 2907 5812 2907 5775 2908 5812 2908 5776 2908 5776 2909 5812 2909 5813 2909 5776 2910 5813 2910 5777 2910 5777 2911 5813 2911 5814 2911 5777 2912 5814 2912 5778 2912 5778 2913 5814 2913 5815 2913 5778 2914 5815 2914 5779 2914 5779 2069 5815 2069 5816 2069 5779 2915 5816 2915 5780 2915 5780 2916 5816 2916 5817 2916 5780 2917 5817 2917 5781 2917 5781 2918 5817 2918 5818 2918 5781 2919 5818 2919 5782 2919 5782 2920 5818 2920 5819 2920 5782 2921 5819 2921 5783 2921 5783 2922 5819 2922 5820 2922 5783 2923 5820 2923 5784 2923 5784 2924 5820 2924 5821 2924 5784 2080 5821 2080 5785 2080 5785 2925 5821 2925 5822 2925 5785 2926 5822 2926 5786 2926 5786 2927 5822 2927 5823 2927 5786 2928 5823 2928 5787 2928 5787 2929 5823 2929 5824 2929 5787 2930 5824 2930 5788 2930 5788 2931 5824 2931 5825 2931 5788 2932 5825 2932 5789 2932 5789 2933 5825 2933 5826 2933 5789 2934 5826 2934 5790 2934 5790 2935 5826 2935 5827 2935 5790 2936 5827 2936 5791 2936 5791 2937 5827 2937 5828 2937 5791 2938 5828 2938 5792 2938 5792 2939 5828 2939 5829 2939 5792 2940 5829 2940 5793 2940 5793 2941 5829 2941 5830 2941 5793 2942 5830 2942 5794 2942 5794 2099 5830 2099 5831 2099 5794 2943 5831 2943 5795 2943 5795 2944 5831 2944 5832 2944 5795 2945 5832 2945 5796 2945 5796 2946 5832 2946 5833 2946 5796 2947 5833 2947 5797 2947 5797 2948 5833 2948 5834 2948 5797 2949 5834 2949 5798 2949 5798 2950 5834 2950 5835 2950 5798 2951 5835 2951 5799 2951 5799 2952 5835 2952 5836 2952 5799 2953 5836 2953 5800 2953 5800 2954 5836 2954 5837 2954 5800 2955 5837 2955 5801 2955 5801 2956 5837 2956 5838 2956 5801 2957 5838 2957 5802 2957 5802 2958 5838 2958 5839 2958 5802 2959 5839 2959 5803 2959 5803 2960 5839 2960 5840 2960 5803 2961 5840 2961 5804 2961 5804 2962 5840 2962 5841 2962 5804 2120 5841 2120 5805 2120 5805 2963 5841 2963 5842 2963 5805 2122 5842 2122 5806 2122 5806 2964 5842 2964 5843 2964 5806 2124 5843 2124 5807 2124 5807 2965 5843 2965 5844 2965 5807 2966 5844 2966 5808 2966 5808 2967 5844 2967 5845 2967 5808 2968 5845 2968 5809 2968 5809 2969 5845 2969 5846 2969 5809 2130 5846 2130 5773 2130 5773 2131 5846 2131 5810 2131 5810 2132 5847 2132 5811 2132 5811 2970 5847 2970 5848 2970 5811 2971 5848 2971 5812 2971 5812 2972 5848 2972 5849 2972 5812 2973 5849 2973 5813 2973 5813 2974 5849 2974 5850 2974 5813 2138 5850 2138 5814 2138 5814 2975 5850 2975 5851 2975 5814 2976 5851 2976 5815 2976 5815 2141 5851 2141 5852 2141 5815 2977 5852 2977 5816 2977 5816 2978 5852 2978 5853 2978 5816 2979 5853 2979 5817 2979 5817 2980 5853 2980 5854 2980 5817 2981 5854 2981 5818 2981 5818 2982 5854 2982 5855 2982 5818 2983 5855 2983 5819 2983 5819 2984 5855 2984 5856 2984 5819 2985 5856 2985 5820 2985 5820 2986 5856 2986 5857 2986 5820 2987 5857 2987 5821 2987 5821 2988 5857 2988 5858 2988 5821 2989 5858 2989 5822 2989 5822 2990 5858 2990 5859 2990 5822 2991 5859 2991 5823 2991 5823 2992 5859 2992 5860 2992 5823 2993 5860 2993 5824 2993 5824 2994 5860 2994 5861 2994 5824 2995 5861 2995 5825 2995 5825 2996 5861 2996 5862 2996 5825 2997 5862 2997 5826 2997 5826 2998 5862 2998 5863 2998 5826 2999 5863 2999 5827 2999 5827 3000 5863 3000 5864 3000 5827 3001 5864 3001 5828 3001 5828 3002 5864 3002 5865 3002 5828 3003 5865 3003 5829 3003 5829 3004 5865 3004 5866 3004 5829 3005 5866 3005 5830 3005 5830 3006 5866 3006 5867 3006 5830 3007 5867 3007 5831 3007 5831 3008 5867 3008 5868 3008 5831 3009 5868 3009 5832 3009 5832 3010 5868 3010 5869 3010 5832 3011 5869 3011 5833 3011 5833 3012 5869 3012 5870 3012 5833 3013 5870 3013 5834 3013 5834 3014 5870 3014 5871 3014 5834 3015 5871 3015 5835 3015 5835 3016 5871 3016 5872 3016 5835 3017 5872 3017 5836 3017 5836 3018 5872 3018 5873 3018 5836 3019 5873 3019 5837 3019 5837 3020 5873 3020 5874 3020 5837 3021 5874 3021 5838 3021 5838 3022 5874 3022 5875 3022 5838 3023 5875 3023 5839 3023 5839 3024 5875 3024 5876 3024 5839 3025 5876 3025 5840 3025 5840 3026 5876 3026 5877 3026 5840 3027 5877 3027 5841 3027 5841 3028 5877 3028 5878 3028 5841 3029 5878 3029 5842 3029 5842 3030 5878 3030 5879 3030 5842 2196 5879 2196 5843 2196 5843 3031 5879 3031 5880 3031 5843 2198 5880 2198 5844 2198 5844 3032 5880 3032 5881 3032 5844 3033 5881 3033 5845 3033 5845 3034 5881 3034 5882 3034 5845 2202 5882 2202 5846 2202 5846 3035 5882 3035 5883 3035 5846 3036 5883 3036 5810 3036 5810 3037 5883 3037 5847 3037 5995 2206 5624 2206 5996 2206 5996 2207 5624 2207 5626 2207 5996 2208 5626 2208 5997 2208 5997 2209 5626 2209 5628 2209 5997 2210 5628 2210 5998 2210 5998 2211 5628 2211 5630 2211 5998 3038 5630 3038 5999 3038 5999 3039 5630 3039 5632 3039 5999 3040 5632 3040 6000 3040 6000 3041 5632 3041 5634 3041 6000 3042 5634 3042 6001 3042 6001 3043 5634 3043 5636 3043 6001 2218 5636 2218 6002 2218 6002 2219 5636 2219 5638 2219 6002 2220 5638 2220 6003 2220 6003 2221 5638 2221 5640 2221 6003 3044 5640 3044 6004 3044 6004 3045 5640 3045 5642 3045 6004 2224 5642 2224 6005 2224 6005 2225 5642 2225 5644 2225 6005 3046 5644 3046 6006 3046 6006 3047 5644 3047 5646 3047 6006 3048 5646 3048 6007 3048 6007 3049 5646 3049 5648 3049 6007 3050 5648 3050 6008 3050 6008 3051 5648 3051 5650 3051 6008 3052 5650 3052 6009 3052 6009 3053 5650 3053 5652 3053 6009 3054 5652 3054 6010 3054 6010 3055 5652 3055 5654 3055 6010 2236 5654 2236 6011 2236 6011 2237 5654 2237 5656 2237 6011 2238 5656 2238 6012 2238 6012 2239 5656 2239 5658 2239 6012 2240 5658 2240 6013 2240 6013 2241 5658 2241 5660 2241 6013 3056 5660 3056 6014 3056 6014 3057 5660 3057 5662 3057 6014 188 5662 188 6015 188 6015 188 5662 188 5664 188 6015 2244 5664 2244 6016 2244 6016 2245 5664 2245 5666 2245 6016 2246 5666 2246 6017 2246 6017 2247 5666 2247 5668 2247 6017 3058 5668 3058 6018 3058 6018 3059 5668 3059 5670 3059 6018 3060 5670 3060 6019 3060 6019 3061 5670 3061 5672 3061 6019 3062 5672 3062 6020 3062 6020 3063 5672 3063 5674 3063 6020 3064 5674 3064 6021 3064 6021 3065 5674 3065 5676 3065 6021 2256 5676 2256 6022 2256 6022 2257 5676 2257 5678 2257 6022 3066 5678 3066 6023 3066 6023 3067 5678 3067 5680 3067 6023 3068 5680 3068 6024 3068 6024 3069 5680 3069 5682 3069 6024 2262 5682 2262 6025 2262 6025 2263 5682 2263 5684 2263 6025 3070 5684 3070 6026 3070 6026 3071 5684 3071 5686 3071 6026 3072 5686 3072 6027 3072 6027 3073 5686 3073 5688 3073 6027 3074 5688 3074 6028 3074 6028 3075 5688 3075 5690 3075 6028 3076 5690 3076 6029 3076 6029 3077 5690 3077 5692 3077 6029 2272 5692 2272 6030 2272 6030 2273 5692 2273 5694 2273 6030 2274 5694 2274 6031 2274 6031 2275 5694 2275 5696 2275 6031 2276 5696 2276 5995 2276 5995 2277 5696 2277 5624 2277 5995 3078 5996 3078 6018 3078 6018 1812 5996 1812 5997 1812 6018 3079 5997 3079 5998 3079 5998 1812 5999 1812 6018 1812 6018 3080 5999 3080 6000 3080 6018 3081 6000 3081 6001 3081 6001 1812 6002 1812 6018 1812 6018 3082 6002 3082 6003 3082 6018 3083 6003 3083 6004 3083 6004 3084 6005 3084 6018 3084 6018 3085 6005 3085 6006 3085 6018 3086 6006 3086 6007 3086 6007 1812 6008 1812 6018 1812 6018 3087 6008 3087 6009 3087 6018 3088 6009 3088 6010 3088 6010 1812 6011 1812 6018 1812 6018 1812 6011 1812 6017 1812 6017 3089 6011 3089 6012 3089 6017 3090 6012 3090 6016 3090 6016 1812 6012 1812 6013 1812 6016 3091 6013 3091 6015 3091 6015 3092 6013 3092 6014 3092 6019 2279 6029 2279 6018 2279 6018 3093 6029 3093 6030 3093 6018 1812 6030 1812 6031 1812 6029 3094 6019 3094 6028 3094 6028 1812 6019 1812 6020 1812 6028 3095 6020 3095 6027 3095 6027 3096 6020 3096 6021 3096 6027 3097 6021 3097 6026 3097 6026 1812 6021 1812 6022 1812 6026 3098 6022 3098 6025 3098 6025 3099 6022 3099 6023 3099 6025 3100 6023 3100 6024 3100 6031 1812 5995 1812 6018 1812 6147 3101 6180 3101 6041 3101 6184 1812 6185 1812 6034 1812 6034 3102 6185 3102 6186 3102 6034 3103 6186 3103 6187 3103 6034 1812 6187 1812 6032 1812 6032 3104 6187 3104 6188 3104 6032 1812 6188 1812 6069 1812 6069 3105 6188 3105 6113 3105 6113 3106 6188 3106 6189 3106 6113 3107 6189 3107 6184 3107 6113 1812 6184 1812 6034 1812 6091 1234 6190 1234 6051 1234 6051 3108 6190 3108 6191 3108 6051 3109 6191 3109 6192 3109 6129 3110 6193 3110 6091 3110 6091 3111 6193 3111 6194 3111 6091 3112 6194 3112 6195 3112 6041 1234 6196 1234 6129 1234 6129 3113 6196 3113 6197 3113 6129 3114 6197 3114 6198 3114 6051 3115 6199 3115 6041 3115 6041 3116 6199 3116 6200 3116 6041 3117 6200 3117 6201 3117 6201 1234 6202 1234 6041 1234 6041 1234 6202 1234 6196 1234 6196 1234 6202 1234 6203 1234 6203 1234 6202 1234 6204 1234 6203 1234 6204 1234 6205 1234 6205 1234 6204 1234 6206 1234 6205 1234 6206 1234 6207 1234 6207 1234 6206 1234 6208 1234 6207 1234 6208 1234 6209 1234 6209 1234 6208 1234 6210 1234 6209 1234 6210 1234 6211 1234 6211 1234 6210 1234 6190 1234 6211 1234 6190 1234 6091 1234 6208 1234 6206 1234 6212 1234 6212 3118 6206 3118 6199 3118 6212 3119 6199 3119 6051 3119 6198 3120 6193 3120 6129 3120 6193 3121 6205 3121 6194 3121 6194 1234 6205 1234 6207 1234 6195 1234 6213 1234 6091 1234 6091 3122 6213 3122 6211 3122 6192 3123 6212 3123 6051 3123 6202 3124 6201 3124 6184 3124 6184 3124 6201 3124 6185 3124 6204 3125 6202 3125 6189 3125 6189 3126 6202 3126 6184 3126 6206 3127 6204 3127 6188 3127 6188 3128 6204 3128 6189 3128 6199 3129 6206 3129 6187 3129 6187 3129 6206 3129 6188 3129 6200 3130 6199 3130 6186 3130 6186 3131 6199 3131 6187 3131 6201 3132 6200 3132 6185 3132 6185 3133 6200 3133 6186 3133 6214 3134 6215 3134 6202 3134 6202 3135 6215 3135 6204 3135 6215 3136 6216 3136 6204 3136 6204 3137 6216 3137 6206 3137 6216 3138 6217 3138 6206 3138 6206 3138 6217 3138 6199 3138 6217 3139 6218 3139 6199 3139 6199 3140 6218 3140 6200 3140 6218 3141 6219 3141 6200 3141 6200 3142 6219 3142 6201 3142 6219 3143 6214 3143 6201 3143 6201 3143 6214 3143 6202 3143 6201 1812 6202 1812 6200 1812 6200 3144 6202 3144 6204 3144 6200 1812 6204 1812 6199 1812 6199 3145 6204 3145 6206 3145 6219 1234 6218 1234 6214 1234 6214 3146 6218 3146 6215 3146 6215 1234 6218 1234 6217 1234 6215 3147 6217 3147 6216 3147 6220 3148 6221 3148 6203 3148 6203 3149 6221 3149 6196 3149 6222 3150 6220 3150 6205 3150 6205 3151 6220 3151 6203 3151 6223 3152 6222 3152 6193 3152 6193 3152 6222 3152 6205 3152 6224 3153 6223 3153 6198 3153 6198 3154 6223 3154 6193 3154 6225 3155 6224 3155 6197 3155 6197 3156 6224 3156 6198 3156 6221 3157 6225 3157 6196 3157 6196 3157 6225 3157 6197 3157 6225 1234 6221 1234 6224 1234 6224 3158 6221 3158 6220 3158 6224 1234 6220 1234 6223 1234 6223 3159 6220 3159 6222 3159 6226 3160 6227 3160 6209 3160 6209 3161 6227 3161 6207 3161 6228 3162 6226 3162 6211 3162 6211 3163 6226 3163 6209 3163 6229 3164 6228 3164 6213 3164 6213 3164 6228 3164 6211 3164 6230 3153 6229 3153 6195 3153 6195 3154 6229 3154 6213 3154 6231 3165 6230 3165 6194 3165 6194 3166 6230 3166 6195 3166 6227 3157 6231 3157 6207 3157 6207 3157 6231 3157 6194 3157 6231 1234 6227 1234 6230 1234 6230 1234 6227 1234 6226 1234 6230 1234 6226 1234 6229 1234 6229 1234 6226 1234 6228 1234 6232 3167 6233 3167 6208 3167 6208 3168 6233 3168 6210 3168 6233 3169 6234 3169 6210 3169 6210 3170 6234 3170 6190 3170 6234 3171 6235 3171 6190 3171 6190 3171 6235 3171 6191 3171 6235 3139 6236 3139 6191 3139 6191 3140 6236 3140 6192 3140 6236 3172 6237 3172 6192 3172 6192 3173 6237 3173 6212 3173 6237 3143 6232 3143 6212 3143 6212 3143 6232 3143 6208 3143 6237 1234 6236 1234 6232 1234 6232 3174 6236 3174 6233 3174 6233 1234 6236 1234 6235 1234 6233 3175 6235 3175 6234 3175 3826 3176 6240 3176 3824 3176 3822 3177 6242 3177 3820 3177 3820 3178 6243 3178 3818 3178 3816 3179 6244 3179 6245 3179 3816 3180 6245 3180 3815 3180 3815 3181 6245 3181 6246 3181 3815 3182 6246 3182 3878 3182 3878 3183 6246 3183 6247 3183 3878 3184 6247 3184 3877 3184 3877 3185 6247 3185 6248 3185 3877 3186 6248 3186 3876 3186 3876 3187 6248 3187 6249 3187 3876 3188 6249 3188 3875 3188 3875 3189 6249 3189 6250 3189 3875 3190 6250 3190 3874 3190 3874 3191 6250 3191 6251 3191 3874 3192 6251 3192 3873 3192 3873 3193 6251 3193 6252 3193 3873 3194 6252 3194 3872 3194 3872 3195 6252 3195 6253 3195 3872 3196 6253 3196 3871 3196 3871 3197 6253 3197 6254 3197 3871 3198 6254 3198 3870 3198 3838 3199 6257 3199 6258 3199 3836 3200 6258 3200 6259 3200 3836 3201 6259 3201 3834 3201 3832 3202 6260 3202 6261 3202 3832 3203 6261 3203 3830 3203 3855 3204 6262 3204 3857 3204 3861 3205 6265 3205 3863 3205 3867 3206 6267 3206 6268 3206 3813 3207 6268 3207 6269 3207 3813 3208 6269 3208 3817 3208 3817 3208 6269 3208 6270 3208 3817 3209 6270 3209 3819 3209 3819 3210 6270 3210 6271 3210 3819 3211 6271 3211 3821 3211 3821 3185 6271 3185 6272 3185 3821 3212 6272 3212 3823 3212 3823 3213 6272 3213 6273 3213 3823 3214 6273 3214 3825 3214 3825 3215 6273 3215 6274 3215 3825 3216 6274 3216 3827 3216 3827 3217 6274 3217 6275 3217 3827 3218 6275 3218 3829 3218 3829 3219 6275 3219 6276 3219 3829 3220 6276 3220 3831 3220 3831 3220 6276 3220 6277 3220 3831 3221 6277 3221 3833 3221 3833 3222 6277 3222 6278 3222 3833 3198 6278 3198 3835 3198 3835 3223 6278 3223 6279 3223 3835 3224 6279 3224 3837 3224 3837 3225 6279 3225 6280 3225 3837 3226 6280 3226 3806 3226 3806 3226 6280 3226 6281 3226 3847 3227 6281 3227 6282 3227 3849 3228 6282 3228 6283 3228 3849 3229 6283 3229 3851 3229 3810 3230 6292 3230 3814 3230 3814 3230 6292 3230 6293 3230 3814 3231 6293 3231 3868 3231 3868 3181 6293 3181 6294 3181 3868 3182 6294 3182 3866 3182 3866 3232 6294 3232 6295 3232 3866 3233 6295 3233 3864 3233 3864 3234 6295 3234 6296 3234 3864 3186 6296 3186 3862 3186 3862 3187 6296 3187 6297 3187 3862 3214 6297 3214 3860 3214 3860 3215 6297 3215 6298 3215 3860 3235 6298 3235 3858 3235 3858 3217 6298 3217 6299 3217 3858 3218 6299 3218 3856 3218 3856 3236 6299 3236 6300 3236 3856 3220 6300 3220 3854 3220 3854 3220 6300 3220 6301 3220 3854 3196 6301 3196 3852 3196 3852 3197 6301 3197 6302 3197 3852 3237 6302 3237 3850 3237 3850 3238 6302 3238 6303 3238 3850 3239 6303 3239 3848 3239 3848 3240 6303 3240 6304 3240 3848 3241 6304 3241 3846 3241 3846 3242 6304 3242 6305 3242 3845 3243 6305 3243 6306 3243 3844 3244 6306 3244 6307 3244 6310 107 6311 107 6312 107 6312 107 6311 107 6313 107 6316 132 6314 132 6317 132 6317 132 6314 132 6315 132 6311 1234 6316 1234 6313 1234 6313 1234 6316 1234 6317 1234 6293 54 6269 54 6294 54 6294 54 6269 54 6268 54 3826 188 3825 188 3828 188 3828 188 3825 188 3827 188 3828 188 3827 188 3830 188 3830 188 3827 188 3829 188 3830 188 3829 188 3832 188 3832 188 3829 188 3831 188 3832 188 3831 188 3834 188 3834 188 3831 188 3833 188 3834 188 3833 188 3836 188 3836 188 3833 188 3835 188 3836 188 3835 188 3838 188 3838 188 3835 188 3837 188 3838 188 3837 188 3807 188 3807 188 3837 188 3806 188 3807 188 3806 188 6314 188 6314 188 3806 188 6310 188 6310 188 3806 188 3846 188 6310 3245 3846 3245 3845 3245 3825 188 3826 188 3823 188 3823 188 3826 188 3824 188 3823 188 3824 188 3821 188 3821 188 3824 188 3822 188 3821 188 3822 188 3819 188 3819 188 3822 188 3820 188 3819 188 3820 188 3817 188 3817 188 3820 188 3818 188 3817 188 3818 188 3813 188 3813 188 3818 188 3816 188 3813 188 3816 188 6316 188 6316 3246 3816 3246 3815 3246 6316 3247 3815 3247 3878 3247 3878 188 3877 188 6316 188 6316 3248 3877 3248 3876 3248 6316 188 3876 188 3875 188 3875 188 3874 188 6316 188 6316 188 3874 188 6314 188 6314 188 3874 188 3873 188 6314 3249 3873 3249 3872 3249 3872 188 3871 188 6314 188 6314 3250 3871 3250 3870 3250 6314 3251 3870 3251 3808 3251 3808 188 3807 188 6314 188 3859 188 3860 188 3857 188 3857 188 3860 188 3858 188 3857 188 3858 188 3855 188 3855 188 3858 188 3856 188 3855 188 3856 188 3853 188 3853 188 3856 188 3854 188 3853 188 3854 188 3851 188 3851 188 3854 188 3852 188 3851 188 3852 188 3849 188 3849 188 3852 188 3850 188 3849 188 3850 188 3847 188 3847 188 3850 188 3848 188 3847 188 3848 188 3806 188 3806 188 3848 188 3846 188 3860 188 3859 188 3862 188 3862 188 3859 188 3861 188 3862 188 3861 188 3864 188 3864 188 3861 188 3863 188 3864 188 3863 188 3866 188 3866 188 3863 188 3865 188 3866 188 3865 188 3868 188 3868 188 3865 188 3867 188 3868 188 3867 188 3814 188 3814 188 3813 188 6311 188 6311 188 3813 188 6316 188 3839 188 6311 188 3840 188 3840 188 6311 188 6310 188 3840 188 6310 188 3841 188 3841 3252 6310 3252 3842 3252 3842 188 6310 188 3843 188 3843 188 6310 188 3844 188 3844 188 6310 188 3845 188 3839 188 3869 188 6311 188 6311 3253 3869 3253 3812 3253 6311 188 3812 188 3811 188 3811 188 3810 188 6311 188 6311 3254 3810 3254 3814 3254 6318 188 6319 188 6320 188 6320 188 6319 188 6321 188 6320 3255 6321 3255 6322 3255 6323 188 6324 188 6319 188 6319 188 6324 188 6325 188 6319 3256 6325 3256 6321 3256 6321 188 6325 188 6326 188 6321 3257 6326 3257 6327 3257 6327 188 6326 188 6328 188 6327 3258 6328 3258 6329 3258 6329 188 6328 188 6330 188 6329 3259 6330 3259 6331 3259 6331 188 6330 188 6332 188 6331 3260 6332 3260 6333 3260 6333 188 6332 188 6334 188 6333 3261 6334 3261 6335 3261 6336 188 6337 188 6335 188 6335 188 6337 188 6338 188 6335 188 6338 188 6333 188 6337 188 6336 188 6339 188 6339 188 6336 188 6340 188 6339 188 6340 188 6341 188 6342 188 6343 188 6339 188 6339 188 6343 188 6337 188 6344 188 6345 188 6343 188 6343 3262 6345 3262 6337 3262 6322 3263 6346 3263 6320 3263 6347 107 6342 107 6348 107 6348 107 6342 107 6339 107 6348 3264 6339 3264 6349 3264 6349 132 6350 132 6348 132 6348 3265 6350 3265 6351 3265 6348 3266 6351 3266 6352 3266 6352 132 6353 132 6348 132 6348 132 6353 132 6354 132 6348 3267 6354 3268 6355 3269 6353 3270 6356 3271 6354 3272 6355 3273 6357 3274 6348 3275 6348 3276 6357 3277 6358 3278 6347 107 6348 107 6359 107 6359 3279 6348 3279 6360 3279 6359 3280 6360 3281 6361 3282 6361 132 6362 132 6359 132 6359 3283 6362 3283 6363 3283 6359 3284 6363 3284 6364 3284 6365 3285 6366 3286 6364 3287 6364 3288 6366 3288 6359 3288 6366 3289 6367 3290 6359 3291 6359 3292 6367 3293 6368 3294 6359 3295 6368 3296 6369 3297 6370 3298 6371 3298 6359 3298 6359 107 6371 107 6372 107 6359 107 6372 107 6347 107 6373 132 6374 132 6370 132 6370 107 6374 107 6371 107 6374 107 6375 107 6371 107 6349 3299 6377 3300 6350 3301 6350 3302 6377 3303 6351 3304 6354 3305 6377 3306 6355 3307 6355 3308 6377 3309 6357 3310 6357 3311 6377 3312 6358 3313 6348 3314 6377 3314 6360 3314 6360 3315 6377 3316 6361 3317 6361 3318 6377 3319 6362 3320 6362 3321 6377 3321 6363 3321 6404 3322 6405 3323 6406 3324 6323 3325 6407 3326 6408 3327 6406 3328 6411 3329 6404 3330 6404 3331 6411 3332 6412 3333 6404 3334 6412 1812 6413 3335 6404 3336 6415 3337 6416 3338 6416 3339 6417 3340 6404 3341 6404 3342 6417 3342 6418 3342 6421 3343 6423 3344 6424 3345 6421 3346 6424 3347 6425 3348 6425 3349 6426 3350 6421 3351 6366 3352 6446 3353 6367 3354 6367 3355 6446 3356 6368 3357 6368 3358 6446 3359 6369 3360 6407 132 6319 132 6414 132 6414 107 6319 107 6318 107 6414 107 6318 107 6457 107 6414 107 6457 107 6427 107 6427 107 6457 107 6458 107 6427 107 6458 107 6459 107 6460 107 6431 107 6459 107 6459 107 6431 107 6429 107 6459 3361 6429 3361 6427 3361 6431 132 6430 132 6429 132 6426 3362 6425 3363 6427 3364 6427 3365 6425 3366 6424 3367 6427 3368 6424 3369 6423 3370 6420 3371 6419 3372 6423 3373 6423 3374 6419 3375 6427 3376 6419 132 6418 132 6427 132 6427 3377 6418 3377 6417 3377 6427 3378 6417 3378 6416 3378 6416 132 6415 132 6427 132 6427 3379 6415 3379 6414 3379 6413 1812 6412 1812 6414 1812 6414 3380 6412 3381 6411 3382 6414 3383 6411 3384 6406 3385 6405 3386 6403 3387 6406 3388 6406 132 6403 132 6414 132 6403 132 6410 132 6414 132 6414 3389 6410 3389 6409 3389 6414 3390 6409 3390 6408 3390 6408 132 6407 132 6414 132 6525 188 6526 188 6527 188 6527 188 6526 188 6528 188 6527 188 6528 188 6529 188 6530 188 6531 188 6526 188 6526 188 6531 188 6532 188 6526 3391 6532 3391 6528 3391 6528 188 6532 188 6533 188 6528 3392 6533 3392 6534 3392 6534 188 6533 188 6535 188 6534 188 6535 188 6536 188 6536 3393 6535 3393 6537 3393 6536 3394 6537 3394 6538 3394 6538 188 6537 188 6539 188 6538 188 6539 188 6540 188 6540 188 6539 188 6541 188 6540 3395 6541 3395 6542 3395 6543 3396 6544 3396 6542 3396 6542 188 6544 188 6545 188 6542 3397 6545 3397 6540 3397 6544 188 6543 188 6546 188 6546 3398 6543 3398 6547 3398 6546 188 6547 188 6548 188 6549 188 6550 188 6546 188 6546 188 6550 188 6544 188 6551 188 6552 188 6550 188 6550 3399 6552 3399 6544 3399 6529 3400 6553 3400 6527 3400 6554 107 6549 107 6555 107 6555 107 6549 107 6546 107 6555 3401 6546 3401 6556 3401 6556 132 6557 132 6555 132 6555 3265 6557 3265 6558 3265 6555 3402 6558 3402 6559 3402 6559 132 6560 132 6555 132 6555 132 6560 132 6561 132 6555 3403 6561 3404 6562 3405 6560 3406 6563 3407 6561 3408 6562 3409 6564 3410 6555 3411 6555 3412 6564 3413 6565 3414 6554 107 6555 107 6566 107 6566 3415 6555 3415 6567 3415 6566 3416 6567 3417 6568 3418 6568 132 6569 132 6566 132 6566 3419 6569 3419 6570 3419 6566 3284 6570 3284 6571 3284 6572 3420 6573 3421 6571 3422 6571 3423 6573 3423 6566 3423 6573 3424 6574 3425 6566 3426 6566 3427 6574 3428 6575 3429 6566 3430 6575 3431 6576 3432 6577 3433 6578 3433 6566 3433 6566 107 6578 107 6579 107 6566 107 6579 107 6554 107 6580 132 6581 132 6577 132 6577 107 6581 107 6578 107 6581 107 6582 107 6578 107 6546 3434 6584 3434 6556 3434 6556 3435 6584 3436 6557 3437 6557 3438 6584 3438 6558 3438 6558 3439 6584 3439 6559 3439 6559 3440 6584 3440 6560 3440 6560 3441 6584 3442 6563 3443 6563 3444 6584 3444 6561 3444 6561 3445 6584 3446 6562 3447 6562 3448 6584 3449 6564 3450 6564 3451 6584 3452 6565 3453 6555 3454 6584 3455 6567 3456 6567 3457 6584 3458 6568 3459 6568 3460 6584 3461 6569 3462 6569 3463 6584 3464 6570 3465 6570 3466 6584 3467 6571 3468 6611 3469 6610 3470 6612 3471 6530 3472 6614 3473 6615 3474 6530 3475 6615 3476 6616 3476 6616 3477 6617 3477 6530 3477 6613 3478 6618 3479 6611 3480 6611 3481 6618 3482 6619 3483 6611 3484 6619 3485 6620 3486 6620 3487 6621 3488 6611 3489 6611 3490 6621 3490 6622 3490 6611 3491 6622 3492 6623 3493 6623 3494 6624 3495 6611 3496 6611 3497 6624 3498 6625 3499 6611 3500 6625 3501 6626 3502 6628 3503 6630 3503 6631 3503 6628 3504 6631 3505 6632 3506 6632 3507 6633 3508 6628 3509 6638 3510 6639 3510 6637 3510 6572 3511 6653 3512 6573 3513 6573 3514 6653 3515 6574 3516 6574 3517 6653 3518 6575 3519 6575 3520 6653 3521 6576 3522 6576 3523 6653 3524 6566 3525 6614 132 6526 132 6621 132 6621 107 6526 107 6525 107 6621 107 6525 107 6664 107 6621 107 6664 107 6634 107 6634 107 6664 107 6665 107 6634 107 6665 107 6666 107 6667 107 6638 107 6666 107 6666 107 6638 107 6636 107 6638 132 6637 132 6636 132 6633 3526 6632 3527 6634 3528 6634 3529 6632 3530 6631 3531 6634 3532 6631 3533 6630 3534 6627 3535 6626 3536 6630 3537 6630 3538 6626 3539 6634 3540 6626 132 6625 132 6634 132 6634 3541 6625 3541 6624 3541 6634 3542 6624 3542 6623 3542 6623 132 6622 132 6634 132 6634 3543 6622 3543 6621 3543 6620 3544 6619 3545 6621 3546 6621 3547 6619 3548 6618 3549 6621 3550 6618 3551 6613 3552 6612 3553 6610 3554 6613 3555 6613 132 6610 132 6621 132 6610 132 6617 132 6621 132 6621 3556 6617 3556 6616 3556 6621 3557 6616 3557 6615 3557 6615 132 6614 132 6621 132 6675 3558 6703 3558 6725 3558 6640 54 6639 54 6638 54 6732 1 6733 1 6734 1 6734 1 6733 1 6735 1 6734 0 6735 0 6736 0 6736 0 6735 0 6737 0 6736 3559 6737 3559 6738 3559 6738 3560 6737 3560 6739 3560 6738 103 6739 103 6740 103 6740 103 6739 103 6741 103 6740 101 6741 101 6742 101 6742 102 6741 102 6743 102 6742 100 6743 100 6744 100 6744 3561 6743 3561 6745 3561 6744 3562 6745 3562 6746 3562 6746 98 6745 98 6747 98 6746 97 6747 97 6748 97 6748 96 6747 96 6749 96 6748 95 6749 95 6750 95 6750 95 6749 95 6751 95 6750 93 6751 93 6752 93 6752 3563 6751 3563 6753 3563 6752 92 6753 92 6754 92 6754 3564 6753 3564 6755 3564 6754 3565 6755 3565 6756 3565 6756 3566 6755 3566 6757 3566 6756 88 6757 88 6758 88 6758 3567 6757 3567 6759 3567 6758 3568 6759 3568 6760 3568 6760 86 6759 86 6761 86 6760 85 6761 85 6762 85 6762 85 6761 85 6763 85 6762 84 6763 84 6764 84 6764 83 6763 83 6765 83 6764 82 6765 82 6766 82 6766 82 6765 82 6767 82 6766 80 6767 80 6768 80 6768 79 6767 79 6769 79 6768 78 6769 78 6770 78 6770 77 6769 77 6771 77 6770 76 6771 76 6772 76 6772 3569 6771 3569 6773 3569 6772 3570 6773 3570 6774 3570 6774 3571 6773 3571 6775 3571 6774 3572 6775 3572 6776 3572 6776 71 6775 71 6777 71 6776 3573 6777 3573 6778 3573 6778 69 6777 69 6779 69 6778 67 6779 67 6780 67 6780 67 6779 67 6781 67 6780 3574 6781 3574 6782 3574 6782 65 6781 65 6783 65 6782 3575 6783 3575 6784 3575 6784 63 6783 63 6785 63 6784 3576 6785 3576 6786 3576 6786 3577 6785 3577 6787 3577 6786 60 6787 60 6788 60 6788 3578 6787 3578 6789 3578 6788 57 6789 57 6790 57 6790 57 6789 57 6791 57 6790 56 6791 56 6792 56 6792 55 6791 55 6793 55 6792 54 6793 54 6794 54 6794 54 6793 54 6795 54 6794 53 6795 53 6796 53 6796 52 6795 52 6797 52 6796 3579 6797 3579 6798 3579 6798 50 6797 50 6799 50 6798 49 6799 49 6800 49 6800 3580 6799 3580 6801 3580 6800 3581 6801 3581 6802 3581 6802 3582 6801 3582 6803 3582 6802 3583 6803 3583 6804 3583 6804 44 6803 44 6805 44 6804 42 6805 42 6806 42 6806 42 6805 42 6807 42 6806 3584 6807 3584 6808 3584 6808 40 6807 40 6809 40 6808 38 6809 38 6810 38 6810 38 6809 38 6811 38 6810 3585 6811 3585 6812 3585 6812 36 6811 36 6813 36 6812 3586 6813 3586 6814 3586 6814 3587 6813 3587 6815 3587 6814 33 6815 33 6816 33 6816 3588 6815 3588 6817 3588 6816 32 6817 32 6818 32 6818 31 6817 31 6819 31 6818 30 6819 30 6820 30 6820 30 6819 30 6821 30 6820 29 6821 29 6822 29 6822 3589 6821 3589 6823 3589 6822 27 6823 27 6824 27 6824 26 6823 26 6825 26 6824 25 6825 25 6826 25 6826 25 6825 25 6827 25 6826 3590 6827 3590 6828 3590 6828 23 6827 23 6829 23 6828 22 6829 22 6830 22 6830 3591 6829 3591 6831 3591 6830 3592 6831 3592 6832 3592 6832 3593 6831 3593 6833 3593 6832 18 6833 18 6834 18 6834 3594 6833 3594 6835 3594 6834 16 6835 16 6836 16 6836 3595 6835 3595 6837 3595 6836 14 6837 14 6838 14 6838 14 6837 14 6839 14 6838 12 6839 12 6840 12 6840 11 6839 11 6841 11 6840 3596 6841 3596 6842 3596 6842 9 6841 9 6843 9 6842 8 6843 8 6844 8 6844 3597 6843 3597 6845 3597 6844 6 6845 6 6846 6 6846 7 6845 7 6847 7 6846 4 6847 4 6848 4 6848 4 6847 4 6849 4 6848 3598 6849 3598 6732 3598 6732 3599 6849 3599 6733 3599 6734 132 6736 132 6732 132 6732 132 6736 132 6848 132 6848 132 6736 132 6846 132 6846 3600 6736 3600 6844 3600 6844 3601 6736 3601 6842 3601 6842 132 6736 132 6840 132 6840 132 6736 132 6838 132 6838 132 6736 132 6836 132 6836 132 6736 132 6834 132 6834 132 6736 132 6832 132 6832 3602 6736 3602 6830 3602 6830 3603 6736 3603 6828 3603 6828 3604 6736 3604 6826 3604 6826 132 6736 132 6824 132 6824 132 6736 132 6822 132 6822 3605 6736 3605 6820 3605 6820 132 6736 132 6818 132 6818 3606 6736 3606 6816 3606 6816 132 6736 132 6814 132 6814 132 6736 132 6812 132 6812 3607 6736 3607 6810 3607 6810 132 6736 132 6808 132 6808 132 6736 132 6806 132 6806 132 6736 132 6804 132 6804 3608 6736 3608 6802 3608 6802 132 6736 132 6800 132 6800 132 6736 132 6798 132 6798 132 6736 132 6796 132 6796 132 6736 132 6794 132 6794 132 6736 132 6792 132 6792 132 6736 132 6790 132 6790 3609 6736 3609 6738 3609 6790 132 6738 132 6788 132 6788 3610 6738 3610 6740 3610 6788 3611 6740 3611 6786 3611 6786 3612 6740 3612 6742 3612 6786 132 6742 132 6784 132 6784 3613 6742 3613 6744 3613 6784 132 6744 132 6782 132 6782 3614 6744 3614 6746 3614 6782 132 6746 132 6780 132 6780 3615 6746 3615 6748 3615 6780 3616 6748 3616 6778 3616 6778 3617 6748 3617 6750 3617 6778 3618 6750 3618 6776 3618 6776 3619 6750 3619 6752 3619 6776 132 6752 132 6774 132 6774 3620 6752 3620 6754 3620 6774 132 6754 132 6772 132 6772 3621 6754 3621 6756 3621 6772 132 6756 132 6770 132 6770 3622 6756 3622 6758 3622 6770 132 6758 132 6768 132 6768 3623 6758 3623 6760 3623 6768 132 6760 132 6766 132 6766 3624 6760 3624 6762 3624 6766 3625 6762 3625 6764 3625 6735 107 6733 107 6737 107 6763 107 6767 107 6765 107 6736 135 6737 135 6734 135 6734 135 6737 135 6735 135 6734 134 6735 134 6732 134 6732 134 6735 134 6733 134 6732 3626 6733 3626 6848 3626 6848 3627 6733 3627 6849 3627 6848 237 6849 237 6846 237 6846 237 6849 237 6847 237 6846 235 6847 235 6844 235 6844 236 6847 236 6845 236 6844 234 6845 234 6842 234 6842 3628 6845 3628 6843 3628 6842 3629 6843 3629 6840 3629 6840 232 6843 232 6841 232 6840 231 6841 231 6838 231 6838 230 6841 230 6839 230 6838 229 6839 229 6836 229 6836 229 6839 229 6837 229 6836 227 6837 227 6834 227 6834 3630 6837 3630 6835 3630 6834 225 6835 225 6832 225 6832 3631 6835 3631 6833 3631 6832 3632 6833 3632 6830 3632 6830 3633 6833 3633 6831 3633 6830 221 6831 221 6828 221 6828 3634 6831 3634 6829 3634 6828 3635 6829 3635 6826 3635 6826 218 6829 218 6827 218 6826 217 6827 217 6824 217 6824 217 6827 217 6825 217 6824 216 6825 216 6822 216 6822 215 6825 215 6823 215 6822 214 6823 214 6820 214 6820 3636 6823 3636 6821 3636 6820 212 6821 212 6818 212 6818 212 6821 212 6819 212 6818 211 6819 211 6816 211 6816 210 6819 210 6817 210 6816 209 6817 209 6814 209 6814 3637 6817 3637 6815 3637 6814 3638 6815 3638 6812 3638 6812 3639 6815 3639 6813 3639 6812 3640 6813 3640 6810 3640 6810 205 6813 205 6811 205 6810 203 6811 203 6808 203 6808 203 6811 203 6809 203 6808 3641 6809 3641 6806 3641 6806 201 6809 201 6807 201 6806 199 6807 199 6804 199 6804 199 6807 199 6805 199 6804 3642 6805 3642 6802 3642 6802 197 6805 197 6803 197 6802 3643 6803 3643 6800 3643 6800 3644 6803 3644 6801 3644 6800 194 6801 194 6798 194 6798 3645 6801 3645 6799 3645 6798 3646 6799 3646 6796 3646 6796 191 6799 191 6797 191 6796 190 6797 190 6794 190 6794 189 6797 189 6795 189 6794 188 6795 188 6792 188 6792 188 6795 188 6793 188 6792 187 6793 187 6790 187 6790 186 6793 186 6791 186 6790 184 6791 184 6788 184 6788 184 6791 184 6789 184 6788 183 6789 183 6786 183 6786 3647 6789 3647 6787 3647 6786 3648 6787 3648 6784 3648 6784 3649 6787 3649 6785 3649 6784 3650 6785 3650 6782 3650 6782 178 6785 178 6783 178 6782 3651 6783 3651 6780 3651 6780 176 6783 176 6781 176 6780 174 6781 174 6778 174 6778 174 6781 174 6779 174 6778 3652 6779 3652 6776 3652 6776 172 6779 172 6777 172 6776 3653 6777 3653 6774 3653 6774 170 6777 170 6775 170 6774 3654 6775 3654 6772 3654 6772 3655 6775 3655 6773 3655 6772 167 6773 167 6770 167 6770 3656 6773 3656 6771 3656 6770 165 6771 165 6768 165 6768 164 6771 164 6769 164 6768 163 6769 163 6766 163 6766 162 6769 162 6767 162 6766 161 6767 161 6764 161 6764 161 6767 161 6765 161 6764 159 6765 159 6762 159 6762 158 6765 158 6763 158 6762 157 6763 157 6760 157 6760 157 6763 157 6761 157 6760 3657 6761 3657 6758 3657 6758 155 6761 155 6759 155 6758 154 6759 154 6756 154 6756 3658 6759 3658 6757 3658 6756 3659 6757 3659 6754 3659 6754 3660 6757 3660 6755 3660 6754 151 6755 151 6752 151 6752 3661 6755 3661 6753 3661 6752 149 6753 149 6750 149 6750 3662 6753 3662 6751 3662 6750 148 6751 148 6748 148 6748 148 6751 148 6749 148 6748 146 6749 146 6746 146 6746 145 6749 145 6747 145 6746 3663 6747 3663 6744 3663 6744 143 6747 143 6745 143 6744 142 6745 142 6742 142 6742 3664 6745 3664 6743 3664 6742 140 6743 140 6740 140 6740 141 6743 141 6741 141 6740 138 6741 138 6738 138 6738 138 6741 138 6739 138 6738 3665 6739 3665 6736 3665 6736 3666 6739 3666 6737 3666 6850 3667 6851 3667 6852 3667 6852 243 6851 243 6853 243 6852 241 6853 241 6854 241 6854 241 6853 241 6855 241 6854 367 6855 367 6856 367 6856 3668 6855 3668 6857 3668 6856 3669 6857 3669 6858 3669 6858 365 6857 365 6859 365 6858 3670 6859 3670 6860 3670 6860 363 6859 363 6861 363 6860 3671 6861 3671 6862 3671 6862 361 6861 361 6863 361 6862 360 6863 360 6864 360 6864 359 6863 359 6865 359 6864 358 6865 358 6866 358 6866 357 6865 357 6867 357 6866 3672 6867 3672 6868 3672 6868 3673 6867 3673 6869 3673 6868 3674 6869 3674 6870 3674 6870 3675 6869 3675 6871 3675 6870 352 6871 352 6872 352 6872 351 6871 351 6873 351 6872 3676 6873 3676 6874 3676 6874 349 6873 349 6875 349 6874 3677 6875 3677 6876 3677 6876 347 6875 347 6877 347 6876 346 6877 346 6878 346 6878 345 6877 345 6879 345 6878 3678 6879 3678 6880 3678 6880 343 6879 343 6881 343 6880 342 6881 342 6882 342 6882 3679 6881 3679 6883 3679 6882 340 6883 340 6884 340 6884 341 6883 341 6885 341 6884 339 6885 339 6886 339 6886 338 6885 338 6887 338 6886 337 6887 337 6888 337 6888 336 6887 336 6889 336 6888 334 6889 334 6890 334 6890 334 6889 334 6891 334 6890 333 6891 333 6892 333 6892 3680 6891 3680 6893 3680 6892 3681 6893 3681 6894 3681 6894 3682 6893 3682 6895 3682 6894 330 6895 330 6896 330 6896 329 6895 329 6897 329 6896 3683 6897 3683 6898 3683 6898 327 6897 327 6899 327 6898 3684 6899 3684 6900 3684 6900 325 6899 325 6901 325 6900 3685 6901 3685 6902 3685 6902 3686 6901 3686 6903 3686 6902 3687 6903 3687 6904 3687 6904 3688 6903 3688 6905 3688 6904 320 6905 320 6906 320 6906 319 6905 319 6907 319 6906 318 6907 318 6908 318 6908 3689 6907 3689 6909 3689 6908 316 6909 316 6910 316 6910 315 6909 315 6911 315 6910 3690 6911 3690 6912 3690 6912 314 6911 314 6913 314 6912 3691 6913 3691 6914 3691 6914 312 6913 312 6915 312 6914 311 6915 311 6916 311 6916 310 6915 310 6917 310 6916 308 6917 308 6918 308 6918 309 6917 309 6919 309 6918 3692 6919 3692 6920 3692 6920 3692 6919 3692 6921 3692 6920 3693 6921 3693 6922 3693 6922 3694 6921 3694 6923 3694 6922 3695 6923 3695 6924 3695 6924 3696 6923 3696 6925 3696 6924 301 6925 301 6926 301 6926 301 6925 301 6927 301 6926 3697 6927 3697 6928 3697 6928 299 6927 299 6929 299 6928 3698 6929 3698 6930 3698 6930 297 6929 297 6931 297 6930 296 6931 296 6932 296 6932 295 6931 295 6933 295 6932 294 6933 294 6934 294 6934 294 6933 294 6935 294 6934 292 6935 292 6936 292 6936 291 6935 291 6937 291 6936 3699 6937 3699 6938 3699 6938 3700 6937 3700 6939 3700 6938 288 6939 288 6940 288 6940 289 6939 289 6941 289 6940 3701 6941 3701 6942 3701 6942 286 6941 286 6943 286 6942 3702 6943 3702 6944 3702 6944 284 6943 284 6945 284 6944 283 6945 283 6946 283 6946 282 6945 282 6947 282 6946 3703 6947 3703 6948 3703 6948 3704 6947 3704 6949 3704 6948 279 6949 279 6950 279 6950 3705 6949 3705 6951 3705 6950 276 6951 276 6952 276 6952 276 6951 276 6953 276 6952 275 6953 275 6954 275 6954 274 6953 274 6955 274 6954 273 6955 273 6956 273 6956 272 6955 272 6957 272 6956 270 6957 270 6958 270 6958 271 6957 271 6959 271 6958 269 6959 269 6960 269 6960 3706 6959 3706 6961 3706 6960 3707 6961 3707 6962 3707 6962 266 6961 266 6963 266 6962 265 6963 265 6964 265 6964 264 6963 264 6965 264 6964 3708 6965 3708 6966 3708 6966 262 6965 262 6967 262 6966 3709 6967 3709 6968 3709 6968 260 6967 260 6969 260 6968 259 6969 259 6970 259 6970 259 6969 259 6971 259 6970 3710 6971 3710 6972 3710 6972 3710 6971 3710 6973 3710 6972 3711 6973 3711 6974 3711 6974 3712 6973 3712 6975 3712 6974 254 6975 254 6976 254 6976 254 6975 254 6977 254 6976 253 6977 253 6978 253 6978 253 6977 253 6979 253 6978 3713 6979 3713 6980 3713 6980 251 6979 251 6981 251 6980 3714 6981 3714 6982 3714 6982 249 6981 249 6983 249 6982 247 6983 247 6984 247 6984 247 6983 247 6985 247 6984 246 6985 246 6850 246 6850 3715 6985 3715 6851 3715 6737 107 6855 107 6735 107 6735 3716 6855 3716 6853 3716 6735 3717 6853 3717 6851 3717 6855 3718 6737 3718 6857 3718 6857 3719 6737 3719 6739 3719 6857 107 6739 107 6859 107 6859 3720 6739 3720 6741 3720 6859 107 6741 107 6861 107 6861 3721 6741 3721 6743 3721 6861 107 6743 107 6863 107 6863 3722 6743 3722 6745 3722 6863 107 6745 107 6865 107 6865 107 6745 107 6747 107 6865 107 6747 107 6867 107 6867 3723 6747 3723 6749 3723 6867 107 6749 107 6869 107 6869 3724 6749 3724 6871 3724 6871 3725 6749 3725 6751 3725 6871 3726 6751 3726 6873 3726 6873 3727 6751 3727 6753 3727 6873 107 6753 107 6875 107 6875 3728 6753 3728 6755 3728 6875 3729 6755 3729 6877 3729 6877 3730 6755 3730 6757 3730 6877 107 6757 107 6879 107 6879 107 6757 107 6759 107 6879 107 6759 107 6881 107 6881 107 6759 107 6761 107 6881 3731 6761 3731 6883 3731 6883 107 6761 107 6885 107 6885 107 6761 107 6763 107 6885 3732 6763 3732 6887 3732 6887 107 6763 107 6765 107 6887 3733 6765 3733 6889 3733 6889 3734 6765 3734 6767 3734 6889 107 6767 107 6891 107 6891 107 6767 107 6769 107 6891 107 6769 107 6893 107 6893 107 6769 107 6771 107 6893 107 6771 107 6895 107 6895 107 6771 107 6773 107 6895 3735 6773 3735 6897 3735 6897 3736 6773 3736 6775 3736 6897 107 6775 107 6899 107 6899 107 6775 107 6901 107 6901 107 6775 107 6777 107 6901 107 6777 107 6903 107 6903 3737 6777 3737 6779 3737 6903 107 6779 107 6905 107 6905 107 6779 107 6781 107 6905 107 6781 107 6907 107 6907 107 6781 107 6783 107 6907 107 6783 107 6909 107 6909 3738 6783 3738 6785 3738 6909 107 6785 107 6911 107 6911 463 6785 463 6787 463 6911 107 6787 107 6913 107 6913 107 6787 107 6915 107 6915 3739 6787 3739 6789 3739 6915 107 6789 107 6917 107 6917 3740 6789 3740 6791 3740 6917 107 6791 107 6919 107 6919 107 6791 107 6793 107 6919 107 6793 107 6921 107 6921 107 6793 107 6795 107 6921 107 6795 107 6923 107 6923 107 6795 107 6797 107 6923 107 6797 107 6925 107 6925 3741 6797 3741 6799 3741 6925 107 6799 107 6927 107 6927 3742 6799 3742 6801 3742 6927 107 6801 107 6929 107 6929 107 6801 107 6931 107 6931 471 6801 471 6803 471 6931 107 6803 107 6933 107 6933 3743 6803 3743 6805 3743 6933 107 6805 107 6935 107 6935 107 6805 107 6807 107 6935 107 6807 107 6937 107 6937 107 6807 107 6809 107 6937 107 6809 107 6939 107 6939 3744 6809 3744 6811 3744 6939 3745 6811 3745 6941 3745 6941 107 6811 107 6813 107 6941 3746 6813 3746 6943 3746 6943 107 6813 107 6945 107 6945 3747 6813 3747 6815 3747 6945 3748 6815 3748 6947 3748 6947 107 6815 107 6817 107 6947 3749 6817 3749 6949 3749 6949 107 6817 107 6819 107 6949 3750 6819 3750 6951 3750 6951 107 6819 107 6821 107 6951 3751 6821 3751 6953 3751 6953 3752 6821 3752 6823 3752 6953 3753 6823 3753 6955 3753 6955 107 6823 107 6825 107 6955 3754 6825 3754 6957 3754 6957 107 6825 107 6827 107 6957 107 6827 107 6959 107 6959 107 6827 107 6961 107 6961 107 6827 107 6829 107 6961 107 6829 107 6963 107 6963 107 6829 107 6831 107 6963 107 6831 107 6965 107 6965 3755 6831 3755 6833 3755 6965 107 6833 107 6967 107 6967 3756 6833 3756 6835 3756 6967 107 6835 107 6969 107 6969 3757 6835 3757 6837 3757 6969 3758 6837 3758 6971 3758 6971 3759 6837 3759 6839 3759 6971 107 6839 107 6973 107 6973 107 6839 107 6975 107 6975 3760 6839 3760 6841 3760 6975 107 6841 107 6977 107 6977 107 6841 107 6843 107 6977 107 6843 107 6979 107 6979 3761 6843 3761 6845 3761 6979 107 6845 107 6981 107 6981 3762 6845 3762 6847 3762 6981 3763 6847 3763 6983 3763 6983 3764 6847 3764 6849 3764 6983 107 6849 107 6985 107 6985 3765 6849 3765 6733 3765 6985 3766 6733 3766 6851 3766 6851 3767 6733 3767 6735 3767 6732 132 6850 132 6734 132 6734 3768 6850 3768 6852 3768 6734 3769 6852 3769 6854 3769 6850 132 6732 132 6984 132 6984 132 6732 132 6848 132 6984 132 6848 132 6982 132 6982 3770 6848 3770 6846 3770 6982 132 6846 132 6980 132 6980 3771 6846 3771 6844 3771 6980 132 6844 132 6978 132 6978 3772 6844 3772 6842 3772 6978 3773 6842 3773 6976 3773 6976 3774 6842 3774 6840 3774 6976 132 6840 132 6974 132 6974 3775 6840 3775 6838 3775 6974 132 6838 132 6972 132 6972 379 6838 379 6970 379 6970 3776 6838 3776 6836 3776 6970 132 6836 132 6968 132 6968 3777 6836 3777 6834 3777 6968 132 6834 132 6966 132 6966 3778 6834 3778 6832 3778 6966 132 6832 132 6964 132 6964 132 6832 132 6830 132 6964 3779 6830 3779 6962 3779 6962 3780 6830 3780 6828 3780 6962 387 6828 387 6960 387 6960 132 6828 132 6826 132 6960 132 6826 132 6958 132 6958 3781 6826 3781 6956 3781 6956 132 6826 132 6824 132 6956 391 6824 391 6954 391 6954 132 6824 132 6822 132 6954 3782 6822 3782 6952 3782 6952 132 6822 132 6820 132 6952 132 6820 132 6950 132 6950 132 6820 132 6818 132 6950 132 6818 132 6948 132 6948 3783 6818 3783 6816 3783 6948 132 6816 132 6946 132 6946 132 6816 132 6814 132 6946 132 6814 132 6944 132 6944 132 6814 132 6812 132 6944 132 6812 132 6942 132 6942 132 6812 132 6940 132 6940 3784 6812 3784 6810 3784 6940 132 6810 132 6938 132 6938 3785 6810 3785 6808 3785 6938 132 6808 132 6936 132 6936 3786 6808 3786 6806 3786 6936 132 6806 132 6934 132 6934 3787 6806 3787 6804 3787 6934 132 6804 132 6932 132 6932 3788 6804 3788 6802 3788 6932 132 6802 132 6930 132 6930 3789 6802 3789 6800 3789 6930 132 6800 132 6928 132 6928 3790 6800 3790 6926 3790 6926 3791 6800 3791 6798 3791 6926 132 6798 132 6924 132 6924 403 6798 403 6796 403 6924 132 6796 132 6922 132 6922 3792 6796 3792 6794 3792 6922 132 6794 132 6920 132 6920 132 6794 132 6792 132 6920 132 6792 132 6918 132 6918 3793 6792 3793 6790 3793 6918 132 6790 132 6916 132 6916 406 6790 406 6788 406 6916 132 6788 132 6914 132 6914 3794 6788 3794 6786 3794 6914 3795 6786 3795 6912 3795 6912 132 6786 132 6910 132 6910 3796 6786 3796 6784 3796 6910 132 6784 132 6908 132 6908 3797 6784 3797 6782 3797 6908 132 6782 132 6906 132 6906 3798 6782 3798 6780 3798 6906 3799 6780 3799 6904 3799 6904 3800 6780 3800 6778 3800 6904 132 6778 132 6902 132 6902 3801 6778 3801 6776 3801 6902 3802 6776 3802 6900 3802 6900 3803 6776 3803 6774 3803 6900 132 6774 132 6898 132 6898 132 6774 132 6896 132 6896 132 6774 132 6772 132 6896 3804 6772 3804 6894 3804 6894 132 6772 132 6770 132 6894 3805 6770 3805 6892 3805 6892 3806 6770 3806 6768 3806 6892 419 6768 419 6890 419 6890 132 6768 132 6766 132 6890 3807 6766 3807 6888 3807 6888 132 6766 132 6764 132 6888 3808 6764 3808 6886 3808 6886 132 6764 132 6762 132 6886 423 6762 423 6884 423 6884 132 6762 132 6760 132 6884 3809 6760 3809 6882 3809 6882 132 6760 132 6880 132 6880 132 6760 132 6758 132 6880 3810 6758 3810 6878 3810 6878 3811 6758 3811 6756 3811 6878 3812 6756 3812 6876 3812 6876 132 6756 132 6754 132 6876 132 6754 132 6874 132 6874 3813 6754 3813 6752 3813 6874 132 6752 132 6872 132 6872 3814 6752 3814 6750 3814 6872 132 6750 132 6870 132 6870 3815 6750 3815 6748 3815 6870 132 6748 132 6868 132 6868 3816 6748 3816 6866 3816 6866 3817 6748 3817 6746 3817 6866 132 6746 132 6864 132 6864 3818 6746 3818 6744 3818 6864 3819 6744 3819 6862 3819 6862 3820 6744 3820 6742 3820 6862 132 6742 132 6860 132 6860 3821 6742 3821 6740 3821 6860 132 6740 132 6858 132 6858 3822 6740 3822 6738 3822 6858 132 6738 132 6856 132 6856 132 6738 132 6736 132 6856 132 6736 132 6854 132 6854 3823 6736 3823 6734 3823</p>
        </triangles>
        <triangles material="glossy_plastic_white-material" count="1438">
          <input semantic="VERTEX" source="#bcr_bot_logo-mesh-vertices" offset="0"/>
          <input semantic="NORMAL" source="#bcr_bot_logo-mesh-normals" offset="1"/>
          <p>3122 3824 3123 3824 3124 3824 3124 3824 3123 3824 3125 3824 3124 3825 3125 3825 3126 3825 3126 3826 3125 3826 3127 3826 3126 3827 3127 3827 3128 3827 3128 3828 3127 3828 3129 3828 3128 3829 3129 3829 3130 3829 3130 3830 3129 3830 3131 3830 3130 3831 3131 3831 3132 3831 3132 3832 3131 3832 3133 3832 3132 3833 3133 3833 3134 3833 3134 3834 3133 3834 3135 3834 3134 3835 3135 3835 3136 3835 3136 3836 3135 3836 3137 3836 3136 3837 3137 3837 3138 3837 3138 3838 3137 3838 3139 3838 3138 3831 3139 3831 3140 3831 3140 3839 3139 3839 3141 3839 3140 3828 3141 3828 3142 3828 3142 3828 3141 3828 3143 3828 3142 3827 3143 3827 3144 3827 3144 3840 3143 3840 3145 3840 3144 3824 3145 3824 3146 3824 3146 3824 3145 3824 3147 3824 3147 3840 3145 3840 3148 3840 3148 3827 3145 3827 3143 3827 3148 3828 3143 3828 3149 3828 3149 3828 3143 3828 3141 3828 3149 3839 3141 3839 3150 3839 3150 3831 3141 3831 3139 3831 3150 3833 3139 3833 3151 3833 3151 3837 3139 3837 3137 3837 3151 3836 3137 3836 3135 3836 3123 3840 3122 3840 3152 3840 3152 3840 3122 3840 3153 3840 3152 3841 3153 3841 3154 3841 3154 3828 3153 3828 3155 3828 3154 3842 3155 3842 3156 3842 3156 3831 3155 3831 3157 3831 3156 3833 3157 3833 3158 3833 3158 3843 3157 3843 3159 3843 3158 3836 3159 3836 3160 3836 3135 3844 3161 3844 3160 3844 3160 3845 3161 3845 3162 3845 3160 3846 3162 3846 3163 3846 3163 3837 3162 3837 3164 3837 3163 3847 3164 3847 3165 3847 3165 3848 3164 3848 3166 3848 3165 3849 3166 3849 3154 3849 3154 3828 3166 3828 3152 3828 3124 3850 3167 3850 3146 3850 3146 3851 3167 3851 3168 3851 3146 3852 3168 3852 3169 3852 3169 3853 3168 3853 3170 3853 3169 3854 3170 3854 3142 3854 3142 3828 3170 3828 3140 3828 3125 3840 3123 3840 3171 3840 3171 3827 3123 3827 3152 3827 3171 3828 3152 3828 3166 3828 3167 3855 3124 3855 3172 3855 3172 3856 3124 3856 3126 3856 3172 3857 3126 3857 3128 3857 3167 3840 3172 3840 3173 3840 3173 3827 3172 3827 3128 3827 3173 3858 3128 3858 3130 3858 3144 3859 3146 3859 3169 3859 3168 3857 3167 3857 3174 3857 3174 3827 3167 3827 3173 3827 3174 3860 3173 3860 3175 3860 3175 3828 3173 3828 3130 3828 3175 3861 3130 3861 3132 3861 3142 3840 3144 3840 3169 3840 3125 3862 3171 3862 3127 3862 3127 3863 3171 3863 3176 3863 3127 3828 3176 3828 3129 3828 3129 3864 3176 3864 3177 3864 3129 3831 3177 3831 3131 3831 3131 3865 3177 3865 3161 3865 3131 3866 3161 3866 3133 3866 3133 3867 3161 3867 3135 3867 3176 3863 3171 3863 3166 3863 3168 3868 3174 3868 3170 3868 3170 3841 3174 3841 3178 3841 3170 3860 3178 3860 3140 3860 3140 3849 3178 3849 3138 3849 3178 3869 3174 3869 3175 3869 3165 3831 3154 3831 3156 3831 3177 3831 3176 3831 3164 3831 3164 3870 3176 3870 3166 3870 3178 3842 3175 3842 3179 3842 3179 3871 3175 3871 3132 3871 3179 3872 3132 3872 3134 3872 3165 3838 3156 3838 3180 3838 3180 3837 3156 3837 3158 3837 3180 3836 3158 3836 3160 3836 3161 3837 3177 3837 3162 3837 3162 3832 3177 3832 3164 3832 3136 3838 3138 3838 3179 3838 3179 3871 3138 3871 3178 3871 3136 3873 3179 3873 3134 3873 3160 3874 3163 3874 3180 3874 3180 3847 3163 3847 3165 3847 3181 3875 3182 3875 3183 3875 3183 3876 3182 3876 3184 3876 3183 3877 3184 3877 3185 3877 3185 3878 3184 3878 3186 3878 3185 3879 3186 3879 3187 3879 3187 3880 3186 3880 3188 3880 3187 3881 3188 3881 3189 3881 3189 3882 3188 3882 3190 3882 3189 3883 3190 3883 3191 3883 3191 3884 3190 3884 3192 3884 3191 3885 3192 3885 3193 3885 3193 3886 3192 3886 3194 3886 3193 3887 3194 3887 3195 3887 3195 3888 3194 3888 3196 3888 3195 3889 3196 3889 3197 3889 3197 3890 3196 3890 3198 3890 3197 3891 3198 3891 3199 3891 3199 3892 3198 3892 3200 3892 3199 3893 3200 3893 3201 3893 3201 3894 3200 3894 3202 3894 3201 3895 3202 3895 3203 3895 3203 3896 3202 3896 3204 3896 3203 3897 3204 3897 3135 3897 3135 3898 3204 3898 3151 3898 3151 3899 3204 3899 3205 3899 3151 3900 3205 3900 3150 3900 3150 3901 3205 3901 3206 3901 3150 3902 3206 3902 3149 3902 3149 3903 3206 3903 3207 3903 3149 3904 3207 3904 3148 3904 3148 3905 3207 3905 3208 3905 3148 3906 3208 3906 3147 3906 3147 3907 3208 3907 3146 3907 3146 3908 3208 3908 3209 3908 3209 3909 3208 3909 3210 3909 3209 3910 3210 3910 3211 3910 3211 3911 3210 3911 3212 3911 3211 3912 3212 3912 3213 3912 3213 3913 3212 3913 3214 3913 3213 3914 3214 3914 3215 3914 3215 3915 3214 3915 3216 3915 3215 3916 3216 3916 3217 3916 3217 3917 3216 3917 3218 3917 3217 3918 3218 3918 3219 3918 3219 3919 3218 3919 3220 3919 3219 3920 3220 3920 3221 3920 3221 3921 3220 3921 3222 3921 3221 3922 3222 3922 3223 3922 3223 3923 3222 3923 3224 3923 3223 3924 3224 3924 3225 3924 3225 3925 3224 3925 3226 3925 3225 3926 3226 3926 3227 3926 3227 3927 3226 3927 3228 3927 3227 3928 3228 3928 3229 3928 3229 3929 3228 3929 3230 3929 3230 3930 3228 3930 3231 3930 3230 3931 3231 3931 3232 3931 3232 3932 3231 3932 3233 3932 3232 3933 3233 3933 3234 3933 3234 3934 3233 3934 3235 3934 3234 3935 3235 3935 3236 3935 3236 3936 3235 3936 3184 3936 3236 3937 3184 3937 3182 3937 3231 3938 3228 3938 3237 3938 3237 3939 3228 3939 3226 3939 3237 3940 3226 3940 3238 3940 3238 3941 3226 3941 3224 3941 3238 3942 3224 3942 3239 3942 3239 3943 3224 3943 3222 3943 3239 3944 3222 3944 3240 3944 3240 3945 3222 3945 3220 3945 3240 3946 3220 3946 3241 3946 3241 3947 3220 3947 3218 3947 3241 3948 3218 3948 3242 3948 3242 3949 3218 3949 3216 3949 3242 3950 3216 3950 3243 3950 3243 3951 3216 3951 3214 3951 3243 3952 3214 3952 3244 3952 3244 3953 3214 3953 3212 3953 3244 3954 3212 3954 3245 3954 3245 3955 3212 3955 3210 3955 3245 3956 3210 3956 3207 3956 3207 3957 3210 3957 3208 3957 3233 3958 3231 3958 3246 3958 3246 3959 3231 3959 3237 3959 3246 3960 3237 3960 3247 3960 3247 3961 3237 3961 3238 3961 3247 3962 3238 3962 3248 3962 3248 3963 3238 3963 3239 3963 3248 3964 3239 3964 3249 3964 3249 3965 3239 3965 3240 3965 3249 3966 3240 3966 3250 3966 3250 3967 3240 3967 3241 3967 3250 3968 3241 3968 3251 3968 3251 3969 3241 3969 3242 3969 3251 3970 3242 3970 3252 3970 3252 3971 3242 3971 3243 3971 3252 3972 3243 3972 3253 3972 3253 3973 3243 3973 3244 3973 3253 3974 3244 3974 3254 3974 3254 3975 3244 3975 3245 3975 3254 3976 3245 3976 3206 3976 3206 3977 3245 3977 3207 3977 3186 3978 3184 3978 3235 3978 3235 3979 3233 3979 3255 3979 3255 3980 3233 3980 3246 3980 3255 3981 3246 3981 3256 3981 3256 3982 3246 3982 3247 3982 3256 3983 3247 3983 3257 3983 3257 3984 3247 3984 3248 3984 3257 3985 3248 3985 3258 3985 3258 3986 3248 3986 3249 3986 3258 3987 3249 3987 3259 3987 3259 3988 3249 3988 3250 3988 3259 3989 3250 3989 3260 3989 3260 3990 3250 3990 3251 3990 3260 3991 3251 3991 3261 3991 3261 3992 3251 3992 3252 3992 3261 3993 3252 3993 3262 3993 3262 3994 3252 3994 3253 3994 3262 3995 3253 3995 3263 3995 3263 3996 3253 3996 3254 3996 3263 3997 3254 3997 3205 3997 3205 3998 3254 3998 3206 3998 3188 3999 3186 3999 3255 3999 3255 4000 3186 4000 3235 4000 3188 4001 3255 4001 3256 4001 3190 4002 3188 4002 3256 4002 3190 4003 3256 4003 3257 4003 3192 4004 3190 4004 3257 4004 3192 4005 3257 4005 3258 4005 3194 4006 3192 4006 3258 4006 3194 4007 3258 4007 3259 4007 3196 4008 3194 4008 3259 4008 3196 4009 3259 4009 3260 4009 3198 4010 3196 4010 3260 4010 3198 4011 3260 4011 3261 4011 3200 4012 3198 4012 3261 4012 3200 4013 3261 4013 3262 4013 3202 4014 3200 4014 3262 4014 3202 4015 3262 4015 3263 4015 3204 4016 3202 4016 3263 4016 3204 4017 3263 4017 3205 4017 3264 4018 3265 4018 3266 4018 3266 4019 3265 4019 3267 4019 3266 4020 3267 4020 3268 4020 3268 4021 3267 4021 3269 4021 3268 4022 3269 4022 3270 4022 3270 4023 3269 4023 3271 4023 3270 4024 3271 4024 3272 4024 3272 4025 3271 4025 3273 4025 3272 4026 3273 4026 3274 4026 3274 4027 3273 4027 3275 4027 3274 4028 3275 4028 3276 4028 3276 4029 3275 4029 3277 4029 3276 4030 3277 4030 3229 4030 3265 4031 3264 4031 3278 4031 3278 4032 3264 4032 3279 4032 3278 4033 3279 4033 3280 4033 3280 4034 3279 4034 3281 4034 3280 4035 3281 4035 3282 4035 3282 4036 3281 4036 3283 4036 3282 4037 3283 4037 3284 4037 3284 4038 3283 4038 3285 4038 3284 4039 3285 4039 3277 4039 3230 4040 3286 4040 3229 4040 3229 4041 3286 4041 3287 4041 3229 4042 3287 4042 3288 4042 3288 4037 3287 4037 3289 4037 3288 4043 3289 4043 3290 4043 3290 4044 3289 4044 3291 4044 3290 4036 3291 4036 3292 4036 3292 4045 3291 4045 3293 4045 3292 4046 3293 4046 3294 4046 3294 4047 3293 4047 3295 4047 3294 4048 3295 4048 3296 4048 3296 4049 3295 4049 3181 4049 3296 4050 3181 4050 3266 4050 3286 4051 3230 4051 3297 4051 3297 4052 3230 4052 3232 4052 3297 4053 3232 4053 3298 4053 3298 4054 3232 4054 3234 4054 3298 4055 3234 4055 3299 4055 3299 4056 3234 4056 3236 4056 3299 4057 3236 4057 3300 4057 3300 4021 3236 4021 3182 4021 3300 4058 3182 4058 3181 4058 3267 4031 3265 4031 3301 4031 3301 4047 3265 4047 3278 4047 3301 4033 3278 4033 3302 4033 3302 4033 3278 4033 3280 4033 3302 4035 3280 4035 3303 4035 3303 4036 3280 4036 3282 4036 3303 4037 3282 4037 3304 4037 3304 4037 3282 4037 3284 4037 3304 4059 3284 4059 3277 4059 3268 4018 3305 4018 3266 4018 3266 4060 3305 4060 3306 4060 3266 4061 3306 4061 3307 4061 3307 4062 3306 4062 3308 4062 3307 4063 3308 4063 3309 4063 3309 4064 3308 4064 3310 4064 3309 4065 3310 4065 3311 4065 3311 4066 3310 4066 3312 4066 3311 4067 3312 4067 3313 4067 3313 4068 3312 4068 3314 4068 3313 4068 3314 4068 3315 4068 3315 4069 3314 4069 3229 4069 3315 4070 3229 4070 3316 4070 3316 4071 3229 4071 3288 4071 3316 4072 3288 4072 3290 4072 3268 4048 3270 4048 3305 4048 3305 4073 3270 4073 3317 4073 3305 4074 3317 4074 3306 4074 3306 4063 3317 4063 3308 4063 3296 4049 3266 4049 3318 4049 3318 4075 3266 4075 3307 4075 3318 4076 3307 4076 3309 4076 3296 4077 3318 4077 3319 4077 3319 4078 3318 4078 3309 4078 3319 4079 3309 4079 3311 4079 3295 4080 3320 4080 3181 4080 3181 4081 3320 4081 3321 4081 3181 4082 3321 4082 3322 4082 3322 4083 3321 4083 3323 4083 3322 4047 3323 4047 3324 4047 3324 4033 3323 4033 3325 4033 3324 4033 3325 4033 3298 4033 3298 4084 3325 4084 3297 4084 3295 4048 3293 4048 3320 4048 3320 4073 3293 4073 3326 4073 3320 4031 3326 4031 3321 4031 3321 4085 3326 4085 3323 4085 3300 4086 3181 4086 3327 4086 3327 4087 3181 4087 3322 4087 3327 4031 3322 4031 3324 4031 3299 4088 3300 4088 3327 4088 3299 4047 3327 4047 3324 4047 3267 4057 3301 4057 3269 4057 3269 4089 3301 4089 3328 4089 3269 4090 3328 4090 3271 4090 3271 4091 3328 4091 3329 4091 3271 4092 3329 4092 3273 4092 3273 4093 3329 4093 3330 4093 3273 4068 3330 4068 3275 4068 3275 4094 3330 4094 3277 4094 3328 4095 3301 4095 3302 4095 3270 4096 3272 4096 3317 4096 3317 4097 3272 4097 3331 4097 3317 4098 3331 4098 3308 4098 3308 4099 3331 4099 3310 4099 3296 4076 3319 4076 3294 4076 3294 4100 3319 4100 3332 4100 3294 4101 3332 4101 3292 4101 3292 4026 3332 4026 3333 4026 3292 4102 3333 4102 3290 4102 3290 4037 3333 4037 3316 4037 3332 4064 3319 4064 3311 4064 3293 4023 3291 4023 3326 4023 3326 4103 3291 4103 3334 4103 3326 4104 3334 4104 3323 4104 3323 4105 3334 4105 3325 4105 3298 4034 3299 4034 3324 4034 3328 4053 3302 4053 3335 4053 3335 4106 3302 4106 3303 4106 3335 4072 3303 4072 3336 4072 3336 4051 3303 4051 3304 4051 3336 4059 3304 4059 3277 4059 3272 4091 3274 4091 3331 4091 3331 4107 3274 4107 3337 4107 3331 4091 3337 4091 3310 4091 3310 4108 3337 4108 3312 4108 3333 4067 3332 4067 3313 4067 3313 4107 3332 4107 3311 4107 3291 4106 3289 4106 3334 4106 3334 4036 3289 4036 3338 4036 3334 4026 3338 4026 3325 4026 3325 4036 3338 4036 3297 4036 3328 4102 3335 4102 3329 4102 3329 4037 3335 4037 3339 4037 3329 4037 3339 4037 3330 4037 3330 4109 3339 4109 3277 4109 3339 4093 3335 4093 3336 4093 3274 4110 3276 4110 3337 4110 3337 4068 3276 4068 3340 4068 3337 4068 3340 4068 3312 4068 3312 4111 3340 4111 3314 4111 3316 4093 3333 4093 3315 4093 3315 4112 3333 4112 3313 4112 3286 4038 3297 4038 3338 4038 3286 4037 3338 4037 3287 4037 3287 4037 3338 4037 3289 4037 3277 4041 3339 4041 3336 4041 3229 4113 3314 4113 3340 4113 3340 4114 3276 4114 3229 4114 3341 4115 3342 4115 3343 4115 3343 4116 3342 4116 3344 4116 3343 4117 3344 4117 3345 4117 3345 4118 3344 4118 3346 4118 3345 4119 3346 4119 3347 4119 3347 4120 3346 4120 3348 4120 3347 4121 3348 4121 3349 4121 3349 4122 3348 4122 3350 4122 3349 4123 3350 4123 3351 4123 3351 4124 3350 4124 3352 4124 3351 4125 3352 4125 3353 4125 3353 4126 3352 4126 3354 4126 3353 4127 3354 4127 3355 4127 3355 4128 3354 4128 3356 4128 3355 4129 3356 4129 3357 4129 3357 4130 3356 4130 3358 4130 3357 4131 3358 4131 3359 4131 3359 4132 3358 4132 3360 4132 3359 4133 3360 4133 3361 4133 3361 4134 3360 4134 3362 4134 3361 4135 3362 4135 3363 4135 3363 4136 3362 4136 3364 4136 3363 4137 3364 4137 3266 4137 3266 4138 3364 4138 3264 4138 3264 4139 3364 4139 3365 4139 3264 4140 3365 4140 3279 4140 3279 4141 3365 4141 3366 4141 3279 4142 3366 4142 3281 4142 3281 4143 3366 4143 3367 4143 3281 4144 3367 4144 3283 4144 3283 4145 3367 4145 3368 4145 3283 4146 3368 4146 3285 4146 3285 4147 3368 4147 3277 4147 3277 4148 3368 4148 3369 4148 3369 4149 3368 4149 3370 4149 3369 4150 3370 4150 3371 4150 3371 4151 3370 4151 3372 4151 3371 4152 3372 4152 3373 4152 3373 4153 3372 4153 3374 4153 3373 4154 3374 4154 3375 4154 3375 4155 3374 4155 3376 4155 3375 4156 3376 4156 3377 4156 3377 4157 3376 4157 3378 4157 3377 4158 3378 4158 3379 4158 3379 4159 3378 4159 3380 4159 3379 4160 3380 4160 3381 4160 3381 4161 3380 4161 3382 4161 3381 4162 3382 4162 3383 4162 3383 4163 3382 4163 3384 4163 3383 4164 3384 4164 3385 4164 3385 4165 3384 4165 3386 4165 3385 4166 3386 4166 3387 4166 3387 4167 3386 4167 3388 4167 3387 4168 3388 4168 3389 4168 3389 4169 3388 4169 3390 4169 3390 4170 3388 4170 3391 4170 3390 4171 3391 4171 3392 4171 3392 4172 3391 4172 3393 4172 3392 4173 3393 4173 3394 4173 3394 4174 3393 4174 3395 4174 3394 4175 3395 4175 3396 4175 3396 4176 3395 4176 3344 4176 3396 4177 3344 4177 3342 4177 3391 4178 3388 4178 3397 4178 3397 4179 3388 4179 3386 4179 3397 4180 3386 4180 3398 4180 3398 4181 3386 4181 3384 4181 3398 4182 3384 4182 3399 4182 3399 4183 3384 4183 3382 4183 3399 4184 3382 4184 3400 4184 3400 4185 3382 4185 3380 4185 3400 4186 3380 4186 3401 4186 3401 4187 3380 4187 3378 4187 3401 4188 3378 4188 3402 4188 3402 4189 3378 4189 3376 4189 3402 4190 3376 4190 3403 4190 3403 4191 3376 4191 3374 4191 3403 4192 3374 4192 3404 4192 3404 4193 3374 4193 3372 4193 3404 4194 3372 4194 3405 4194 3405 4195 3372 4195 3370 4195 3405 4196 3370 4196 3367 4196 3367 4197 3370 4197 3368 4197 3393 4198 3391 4198 3406 4198 3406 4199 3391 4199 3397 4199 3406 4200 3397 4200 3407 4200 3407 4201 3397 4201 3398 4201 3407 4202 3398 4202 3408 4202 3408 4203 3398 4203 3399 4203 3408 4204 3399 4204 3409 4204 3409 4205 3399 4205 3400 4205 3409 4206 3400 4206 3410 4206 3410 4207 3400 4207 3401 4207 3410 4208 3401 4208 3411 4208 3411 4209 3401 4209 3402 4209 3411 4210 3402 4210 3412 4210 3412 4211 3402 4211 3403 4211 3412 4212 3403 4212 3413 4212 3413 4213 3403 4213 3404 4213 3413 4214 3404 4214 3414 4214 3414 4215 3404 4215 3405 4215 3414 4216 3405 4216 3366 4216 3366 4217 3405 4217 3367 4217 3346 4218 3344 4218 3395 4218 3395 4219 3393 4219 3415 4219 3415 4220 3393 4220 3406 4220 3415 4221 3406 4221 3416 4221 3416 4222 3406 4222 3407 4222 3416 4223 3407 4223 3417 4223 3417 4224 3407 4224 3408 4224 3417 4225 3408 4225 3418 4225 3418 4226 3408 4226 3409 4226 3418 4227 3409 4227 3419 4227 3419 4228 3409 4228 3410 4228 3419 4229 3410 4229 3420 4229 3420 4230 3410 4230 3411 4230 3420 4231 3411 4231 3421 4231 3421 4232 3411 4232 3412 4232 3421 4233 3412 4233 3422 4233 3422 4234 3412 4234 3413 4234 3422 4235 3413 4235 3423 4235 3423 4236 3413 4236 3414 4236 3423 4237 3414 4237 3365 4237 3365 4238 3414 4238 3366 4238 3348 4239 3346 4239 3415 4239 3415 4240 3346 4240 3395 4240 3348 4241 3415 4241 3416 4241 3350 4242 3348 4242 3416 4242 3350 4243 3416 4243 3417 4243 3352 4244 3350 4244 3417 4244 3352 4245 3417 4245 3418 4245 3354 4246 3352 4246 3418 4246 3354 4247 3418 4247 3419 4247 3356 4248 3354 4248 3419 4248 3356 4249 3419 4249 3420 4249 3358 4250 3356 4250 3420 4250 3358 4251 3420 4251 3421 4251 3360 4252 3358 4252 3421 4252 3360 4253 3421 4253 3422 4253 3362 4254 3360 4254 3422 4254 3362 4255 3422 4255 3423 4255 3364 4256 3362 4256 3423 4256 3364 4257 3423 4257 3365 4257 3424 4258 3425 4258 3426 4258 3426 4258 3425 4258 3427 4258 3426 4259 3427 4259 3428 4259 3428 4260 3427 4260 3429 4260 3428 4261 3429 4261 3430 4261 3430 4262 3429 4262 3431 4262 3430 4263 3431 4263 3432 4263 3432 4264 3431 4264 3433 4264 3432 4265 3433 4265 3434 4265 3434 4266 3433 4266 3435 4266 3434 4267 3435 4267 3436 4267 3436 4268 3435 4268 3389 4268 3436 4269 3389 4269 3437 4269 3437 4270 3389 4270 3438 4270 3437 4271 3438 4271 3439 4271 3439 4272 3438 4272 3440 4272 3439 4265 3440 4265 3441 4265 3441 4265 3440 4265 3442 4265 3441 4263 3442 4263 3443 4263 3443 4273 3442 4273 3444 4273 3443 4261 3444 4261 3445 4261 3445 4274 3444 4274 3446 4274 3445 4258 3446 4258 3341 4258 3341 4258 3446 4258 3342 4258 3342 4275 3446 4275 3396 4275 3396 4261 3446 4261 3444 4261 3396 4273 3444 4273 3394 4273 3394 4263 3444 4263 3442 4263 3394 4265 3442 4265 3392 4265 3392 4265 3442 4265 3440 4265 3392 4272 3440 4272 3390 4272 3390 4276 3440 4276 3438 4276 3390 4277 3438 4277 3389 4277 3425 4275 3424 4275 3447 4275 3447 4260 3424 4260 3448 4260 3447 4278 3448 4278 3449 4278 3449 4263 3448 4263 3450 4263 3449 4279 3450 4279 3451 4279 3451 4280 3450 4280 3452 4280 3451 4281 3452 4281 3453 4281 3453 4281 3452 4281 3454 4281 3453 4270 3454 4270 3455 4270 3389 4282 3456 4282 3455 4282 3455 4283 3456 4283 3457 4283 3455 4284 3457 4284 3458 4284 3458 4271 3457 4271 3459 4271 3458 4285 3459 4285 3460 4285 3460 4286 3459 4286 3461 4286 3460 4265 3461 4265 3449 4265 3449 4263 3461 4263 3447 4263 3426 4287 3462 4287 3341 4287 3341 4288 3462 4288 3463 4288 3341 4289 3463 4289 3464 4289 3464 4290 3463 4290 3465 4290 3464 4291 3465 4291 3443 4291 3443 4273 3465 4273 3441 4273 3427 4274 3425 4274 3466 4274 3466 4261 3425 4261 3447 4261 3466 4273 3447 4273 3461 4273 3462 4292 3426 4292 3467 4292 3467 4293 3426 4293 3428 4293 3467 4294 3428 4294 3430 4294 3462 4295 3467 4295 3468 4295 3468 4261 3467 4261 3430 4261 3468 4273 3430 4273 3432 4273 3445 4296 3341 4296 3464 4296 3463 4294 3462 4294 3469 4294 3469 4297 3462 4297 3468 4297 3469 4262 3468 4262 3470 4262 3470 1178 3468 1178 3432 1178 3470 4298 3432 4298 3434 4298 3443 4274 3445 4274 3464 4274 3427 4260 3466 4260 3429 4260 3429 4299 3466 4299 3471 4299 3429 4263 3471 4263 3431 4263 3431 4265 3471 4265 3472 4265 3431 4300 3472 4300 3433 4300 3433 4266 3472 4266 3456 4266 3433 4301 3456 4301 3435 4301 3435 4302 3456 4302 3389 4302 3471 4303 3466 4303 3461 4303 3463 4275 3469 4275 3465 4275 3465 4278 3469 4278 3473 4278 3465 4304 3473 4304 3441 4304 3441 4265 3473 4265 3439 4265 3473 4304 3469 4304 3470 4304 3460 4265 3449 4265 3451 4265 3472 4265 3471 4265 3459 4265 3459 4286 3471 4286 3461 4286 3473 4279 3470 4279 3474 4279 3474 4305 3470 4305 3434 4305 3474 4267 3434 4267 3436 4267 3460 4266 3451 4266 3475 4266 3475 4271 3451 4271 3453 4271 3475 4277 3453 4277 3455 4277 3456 4271 3472 4271 3457 4271 3457 4306 3472 4306 3459 4306 3437 4266 3439 4266 3474 4266 3474 4298 3439 4298 3473 4298 3437 4271 3474 4271 3436 4271 3455 4307 3458 4307 3475 4307 3475 4308 3458 4308 3460 4308 3476 4309 3477 4309 3478 4309 3478 4310 3477 4310 3479 4310 3478 4311 3479 4311 3480 4311 3480 4312 3479 4312 3481 4312 3480 4313 3481 4313 3482 4313 3482 4314 3481 4314 3483 4314 3482 4315 3483 4315 3484 4315 3484 4316 3483 4316 3485 4316 3484 4317 3485 4317 3486 4317 3486 4318 3485 4318 3487 4318 3486 4319 3487 4319 3488 4319 3488 4320 3487 4320 3489 4320 3488 4321 3489 4321 3490 4321 3490 4322 3489 4322 3491 4322 3490 4323 3491 4323 3492 4323 3492 4324 3491 4324 3493 4324 3492 4325 3493 4325 3494 4325 3494 4326 3493 4326 3495 4326 3494 4327 3495 4327 3496 4327 3496 4328 3495 4328 3497 4328 3496 4329 3497 4329 3498 4329 3498 4330 3497 4330 3499 4330 3498 4331 3499 4331 3426 4331 3426 4332 3499 4332 3424 4332 3424 4333 3499 4333 3500 4333 3424 4334 3500 4334 3448 4334 3448 4335 3500 4335 3501 4335 3448 4336 3501 4336 3450 4336 3450 4337 3501 4337 3502 4337 3450 4338 3502 4338 3452 4338 3452 4339 3502 4339 3503 4339 3452 4340 3503 4340 3454 4340 3454 4341 3503 4341 3455 4341 3455 4342 3503 4342 3504 4342 3504 4343 3503 4343 3505 4343 3504 4344 3505 4344 3506 4344 3506 4345 3505 4345 3507 4345 3506 4346 3507 4346 3508 4346 3508 4347 3507 4347 3509 4347 3508 4348 3509 4348 3510 4348 3510 4349 3509 4349 3511 4349 3510 4350 3511 4350 3512 4350 3512 4351 3511 4351 3513 4351 3512 4352 3513 4352 3514 4352 3514 4353 3513 4353 3515 4353 3514 4354 3515 4354 3516 4354 3516 4355 3515 4355 3517 4355 3516 4356 3517 4356 3518 4356 3518 4357 3517 4357 3519 4357 3518 4358 3519 4358 3520 4358 3520 4359 3519 4359 3521 4359 3520 4360 3521 4360 3522 4360 3522 4361 3521 4361 3523 4361 3522 4362 3523 4362 3524 4362 3524 4363 3523 4363 3525 4363 3525 4364 3523 4364 3526 4364 3525 4365 3526 4365 3527 4365 3527 4366 3526 4366 3528 4366 3527 4367 3528 4367 3529 4367 3529 4368 3528 4368 3530 4368 3529 4369 3530 4369 3531 4369 3531 4370 3530 4370 3479 4370 3531 4371 3479 4371 3477 4371 3526 4372 3523 4372 3532 4372 3532 4373 3523 4373 3521 4373 3532 4374 3521 4374 3533 4374 3533 4375 3521 4375 3519 4375 3533 4376 3519 4376 3534 4376 3534 4377 3519 4377 3517 4377 3534 4378 3517 4378 3535 4378 3535 4379 3517 4379 3515 4379 3535 4380 3515 4380 3536 4380 3536 4381 3515 4381 3513 4381 3536 4382 3513 4382 3537 4382 3537 4383 3513 4383 3511 4383 3537 4384 3511 4384 3538 4384 3538 4385 3511 4385 3509 4385 3538 4386 3509 4386 3539 4386 3539 4387 3509 4387 3507 4387 3539 4388 3507 4388 3540 4388 3540 4389 3507 4389 3505 4389 3540 4390 3505 4390 3502 4390 3502 4391 3505 4391 3503 4391 3528 4392 3526 4392 3541 4392 3541 4393 3526 4393 3532 4393 3541 4394 3532 4394 3542 4394 3542 4395 3532 4395 3533 4395 3542 4396 3533 4396 3543 4396 3543 4397 3533 4397 3534 4397 3543 4398 3534 4398 3544 4398 3544 4399 3534 4399 3535 4399 3544 4400 3535 4400 3545 4400 3545 4401 3535 4401 3536 4401 3545 4402 3536 4402 3546 4402 3546 4403 3536 4403 3537 4403 3546 4404 3537 4404 3547 4404 3547 4405 3537 4405 3538 4405 3547 4406 3538 4406 3548 4406 3548 4407 3538 4407 3539 4407 3548 4408 3539 4408 3549 4408 3549 4409 3539 4409 3540 4409 3549 4410 3540 4410 3501 4410 3501 4411 3540 4411 3502 4411 3481 4412 3479 4412 3530 4412 3530 4413 3528 4413 3550 4413 3550 4414 3528 4414 3541 4414 3550 4415 3541 4415 3551 4415 3551 4416 3541 4416 3542 4416 3551 4417 3542 4417 3552 4417 3552 4418 3542 4418 3543 4418 3552 4419 3543 4419 3553 4419 3553 4420 3543 4420 3544 4420 3553 4421 3544 4421 3554 4421 3554 4422 3544 4422 3545 4422 3554 4423 3545 4423 3555 4423 3555 4424 3545 4424 3546 4424 3555 4425 3546 4425 3556 4425 3556 4426 3546 4426 3547 4426 3556 4427 3547 4427 3557 4427 3557 4428 3547 4428 3548 4428 3557 4429 3548 4429 3558 4429 3558 4430 3548 4430 3549 4430 3558 4431 3549 4431 3500 4431 3500 4432 3549 4432 3501 4432 3483 4433 3481 4433 3550 4433 3550 4434 3481 4434 3530 4434 3483 4435 3550 4435 3551 4435 3485 4436 3483 4436 3551 4436 3485 4437 3551 4437 3552 4437 3487 4438 3485 4438 3552 4438 3487 4439 3552 4439 3553 4439 3489 4440 3487 4440 3553 4440 3489 4441 3553 4441 3554 4441 3491 4442 3489 4442 3554 4442 3491 4443 3554 4443 3555 4443 3493 4444 3491 4444 3555 4444 3493 4445 3555 4445 3556 4445 3495 4446 3493 4446 3556 4446 3495 4447 3556 4447 3557 4447 3497 4448 3495 4448 3557 4448 3497 4449 3557 4449 3558 4449 3499 4450 3497 4450 3558 4450 3499 4451 3558 4451 3500 4451 3559 4452 3560 4452 3561 4452 3561 4453 3560 4453 3562 4453 3561 4454 3562 4454 3563 4454 3563 4455 3562 4455 3564 4455 3563 4456 3564 4456 3565 4456 3565 4457 3564 4457 3566 4457 3565 4458 3566 4458 3567 4458 3567 4459 3566 4459 3568 4459 3567 4460 3568 4460 3569 4460 3569 4461 3568 4461 3570 4461 3569 4462 3570 4462 3571 4462 3571 4463 3570 4463 3572 4463 3571 4464 3572 4464 3524 4464 3560 4465 3559 4465 3573 4465 3573 4466 3559 4466 3574 4466 3573 4467 3574 4467 3575 4467 3575 4457 3574 4457 3576 4457 3575 4468 3576 4468 3577 4468 3577 4469 3576 4469 3578 4469 3577 4470 3578 4470 3579 4470 3579 4471 3578 4471 3580 4471 3579 4472 3580 4472 3572 4472 3525 4473 3581 4473 3524 4473 3524 4474 3581 4474 3582 4474 3524 4475 3582 4475 3583 4475 3583 4476 3582 4476 3584 4476 3583 4477 3584 4477 3585 4477 3585 4478 3584 4478 3586 4478 3585 4479 3586 4479 3587 4479 3587 4480 3586 4480 3588 4480 3587 4481 3588 4481 3589 4481 3589 4482 3588 4482 3590 4482 3589 4483 3590 4483 3591 4483 3591 4484 3590 4484 3476 4484 3591 4485 3476 4485 3561 4485 3581 4486 3525 4486 3592 4486 3592 4487 3525 4487 3527 4487 3592 914 3527 914 3593 914 3593 4488 3527 4488 3529 4488 3593 4489 3529 4489 3594 4489 3594 4490 3529 4490 3531 4490 3594 4455 3531 4455 3595 4455 3595 4491 3531 4491 3477 4491 3595 4492 3477 4492 3476 4492 3562 4493 3560 4493 3596 4493 3596 4494 3560 4494 3573 4494 3596 4495 3573 4495 3597 4495 3597 4496 3573 4496 3575 4496 3597 4488 3575 4488 3598 4488 3598 4497 3575 4497 3577 4497 3598 4498 3577 4498 3599 4498 3599 4499 3577 4499 3579 4499 3599 4500 3579 4500 3572 4500 3563 4501 3600 4501 3561 4501 3561 4502 3600 4502 3601 4502 3561 4503 3601 4503 3602 4503 3602 4493 3601 4493 3603 4493 3602 4504 3603 4504 3604 4504 3604 4505 3603 4505 3605 4505 3604 4506 3605 4506 3606 4506 3606 4507 3605 4507 3607 4507 3606 4508 3607 4508 3608 4508 3608 4509 3607 4509 3609 4509 3608 4510 3609 4510 3610 4510 3610 4511 3609 4511 3524 4511 3610 4512 3524 4512 3611 4512 3611 4513 3524 4513 3583 4513 3611 4486 3583 4486 3585 4486 3563 4514 3565 4514 3600 4514 3600 4455 3565 4455 3612 4455 3600 4515 3612 4515 3601 4515 3601 4504 3612 4504 3603 4504 3591 4516 3561 4516 3613 4516 3613 4516 3561 4516 3602 4516 3613 4517 3602 4517 3604 4517 3591 4518 3613 4518 3614 4518 3614 4519 3613 4519 3604 4519 3614 4506 3604 4506 3606 4506 3590 4520 3615 4520 3476 4520 3476 4521 3615 4521 3616 4521 3476 4492 3616 4492 3617 4492 3617 4522 3616 4522 3618 4522 3617 4466 3618 4466 3619 4466 3619 4523 3618 4523 3620 4523 3619 4489 3620 4489 3593 4489 3593 4488 3620 4488 3592 4488 3590 4483 3588 4483 3615 4483 3615 4524 3588 4524 3621 4524 3615 4515 3621 4515 3616 4515 3616 4504 3621 4504 3618 4504 3595 4525 3476 4525 3622 4525 3622 4526 3476 4526 3617 4526 3622 4465 3617 4465 3619 4465 3594 4455 3595 4455 3622 4455 3594 4455 3622 4455 3619 4455 3562 4455 3596 4455 3564 4455 3564 4527 3596 4527 3623 4527 3564 4528 3623 4528 3566 4528 3566 4529 3623 4529 3624 4529 3566 914 3624 914 3568 914 3568 4477 3624 4477 3625 4477 3568 4530 3625 4530 3570 4530 3570 4531 3625 4531 3572 4531 3623 4489 3596 4489 3597 4489 3565 4480 3567 4480 3612 4480 3612 4481 3567 4481 3626 4481 3612 4506 3626 4506 3603 4506 3603 4532 3626 4532 3605 4532 3591 4533 3614 4533 3589 4533 3589 4534 3614 4534 3627 4534 3589 4534 3627 4534 3587 4534 3587 4535 3627 4535 3628 4535 3587 4536 3628 4536 3585 4536 3585 4498 3628 4498 3611 4498 3627 4505 3614 4505 3606 4505 3588 4458 3586 4458 3621 4458 3621 4458 3586 4458 3629 4458 3621 4527 3629 4527 3618 4527 3618 4537 3629 4537 3620 4537 3593 4458 3594 4458 3619 4458 3623 4488 3597 4488 3630 4488 3630 4460 3597 4460 3598 4460 3630 4538 3598 4538 3631 4538 3631 4539 3598 4539 3599 4539 3631 4540 3599 4540 3572 4540 3567 4541 3569 4541 3626 4541 3626 4542 3569 4542 3632 4542 3626 4541 3632 4541 3605 4541 3605 4543 3632 4543 3607 4543 3628 4478 3627 4478 3608 4478 3608 4541 3627 4541 3606 4541 3586 4459 3584 4459 3629 4459 3629 4544 3584 4544 3633 4544 3629 4468 3633 4468 3620 4468 3620 4545 3633 4545 3592 4545 3623 4546 3630 4546 3624 4546 3624 4547 3630 4547 3634 4547 3624 4486 3634 4486 3625 4486 3625 4548 3634 4548 3572 4548 3634 4476 3630 4476 3631 4476 3569 4549 3571 4549 3632 4549 3632 4550 3571 4550 3635 4550 3632 4551 3635 4551 3607 4551 3607 4552 3635 4552 3609 4552 3611 4553 3628 4553 3610 4553 3610 4551 3628 4551 3608 4551 3581 4538 3592 4538 3633 4538 3581 4539 3633 4539 3582 4539 3582 4470 3633 4470 3584 4470 3572 4554 3634 4554 3631 4554 3524 4555 3609 4555 3635 4555 3635 4463 3571 4463 3524 4463 3160 4556 3159 4556 3636 4556 3636 4557 3159 4557 3637 4557 3636 4558 3637 4558 3638 4558 3638 4559 3637 4559 3639 4559 3638 4560 3639 4560 3640 4560 3640 4561 3639 4561 3641 4561 3640 4562 3641 4562 3642 4562 3642 4563 3641 4563 3643 4563 3642 4564 3643 4564 3644 4564 3644 4565 3643 4565 3645 4565 3644 4566 3645 4566 3646 4566 3646 4567 3645 4567 3647 4567 3646 4568 3647 4568 3648 4568 3648 4569 3647 4569 3649 4569 3648 4570 3649 4570 3650 4570 3650 4571 3649 4571 3651 4571 3650 4572 3651 4572 3652 4572 3652 4573 3651 4573 3653 4573 3652 4574 3653 4574 3654 4574 3654 4575 3653 4575 3655 4575 3654 4576 3655 4576 3656 4576 3656 4577 3655 4577 3657 4577 3656 4578 3657 4578 3561 4578 3561 4579 3657 4579 3559 4579 3559 4580 3657 4580 3658 4580 3559 4581 3658 4581 3574 4581 3574 4582 3658 4582 3659 4582 3574 4583 3659 4583 3576 4583 3576 4584 3659 4584 3660 4584 3576 4585 3660 4585 3578 4585 3578 4586 3660 4586 3661 4586 3578 4587 3661 4587 3580 4587 3580 4588 3661 4588 3572 4588 3572 4589 3661 4589 3662 4589 3662 4590 3661 4590 3663 4590 3662 4591 3663 4591 3664 4591 3664 4592 3663 4592 3665 4592 3664 4593 3665 4593 3666 4593 3666 4594 3665 4594 3667 4594 3666 4595 3667 4595 3668 4595 3668 4596 3667 4596 3669 4596 3668 4597 3669 4597 3670 4597 3670 4598 3669 4598 3671 4598 3670 4599 3671 4599 3672 4599 3672 4600 3671 4600 3673 4600 3672 4601 3673 4601 3674 4601 3674 4602 3673 4602 3675 4602 3674 4603 3675 4603 3676 4603 3676 4604 3675 4604 3677 4604 3676 4605 3677 4605 3678 4605 3678 4606 3677 4606 3679 4606 3678 4607 3679 4607 3680 4607 3680 4608 3679 4608 3681 4608 3680 4609 3681 4609 3124 4609 3124 4610 3681 4610 3122 4610 3122 4611 3681 4611 3682 4611 3122 4612 3682 4612 3153 4612 3153 4613 3682 4613 3683 4613 3153 4614 3683 4614 3155 4614 3155 4615 3683 4615 3684 4615 3155 4616 3684 4616 3157 4616 3157 4617 3684 4617 3637 4617 3157 4618 3637 4618 3159 4618 3682 4619 3681 4619 3685 4619 3685 4620 3681 4620 3679 4620 3685 4621 3679 4621 3686 4621 3686 4622 3679 4622 3677 4622 3686 4623 3677 4623 3687 4623 3687 4624 3677 4624 3675 4624 3687 4625 3675 4625 3688 4625 3688 4626 3675 4626 3673 4626 3688 4627 3673 4627 3689 4627 3689 4628 3673 4628 3671 4628 3689 4629 3671 4629 3690 4629 3690 4630 3671 4630 3669 4630 3690 4631 3669 4631 3691 4631 3691 4632 3669 4632 3667 4632 3691 4633 3667 4633 3692 4633 3692 4634 3667 4634 3665 4634 3692 4635 3665 4635 3693 4635 3693 4636 3665 4636 3663 4636 3693 4637 3663 4637 3660 4637 3660 4638 3663 4638 3661 4638 3683 4639 3682 4639 3694 4639 3694 4640 3682 4640 3685 4640 3694 4641 3685 4641 3695 4641 3695 4642 3685 4642 3686 4642 3695 4643 3686 4643 3696 4643 3696 4644 3686 4644 3687 4644 3696 4645 3687 4645 3697 4645 3697 4646 3687 4646 3688 4646 3697 4647 3688 4647 3698 4647 3698 4648 3688 4648 3689 4648 3698 4649 3689 4649 3699 4649 3699 4650 3689 4650 3690 4650 3699 4651 3690 4651 3700 4651 3700 4652 3690 4652 3691 4652 3700 4653 3691 4653 3701 4653 3701 4654 3691 4654 3692 4654 3701 4655 3692 4655 3702 4655 3702 4656 3692 4656 3693 4656 3702 4657 3693 4657 3659 4657 3659 4658 3693 4658 3660 4658 3639 4659 3637 4659 3684 4659 3684 4660 3683 4660 3703 4660 3703 4661 3683 4661 3694 4661 3703 4662 3694 4662 3704 4662 3704 4663 3694 4663 3695 4663 3704 4664 3695 4664 3705 4664 3705 4665 3695 4665 3696 4665 3705 4666 3696 4666 3706 4666 3706 4667 3696 4667 3697 4667 3706 4668 3697 4668 3707 4668 3707 4669 3697 4669 3698 4669 3707 4670 3698 4670 3708 4670 3708 4671 3698 4671 3699 4671 3708 4672 3699 4672 3709 4672 3709 4673 3699 4673 3700 4673 3709 4674 3700 4674 3710 4674 3710 4675 3700 4675 3701 4675 3710 4676 3701 4676 3711 4676 3711 4677 3701 4677 3702 4677 3711 4678 3702 4678 3658 4678 3658 4679 3702 4679 3659 4679 3641 4680 3639 4680 3703 4680 3703 4681 3639 4681 3684 4681 3641 4682 3703 4682 3704 4682 3643 4683 3641 4683 3704 4683 3643 4684 3704 4684 3705 4684 3645 4685 3643 4685 3705 4685 3645 4686 3705 4686 3706 4686 3647 4687 3645 4687 3706 4687 3647 4688 3706 4688 3707 4688 3649 4689 3647 4689 3707 4689 3649 4690 3707 4690 3708 4690 3651 4691 3649 4691 3708 4691 3651 4692 3708 4692 3709 4692 3653 4693 3651 4693 3709 4693 3653 4694 3709 4694 3710 4694 3655 4695 3653 4695 3710 4695 3655 4696 3710 4696 3711 4696 3657 4697 3655 4697 3711 4697 3657 4698 3711 4698 3658 4698 3712 4699 3341 4699 3713 4699 3713 4700 3341 4700 3343 4700 3713 4701 3343 4701 3714 4701 3714 4702 3343 4702 3345 4702 3714 4703 3345 4703 3715 4703 3715 4704 3345 4704 3347 4704 3715 4705 3347 4705 3716 4705 3716 4706 3347 4706 3349 4706 3716 4707 3349 4707 3717 4707 3717 4708 3349 4708 3351 4708 3717 4709 3351 4709 3718 4709 3718 4709 3351 4709 3353 4709 3718 4710 3353 4710 3719 4710 3719 4710 3353 4710 3355 4710 3719 4711 3355 4711 3720 4711 3720 4712 3355 4712 3357 4712 3720 4713 3357 4713 3721 4713 3721 4714 3357 4714 3359 4714 3721 4715 3359 4715 3722 4715 3722 4715 3359 4715 3361 4715 3722 4716 3361 4716 3723 4716 3723 4716 3361 4716 3363 4716 3723 4717 3363 4717 3266 4717 3266 4718 3724 4718 3723 4718 3723 4719 3724 4719 3725 4719 3723 4720 3725 4720 3722 4720 3722 4721 3725 4721 3726 4721 3722 4722 3726 4722 3721 4722 3721 4723 3726 4723 3727 4723 3721 4724 3727 4724 3720 4724 3720 4725 3727 4725 3728 4725 3720 4711 3728 4711 3719 4711 3719 4726 3728 4726 3729 4726 3719 4727 3729 4727 3718 4727 3718 4728 3729 4728 3730 4728 3718 4729 3730 4729 3717 4729 3717 4730 3730 4730 3731 4730 3717 4731 3731 4731 3716 4731 3716 4732 3731 4732 3732 4732 3716 4733 3732 4733 3715 4733 3715 4705 3732 4705 3733 4705 3715 4704 3733 4704 3714 4704 3714 4734 3733 4734 3734 4734 3714 4735 3734 4735 3713 4735 3713 4736 3734 4736 3735 4736 3713 4737 3735 4737 3712 4737 3181 4738 3736 4738 3266 4738 3266 4739 3736 4739 3737 4739 3266 4740 3737 4740 3738 4740 3739 132 3740 132 3181 132 3181 4741 3740 4741 3741 4741 3181 4742 3741 4742 3742 4742 3739 4743 3744 4743 3745 4743 3739 4744 3745 4744 3746 4744 3746 132 3747 132 3739 132 3739 4745 3747 4745 3748 4745 3739 4746 3748 4746 3749 4746 3749 4747 3750 4747 3739 4747 3739 4748 3750 4748 3751 4748 3739 4749 3751 4749 3752 4749 3752 132 3740 132 3739 132 3742 4750 3753 4750 3181 4750 3181 4751 3753 4751 3754 4751 3181 4752 3754 4752 3755 4752 3755 4753 3756 4753 3181 4753 3181 4754 3756 4754 3757 4754 3181 4755 3757 4755 3758 4755 3758 132 3759 132 3181 132 3181 4756 3759 4756 3760 4756 3181 4757 3760 4757 3761 4757 3761 4758 3762 4758 3181 4758 3181 4759 3762 4759 3736 4759 3738 132 3763 132 3266 132 3266 4760 3763 4760 3764 4760 3266 4761 3764 4761 3765 4761 3765 4762 3766 4762 3266 4762 3266 4763 3766 4763 3767 4763 3266 4764 3767 4764 3768 4764 3768 132 3769 132 3266 132 3266 4765 3769 4765 3770 4765 3266 4766 3770 4766 3771 4766 3771 4767 3772 4767 3266 4767 3266 132 3772 132 3724 132 3724 4768 3772 4768 3773 4768 3724 4769 3773 4769 3774 4769 3774 132 3775 132 3724 132 3724 4770 3775 4770 3776 4770 3724 4771 3776 4771 3777 4771 3777 4772 3778 4772 3724 4772 3724 4773 3778 4773 3779 4773 3724 4774 3779 4774 3780 4774 3780 4775 3781 4775 3724 4775 3739 4776 3181 4776 3783 4776 3783 4777 3181 4777 3183 4777 3783 4778 3183 4778 3784 4778 3784 4778 3183 4778 3185 4778 3784 4779 3185 4779 3785 4779 3785 4780 3185 4780 3187 4780 3785 4781 3187 4781 3786 4781 3786 4782 3187 4782 3189 4782 3786 4783 3189 4783 3787 4783 3787 4784 3189 4784 3191 4784 3787 4785 3191 4785 3788 4785 3788 4786 3191 4786 3193 4786 3788 4787 3193 4787 3789 4787 3789 4788 3193 4788 3195 4788 3789 4789 3195 4789 3790 4789 3790 4790 3195 4790 3197 4790 3790 4791 3197 4791 3791 4791 3791 4792 3197 4792 3199 4792 3791 4793 3199 4793 3792 4793 3792 4794 3199 4794 3201 4794 3792 4795 3201 4795 3793 4795 3793 4796 3201 4796 3203 4796 3793 4797 3203 4797 3135 4797 3135 4798 3794 4798 3793 4798 3793 4798 3794 4798 3795 4798 3793 4799 3795 4799 3792 4799 3792 4800 3795 4800 3796 4800 3792 4801 3796 4801 3791 4801 3791 4801 3796 4801 3797 4801 3791 4802 3797 4802 3790 4802 3790 4803 3797 4803 3798 4803 3790 4804 3798 4804 3789 4804 3789 4805 3798 4805 3799 4805 3789 4806 3799 4806 3788 4806 3788 4806 3799 4806 3800 4806 3788 4807 3800 4807 3787 4807 3787 4808 3800 4808 3801 4808 3787 4809 3801 4809 3786 4809 3786 4810 3801 4810 3802 4810 3786 4811 3802 4811 3785 4811 3785 4812 3802 4812 3803 4812 3785 4813 3803 4813 3784 4813 3784 4814 3803 4814 3804 4814 3784 4815 3804 4815 3783 4815 3783 4815 3804 4815 3805 4815 3783 4816 3805 4816 3739 4816 3160 54 3806 54 3135 54 3135 54 3806 54 3807 54 3135 4817 3807 4817 3808 4817 3809 4818 3810 4818 3160 4818 3160 4819 3810 4819 3811 4819 3160 4820 3811 4820 3812 4820 3794 54 3813 54 3809 54 3809 54 3813 54 3814 54 3809 4821 3814 4821 3810 4821 3135 4822 3815 4822 3794 4822 3794 4823 3815 4823 3816 4823 3794 54 3816 54 3813 54 3839 54 3840 54 3160 54 3160 54 3840 54 3841 54 3160 4824 3841 4824 3842 4824 3842 54 3843 54 3160 54 3160 4825 3843 4825 3844 4825 3160 4826 3844 4826 3845 4826 3845 54 3846 54 3160 54 3160 54 3846 54 3806 54 3812 54 3869 54 3160 54 3160 4827 3869 4827 3839 4827 3808 54 3870 54 3135 54 3135 4828 3870 4828 3871 4828 3135 4829 3871 4829 3872 4829 3872 4830 3873 4830 3135 4830 3135 54 3873 54 3874 54 3135 4831 3874 4831 3875 4831 3875 4832 3876 4832 3135 4832 3135 4833 3876 4833 3877 4833 3135 4834 3877 4834 3878 4834 3878 54 3815 54 3135 54 3146 1812 3389 1812 3124 1812 3124 1812 3389 1812 3455 1812 3124 1812 3455 1812 3572 1812 3572 1812 3455 1812 3524 1812 3524 4835 3455 4835 3504 4835 3524 4836 3504 4836 3506 4836 3209 1812 3229 1812 3146 1812 3146 1812 3229 1812 3277 1812 3146 1812 3277 1812 3389 1812 3389 1812 3277 1812 3387 1812 3387 1812 3277 1812 3385 1812 3385 1812 3277 1812 3383 1812 3383 1812 3277 1812 3381 1812 3381 1812 3277 1812 3379 1812 3379 4837 3277 4837 3377 4837 3377 4838 3277 4838 3375 4838 3375 4839 3277 4839 3373 4839 3373 4840 3277 4840 3371 4840 3371 4841 3277 4841 3369 4841 3209 1812 3211 1812 3229 1812 3229 4842 3211 4842 3213 4842 3229 4843 3213 4843 3215 4843 3215 1812 3217 1812 3229 1812 3229 4844 3217 4844 3219 4844 3229 4845 3219 4845 3221 4845 3221 4846 3223 4846 3229 4846 3229 4847 3223 4847 3225 4847 3229 1812 3225 1812 3227 1812 3506 4848 3508 4848 3524 4848 3524 4849 3508 4849 3510 4849 3524 1812 3510 1812 3512 1812 3512 1812 3514 1812 3524 1812 3524 4850 3514 4850 3516 4850 3524 1812 3516 1812 3518 1812 3518 4851 3520 4851 3524 4851 3524 1812 3520 1812 3522 1812 3662 4852 3664 4852 3572 4852 3572 4853 3664 4853 3666 4853 3572 1812 3666 1812 3668 1812 3668 1812 3670 1812 3572 1812 3572 1812 3670 1812 3672 1812 3572 1812 3672 1812 3674 1812 3674 1812 3676 1812 3572 1812 3572 4854 3676 4854 3678 4854 3572 4855 3678 4855 3680 4855 3680 1812 3124 1812 3572 1812 3476 4856 4306 4856 3561 4856 3561 4857 4306 4857 4304 4857 3561 4858 4304 4858 4302 4858 4353 107 4332 107 3476 107 3476 4859 4332 4859 4330 4859 3476 4860 4330 4860 4328 4860 4353 4861 4350 4861 4348 4861 4353 4862 4348 4862 4346 4862 4346 107 4344 107 4353 107 4353 4863 4344 4863 4342 4863 4353 4864 4342 4864 4340 4864 4340 4865 4338 4865 4353 4865 4353 4866 4338 4866 4336 4866 4353 4867 4336 4867 4334 4867 4334 4868 4332 4868 4353 4868 4328 4869 4326 4869 3476 4869 3476 4870 4326 4870 4324 4870 3476 4871 4324 4871 4322 4871 4322 107 4320 107 3476 107 3476 4872 4320 4872 4318 4872 3476 4873 4318 4873 4316 4873 4316 107 4314 107 3476 107 3476 4874 4314 4874 4312 4874 3476 4875 4312 4875 4310 4875 4310 4876 4308 4876 3476 4876 3476 4877 4308 4877 4306 4877 4302 4878 4300 4878 3561 4878 3561 4879 4300 4879 4298 4879 3561 4880 4298 4880 4296 4880 4296 4881 4294 4881 3561 4881 3561 4882 4294 4882 4292 4882 3561 4883 4292 4883 4290 4883 4290 107 4288 107 3561 107 3561 4884 4288 4884 4286 4884 3561 4885 4286 4885 4284 4885 4284 107 4282 107 3561 107 3561 107 4282 107 4354 107 4354 4886 4282 4886 4280 4886 4354 4887 4280 4887 4278 4887 4278 4888 4276 4888 4354 4888 4354 4889 4276 4889 4274 4889 4354 4890 4274 4890 4272 4890 4272 4891 4270 4891 4354 4891 4354 4892 4270 4892 4268 4892 4354 4893 4268 4893 4266 4893 4266 107 4264 107 4354 107 3809 4894 3160 4894 4355 4894 4355 4895 3160 4895 3636 4895 4355 4896 3636 4896 4356 4896 4356 4897 3636 4897 3638 4897 4356 4898 3638 4898 4357 4898 4357 4899 3638 4899 3640 4899 4357 4900 3640 4900 4358 4900 4358 4901 3640 4901 3642 4901 4358 4902 3642 4902 4359 4902 4359 4902 3642 4902 3644 4902 4359 4903 3644 4903 4360 4903 4360 4904 3644 4904 3646 4904 4360 4905 3646 4905 4361 4905 4361 4906 3646 4906 3648 4906 4361 4907 3648 4907 4362 4907 4362 4908 3648 4908 3650 4908 4362 4909 3650 4909 4363 4909 4363 4910 3650 4910 3652 4910 4363 4911 3652 4911 4364 4911 4364 4912 3652 4912 3654 4912 4364 4913 3654 4913 4365 4913 4365 4913 3654 4913 3656 4913 4365 4914 3656 4914 3561 4914 3561 4915 4354 4915 4365 4915 4365 4916 4354 4916 4366 4916 4365 4917 4366 4917 4364 4917 4364 4917 4366 4917 4367 4917 4364 4918 4367 4918 4363 4918 4363 4919 4367 4919 4368 4919 4363 4920 4368 4920 4362 4920 4362 4921 4368 4921 4369 4921 4362 4908 4369 4908 4361 4908 4361 4922 4369 4922 4370 4922 4361 4923 4370 4923 4360 4923 4360 4924 4370 4924 4371 4924 4360 4925 4371 4925 4359 4925 4359 4925 4371 4925 4372 4925 4359 4926 4372 4926 4358 4926 4358 4927 4372 4927 4373 4927 4358 4928 4373 4928 4357 4928 4357 4929 4373 4929 4374 4929 4357 4930 4374 4930 4356 4930 4356 4930 4374 4930 4375 4930 4356 4931 4375 4931 4355 4931 4355 4932 4375 4932 4376 4932 4355 4933 4376 4933 3809 4933 4353 4934 3476 4934 4377 4934 4377 4935 3476 4935 3478 4935 4377 4936 3478 4936 4378 4936 4378 4936 3478 4936 3480 4936 4378 4937 3480 4937 4379 4937 4379 4938 3480 4938 3482 4938 4379 4939 3482 4939 4380 4939 4380 4940 3482 4940 3484 4940 4380 4941 3484 4941 4381 4941 4381 4942 3484 4942 3486 4942 4381 4943 3486 4943 4382 4943 4382 4944 3486 4944 3488 4944 4382 4945 3488 4945 4383 4945 4383 4945 3488 4945 3490 4945 4383 4946 3490 4946 4384 4946 4384 4947 3490 4947 3492 4947 4384 4948 3492 4948 4385 4948 4385 4949 3492 4949 3494 4949 4385 4950 3494 4950 4386 4950 4386 4951 3494 4951 3496 4951 4386 4952 3496 4952 4387 4952 4387 4953 3496 4953 3498 4953 4387 4954 3498 4954 3426 4954 3426 4955 4388 4955 4387 4955 4387 4956 4388 4956 4389 4956 4387 4957 4389 4957 4386 4957 4386 4958 4389 4958 4390 4958 4386 4959 4390 4959 4385 4959 4385 4960 4390 4960 4391 4960 4385 4961 4391 4961 4384 4961 4384 4962 4391 4962 4392 4962 4384 4963 4392 4963 4383 4963 4383 4964 4392 4964 4393 4964 4383 4965 4393 4965 4382 4965 4382 4966 4393 4966 4394 4966 4382 4967 4394 4967 4381 4967 4381 4968 4394 4968 4395 4968 4381 4969 4395 4969 4380 4969 4380 4942 4395 4942 4396 4942 4380 4970 4396 4970 4379 4970 4379 4971 4396 4971 4397 4971 4379 4972 4397 4972 4378 4972 4378 4973 4397 4973 4398 4973 4378 4974 4398 4974 4377 4974 4377 4975 4398 4975 4399 4975 4377 4976 4399 4976 4353 4976 3426 188 3341 188 4388 188 4388 188 3341 188 3712 188 6314 1812 6310 1812 6315 1812 6315 1812 6310 1812 6312 1812</p>
        </triangles>
        <triangles material="metallic_gray-material" count="7513">
          <input semantic="VERTEX" source="#bcr_bot_logo-mesh-vertices" offset="0"/>
          <input semantic="NORMAL" source="#bcr_bot_logo-mesh-normals" offset="1"/>
          <p>5 4977 117 4977 115 4977 115 132 113 132 5 132 5 132 113 132 111 132 5 4978 111 4978 109 4978 109 4979 107 4979 5 4979 5 4980 107 4980 105 4980 5 4981 105 4981 103 4981 103 132 101 132 5 132 5 132 101 132 99 132 5 4982 99 4982 97 4982 97 132 95 132 5 132 5 132 95 132 93 132 5 4983 93 4983 91 4983 91 4984 89 4984 5 4984 5 4985 89 4985 87 4985 5 4986 87 4986 85 4986 85 132 83 132 5 132 5 4987 83 4987 81 4987 5 4988 81 4988 79 4988 79 4989 77 4989 5 4989 5 4990 77 4990 75 4990 5 4991 75 4991 73 4991 73 132 71 132 5 132 5 4992 71 4992 69 4992 5 4993 69 4993 67 4993 67 4994 65 4994 5 4994 5 4995 65 4995 63 4995 5 132 63 132 61 132 61 132 59 132 5 132 5 4996 59 4996 7 4996 7 4997 59 4997 57 4997 7 4998 57 4998 9 4998 9 4999 57 4999 55 4999 9 5000 55 5000 11 5000 11 5001 55 5001 53 5001 11 132 53 132 13 132 13 5002 53 5002 51 5002 13 5003 51 5003 15 5003 15 5004 51 5004 49 5004 15 132 49 132 17 132 17 5005 49 5005 47 5005 17 132 47 132 19 132 19 5006 47 5006 45 5006 19 5007 45 5007 21 5007 21 5008 45 5008 43 5008 21 5009 43 5009 23 5009 23 5010 43 5010 41 5010 23 5011 41 5011 25 5011 25 5012 41 5012 39 5012 25 5013 39 5013 27 5013 27 5014 39 5014 37 5014 27 132 37 132 29 132 29 5015 37 5015 35 5015 29 132 35 132 31 132 254 5016 255 5016 256 5016 256 5016 255 5016 257 5016 256 5017 257 5017 258 5017 258 5018 257 5018 259 5018 258 5018 259 5018 260 5018 260 5019 259 5019 261 5019 260 5020 261 5020 262 5020 262 5021 261 5021 263 5021 262 5022 263 5022 264 5022 264 5023 263 5023 265 5023 264 5024 265 5024 266 5024 266 5025 265 5025 267 5025 266 5026 267 5026 268 5026 268 5027 267 5027 269 5027 268 5028 269 5028 270 5028 270 5029 269 5029 271 5029 270 5030 271 5030 272 5030 272 5031 271 5031 273 5031 272 5032 273 5032 274 5032 274 5033 273 5033 275 5033 274 5034 275 5034 276 5034 276 5035 275 5035 277 5035 276 5036 277 5036 278 5036 278 5037 277 5037 279 5037 278 5038 279 5038 280 5038 280 5039 279 5039 281 5039 280 5040 281 5040 282 5040 255 5018 254 5018 283 5018 283 5018 254 5018 284 5018 283 5019 284 5019 285 5019 285 5041 284 5041 286 5041 285 5042 286 5042 287 5042 287 5022 286 5022 288 5022 287 5024 288 5024 289 5024 289 5024 288 5024 290 5024 289 5025 290 5025 291 5025 291 5043 290 5043 292 5043 291 5044 292 5044 293 5044 293 5044 292 5044 294 5044 293 5045 294 5045 295 5045 295 5046 294 5046 296 5046 295 5047 296 5047 297 5047 297 5032 296 5032 298 5032 297 5034 298 5034 299 5034 299 5034 298 5034 300 5034 299 5035 300 5035 301 5035 301 5036 300 5036 302 5036 301 5037 302 5037 303 5037 303 5038 302 5038 304 5038 303 5040 304 5040 305 5040 281 5048 306 5048 305 5048 305 5049 306 5049 307 5049 305 5050 307 5050 308 5050 308 5038 307 5038 309 5038 308 5051 309 5051 310 5051 310 5052 309 5052 311 5052 310 5035 311 5035 312 5035 312 5034 311 5034 313 5034 312 5034 313 5034 314 5034 314 5032 313 5032 315 5032 314 5047 315 5047 295 5047 295 5046 315 5046 293 5046 280 5038 282 5038 316 5038 316 5037 282 5037 317 5037 316 5036 317 5036 318 5036 318 5035 317 5035 319 5035 318 5053 319 5053 320 5053 320 5054 319 5054 321 5054 320 5055 321 5055 322 5055 322 5047 321 5047 323 5047 322 5056 323 5056 324 5056 324 5057 323 5057 325 5057 324 5058 325 5058 326 5058 326 5044 325 5044 327 5044 326 5059 327 5059 328 5059 328 5025 327 5025 329 5025 328 5060 329 5060 330 5060 330 5024 329 5024 331 5024 330 5022 331 5022 332 5022 332 5042 331 5042 333 5042 332 5020 333 5020 334 5020 334 5019 333 5019 335 5019 334 5018 335 5018 336 5018 336 5018 335 5018 337 5018 336 5061 337 5061 338 5061 256 5062 339 5062 338 5062 338 5016 339 5016 340 5016 338 5063 340 5063 341 5063 341 5064 340 5064 342 5064 341 5065 342 5065 343 5065 343 5066 342 5066 344 5066 343 5041 344 5041 345 5041 345 5042 344 5042 346 5042 345 5022 346 5022 347 5022 347 5024 346 5024 348 5024 347 5024 348 5024 328 5024 328 5025 348 5025 326 5025 257 5018 255 5018 349 5018 349 5018 255 5018 283 5018 349 5019 283 5019 350 5019 350 5041 283 5041 285 5041 350 5042 285 5042 351 5042 351 5022 285 5022 287 5022 351 5024 287 5024 352 5024 352 5024 287 5024 289 5024 352 5025 289 5025 353 5025 353 5043 289 5043 291 5043 353 5044 291 5044 354 5044 354 5044 291 5044 293 5044 354 5045 293 5045 315 5045 258 5067 355 5067 256 5067 256 5068 355 5068 356 5068 256 5069 356 5069 357 5069 357 5070 356 5070 358 5070 357 5018 358 5018 359 5018 359 5071 358 5071 360 5071 359 5072 360 5072 361 5072 361 5073 360 5073 362 5073 361 5074 362 5074 363 5074 363 5024 362 5024 364 5024 363 5075 364 5075 365 5075 365 5076 364 5076 366 5076 365 5077 366 5077 367 5077 367 5078 366 5078 368 5078 367 5044 368 5044 369 5044 369 5045 368 5045 370 5045 369 5046 370 5046 371 5046 371 5047 370 5047 372 5047 371 5032 372 5032 320 5032 320 5034 372 5034 318 5034 258 5018 260 5018 355 5018 355 5079 260 5079 373 5079 355 5080 373 5080 356 5080 356 5081 373 5081 358 5081 339 5082 256 5082 374 5082 374 5083 256 5083 357 5083 374 5084 357 5084 359 5084 339 5085 374 5085 375 5085 375 5085 374 5085 359 5085 375 5086 359 5086 361 5086 340 5084 339 5084 376 5084 376 5018 339 5018 375 5018 376 5071 375 5071 377 5071 377 5041 375 5041 361 5041 377 5073 361 5073 363 5073 341 5087 378 5087 338 5087 338 5017 378 5017 379 5017 338 5016 379 5016 380 5016 380 5018 379 5018 381 5018 380 5018 381 5018 334 5018 334 5019 381 5019 332 5019 341 5088 343 5088 378 5088 378 5018 343 5018 382 5018 378 5018 382 5018 379 5018 379 5089 382 5089 381 5089 336 5061 338 5061 380 5061 334 5018 336 5018 380 5018 257 5018 349 5018 259 5018 259 5066 349 5066 383 5066 259 5041 383 5041 261 5041 261 5042 383 5042 384 5042 261 5090 384 5090 263 5090 263 5091 384 5091 385 5091 263 5024 385 5024 265 5024 265 5076 385 5076 386 5076 265 5043 386 5043 267 5043 267 5044 386 5044 387 5044 267 5092 387 5092 269 5092 269 5093 387 5093 388 5093 269 5046 388 5046 271 5046 271 5047 388 5047 389 5047 271 5094 389 5094 273 5094 273 5034 389 5034 390 5034 273 5095 390 5095 275 5095 275 5096 390 5096 391 5096 275 5036 391 5036 277 5036 277 5037 391 5037 392 5037 279 5097 392 5097 281 5097 383 5041 349 5041 350 5041 260 5098 262 5098 373 5098 373 5099 262 5099 393 5099 373 5100 393 5100 358 5100 358 5041 393 5041 360 5041 340 5081 376 5081 342 5081 342 5019 376 5019 394 5019 342 5101 394 5101 344 5101 344 5102 394 5102 395 5102 344 5022 395 5022 346 5022 346 5024 395 5024 396 5024 346 5024 396 5024 348 5024 348 5025 396 5025 397 5025 348 5043 397 5043 326 5043 326 5044 397 5044 324 5044 394 5041 376 5041 377 5041 343 5019 345 5019 382 5019 382 5041 345 5041 398 5041 382 5066 398 5066 381 5066 381 5041 398 5041 332 5041 383 5042 350 5042 399 5042 399 5022 350 5022 351 5022 399 5024 351 5024 400 5024 400 5024 351 5024 352 5024 400 5025 352 5025 401 5025 401 5043 352 5043 353 5043 401 5044 353 5044 402 5044 402 5044 353 5044 354 5044 402 5045 354 5045 403 5045 403 5046 354 5046 315 5046 403 5047 315 5047 313 5047 262 5103 264 5103 393 5103 393 5104 264 5104 404 5104 393 5042 404 5042 360 5042 360 5105 404 5105 362 5105 394 5042 377 5042 405 5042 405 5104 377 5104 363 5104 405 5024 363 5024 365 5024 330 5106 332 5106 398 5106 330 5022 398 5022 347 5022 347 5042 398 5042 345 5042 383 5022 399 5022 384 5022 384 5024 399 5024 406 5024 384 5107 406 5107 385 5107 385 5059 406 5059 407 5059 385 5077 407 5077 386 5077 386 5108 407 5108 408 5108 386 5044 408 5044 387 5044 387 5093 408 5093 409 5093 387 5109 409 5109 388 5109 388 5110 409 5110 410 5110 388 5032 410 5032 389 5032 389 5034 410 5034 411 5034 389 5111 411 5111 390 5111 390 5035 411 5035 412 5035 390 5112 412 5112 391 5112 391 5113 412 5113 413 5113 391 5038 413 5038 392 5038 392 5039 413 5039 281 5039 406 5024 399 5024 400 5024 264 5024 266 5024 404 5024 404 5114 266 5114 414 5114 404 5114 414 5114 362 5114 362 5115 414 5115 364 5115 394 5116 405 5116 395 5116 395 5023 405 5023 415 5023 395 5024 415 5024 396 5024 396 5025 415 5025 416 5025 396 5043 416 5043 397 5043 397 5044 416 5044 417 5044 397 5044 417 5044 324 5044 324 5045 417 5045 322 5045 415 5023 405 5023 365 5023 328 5024 330 5024 347 5024 406 5025 400 5025 418 5025 418 5043 400 5043 401 5043 418 5108 401 5108 419 5108 419 5044 401 5044 402 5044 419 5117 402 5117 420 5117 420 5046 402 5046 403 5046 420 5118 403 5118 421 5118 421 5032 403 5032 313 5032 421 5034 313 5034 311 5034 266 5119 268 5119 414 5119 414 5120 268 5120 422 5120 414 5119 422 5119 364 5119 364 5076 422 5076 366 5076 416 5043 415 5043 367 5043 367 5121 415 5121 365 5121 406 5122 418 5122 407 5122 407 5123 418 5123 423 5123 407 5044 423 5044 408 5044 408 5124 423 5124 424 5124 408 5046 424 5046 409 5046 409 5047 424 5047 425 5047 409 5032 425 5032 410 5032 410 5125 425 5125 426 5125 410 5034 426 5034 411 5034 411 5035 426 5035 427 5035 411 5126 427 5126 412 5126 412 5127 427 5127 428 5127 412 5128 428 5128 413 5128 413 5039 428 5039 281 5039 423 5123 418 5123 419 5123 268 5044 270 5044 422 5044 422 5129 270 5129 429 5129 422 5044 429 5044 366 5044 366 5108 429 5108 368 5108 417 5044 416 5044 369 5044 369 5130 416 5130 367 5130 423 5131 419 5131 430 5131 430 5056 419 5056 420 5056 430 5132 420 5132 431 5132 431 5133 420 5133 421 5133 431 5134 421 5134 432 5134 432 5135 421 5135 311 5135 432 5136 311 5136 309 5136 270 5045 272 5045 429 5045 429 5124 272 5124 433 5124 429 5137 433 5137 368 5137 368 5046 433 5046 370 5046 322 5046 417 5046 371 5046 371 5045 417 5045 369 5045 314 5032 295 5032 297 5032 423 5138 430 5138 424 5138 424 5031 430 5031 434 5031 424 5032 434 5032 425 5032 425 5034 434 5034 435 5034 425 5034 435 5034 426 5034 426 5139 435 5139 436 5139 426 5140 436 5140 427 5140 427 5037 436 5037 437 5037 427 5141 437 5141 428 5141 428 5039 437 5039 281 5039 434 5032 430 5032 431 5032 272 5142 274 5142 433 5142 433 5032 274 5032 438 5032 433 5118 438 5118 370 5118 370 5032 438 5032 372 5032 320 5047 322 5047 371 5047 314 5143 297 5143 439 5143 439 5034 297 5034 299 5034 439 5035 299 5035 440 5035 440 5036 299 5036 301 5036 440 5037 301 5037 441 5037 441 5038 301 5038 303 5038 441 5040 303 5040 305 5040 434 5111 431 5111 442 5111 442 5034 431 5034 432 5034 442 5144 432 5144 443 5144 443 5145 432 5145 309 5145 443 5146 309 5146 307 5146 274 5034 276 5034 438 5034 438 5034 276 5034 444 5034 438 5034 444 5034 372 5034 372 5034 444 5034 318 5034 314 5034 439 5034 312 5034 312 5035 439 5035 445 5035 312 5036 445 5036 310 5036 310 5147 445 5147 446 5147 310 5148 446 5148 308 5148 308 5149 446 5149 305 5149 445 5036 439 5036 440 5036 434 5150 442 5150 435 5150 435 5139 442 5139 447 5139 435 5151 447 5151 436 5151 436 5152 447 5152 448 5152 436 5038 448 5038 437 5038 437 5153 448 5153 281 5153 447 5036 442 5036 443 5036 316 5035 318 5035 444 5035 316 5036 444 5036 278 5036 278 5154 444 5154 276 5154 445 5037 440 5037 449 5037 449 5038 440 5038 441 5038 449 5039 441 5039 305 5039 307 5038 306 5038 443 5038 443 5037 306 5037 447 5037 280 5037 316 5037 278 5037 305 5097 446 5097 449 5097 449 5038 446 5038 445 5038 281 5155 448 5155 306 5155 306 5156 448 5156 447 5156 453 5157 451 5157 474 5157 474 5158 451 5158 475 5158 474 5159 475 5159 476 5159 474 5160 476 5160 477 5160 477 5161 476 5161 478 5161 477 5162 478 5162 479 5162 479 5163 478 5163 480 5163 479 5164 480 5164 481 5164 481 5165 480 5165 482 5165 481 5166 482 5166 483 5166 483 5167 482 5167 484 5167 483 5168 484 5168 485 5168 485 5169 484 5169 486 5169 485 5170 486 5170 487 5170 487 5171 486 5171 488 5171 487 5172 488 5172 489 5172 489 5173 488 5173 490 5173 489 5174 490 5174 491 5174 491 5175 490 5175 492 5175 491 5176 492 5176 493 5176 493 5177 492 5177 494 5177 493 5178 494 5178 495 5178 495 5179 494 5179 496 5179 495 5180 496 5180 497 5180 497 5181 496 5181 450 5181 497 5182 450 5182 452 5182 497 5183 452 5183 498 5183 498 5184 452 5184 454 5184 498 5185 454 5185 499 5185 499 5186 454 5186 456 5186 499 5187 456 5187 500 5187 500 5188 456 5188 458 5188 500 5189 458 5189 501 5189 501 5190 458 5190 460 5190 501 5191 460 5191 502 5191 502 5192 460 5192 462 5192 502 5193 462 5193 503 5193 503 5194 462 5194 464 5194 503 5195 464 5195 504 5195 504 5196 464 5196 466 5196 504 5197 466 5197 505 5197 505 5198 466 5198 468 5198 505 5199 468 5199 506 5199 506 5200 468 5200 470 5200 506 5201 470 5201 507 5201 507 5202 470 5202 472 5202 507 5203 472 5203 508 5203 508 5204 472 5204 305 5204 508 5205 305 5205 304 5205 304 5206 302 5206 508 5206 508 5207 302 5207 509 5207 508 5208 509 5208 507 5208 507 5209 509 5209 510 5209 507 5210 510 5210 506 5210 506 5211 510 5211 511 5211 506 5212 511 5212 505 5212 505 5213 511 5213 512 5213 505 5214 512 5214 504 5214 504 5215 512 5215 513 5215 504 5216 513 5216 503 5216 503 5217 513 5217 514 5217 503 5218 514 5218 502 5218 502 5219 514 5219 515 5219 502 5220 515 5220 501 5220 501 5221 515 5221 516 5221 501 5222 516 5222 500 5222 500 5223 516 5223 517 5223 500 5224 517 5224 499 5224 499 5225 517 5225 518 5225 499 5226 518 5226 498 5226 498 5227 518 5227 519 5227 498 5228 519 5228 497 5228 497 5229 519 5229 495 5229 302 5230 300 5230 509 5230 509 5231 300 5231 520 5231 509 5232 520 5232 510 5232 510 5233 520 5233 521 5233 510 5234 521 5234 511 5234 511 5235 521 5235 522 5235 511 5236 522 5236 512 5236 512 5237 522 5237 523 5237 512 5238 523 5238 513 5238 513 5239 523 5239 524 5239 513 5240 524 5240 514 5240 514 5241 524 5241 525 5241 514 5242 525 5242 515 5242 515 5243 525 5243 526 5243 515 5244 526 5244 516 5244 516 5245 526 5245 527 5245 516 5246 527 5246 517 5246 517 5247 527 5247 528 5247 517 5248 528 5248 518 5248 518 5249 528 5249 529 5249 518 5250 529 5250 519 5250 519 5251 529 5251 530 5251 519 5252 530 5252 495 5252 495 5253 530 5253 493 5253 300 5254 298 5254 520 5254 520 5255 298 5255 531 5255 520 5256 531 5256 521 5256 521 5257 531 5257 532 5257 521 5258 532 5258 522 5258 522 5259 532 5259 533 5259 522 5260 533 5260 523 5260 523 5261 533 5261 534 5261 523 5262 534 5262 524 5262 524 5263 534 5263 535 5263 524 5264 535 5264 525 5264 525 5265 535 5265 536 5265 525 5266 536 5266 526 5266 526 5267 536 5267 537 5267 526 5268 537 5268 527 5268 527 5269 537 5269 538 5269 527 5270 538 5270 528 5270 528 5271 538 5271 539 5271 528 5272 539 5272 529 5272 529 5273 539 5273 540 5273 529 5274 540 5274 530 5274 530 5275 540 5275 541 5275 530 5276 541 5276 493 5276 493 5277 541 5277 491 5277 298 5278 296 5278 531 5278 531 5279 296 5279 542 5279 531 5280 542 5280 532 5280 532 5281 542 5281 543 5281 532 5282 543 5282 533 5282 533 5283 543 5283 544 5283 533 5284 544 5284 534 5284 534 5285 544 5285 545 5285 534 5286 545 5286 535 5286 535 5287 545 5287 546 5287 535 5288 546 5288 536 5288 536 5289 546 5289 547 5289 536 5290 547 5290 537 5290 537 5291 547 5291 548 5291 537 5292 548 5292 538 5292 538 5293 548 5293 549 5293 538 5294 549 5294 539 5294 539 5295 549 5295 550 5295 539 5296 550 5296 540 5296 540 5297 550 5297 551 5297 540 5298 551 5298 541 5298 541 5299 551 5299 552 5299 541 5300 552 5300 491 5300 491 5301 552 5301 489 5301 296 5302 294 5302 542 5302 542 5303 294 5303 553 5303 542 5304 553 5304 543 5304 543 5305 553 5305 554 5305 543 5306 554 5306 544 5306 544 5307 554 5307 555 5307 544 5308 555 5308 545 5308 545 5309 555 5309 556 5309 545 5310 556 5310 546 5310 546 5311 556 5311 557 5311 546 5312 557 5312 547 5312 547 5313 557 5313 558 5313 547 5314 558 5314 548 5314 548 5315 558 5315 559 5315 548 5316 559 5316 549 5316 549 5317 559 5317 560 5317 549 5318 560 5318 550 5318 550 5319 560 5319 561 5319 550 5320 561 5320 551 5320 551 5321 561 5321 562 5321 551 5322 562 5322 552 5322 552 5323 562 5323 563 5323 552 5324 563 5324 489 5324 489 5325 563 5325 487 5325 294 5326 292 5326 553 5326 553 5327 292 5327 564 5327 553 5328 564 5328 554 5328 554 5329 564 5329 565 5329 554 5330 565 5330 555 5330 555 5331 565 5331 566 5331 555 5332 566 5332 556 5332 556 5333 566 5333 567 5333 556 5334 567 5334 557 5334 557 5335 567 5335 568 5335 557 5336 568 5336 558 5336 558 5337 568 5337 569 5337 558 5338 569 5338 559 5338 559 5339 569 5339 570 5339 559 5340 570 5340 560 5340 560 5341 570 5341 571 5341 560 5342 571 5342 561 5342 561 5343 571 5343 572 5343 561 5344 572 5344 562 5344 562 5345 572 5345 573 5345 562 5346 573 5346 563 5346 563 5347 573 5347 574 5347 563 5348 574 5348 487 5348 487 5349 574 5349 485 5349 292 5350 290 5350 564 5350 564 5351 290 5351 575 5351 564 5352 575 5352 565 5352 565 5353 575 5353 576 5353 565 5354 576 5354 566 5354 566 5355 576 5355 577 5355 566 5356 577 5356 567 5356 567 5357 577 5357 578 5357 567 5358 578 5358 568 5358 568 5359 578 5359 579 5359 568 5360 579 5360 569 5360 569 5361 579 5361 580 5361 569 5362 580 5362 570 5362 570 5363 580 5363 581 5363 570 5364 581 5364 571 5364 571 5365 581 5365 582 5365 571 5366 582 5366 572 5366 572 5367 582 5367 583 5367 572 5368 583 5368 573 5368 573 5369 583 5369 584 5369 573 5370 584 5370 574 5370 574 5371 584 5371 585 5371 574 5372 585 5372 485 5372 485 5373 585 5373 483 5373 290 5374 288 5374 575 5374 575 5375 288 5375 586 5375 575 5376 586 5376 576 5376 576 5377 586 5377 587 5377 576 5378 587 5378 577 5378 577 5379 587 5379 588 5379 577 5380 588 5380 578 5380 578 5381 588 5381 589 5381 578 5382 589 5382 579 5382 579 5383 589 5383 590 5383 579 5384 590 5384 580 5384 580 5385 590 5385 591 5385 580 5386 591 5386 581 5386 581 5387 591 5387 592 5387 581 5388 592 5388 582 5388 582 5389 592 5389 593 5389 582 5390 593 5390 583 5390 583 5391 593 5391 594 5391 583 5392 594 5392 584 5392 584 5393 594 5393 595 5393 584 5394 595 5394 585 5394 585 5395 595 5395 596 5395 585 5396 596 5396 483 5396 483 5397 596 5397 481 5397 288 5398 286 5398 586 5398 586 5399 286 5399 597 5399 586 5400 597 5400 587 5400 587 5401 597 5401 598 5401 587 5402 598 5402 588 5402 588 5403 598 5403 599 5403 588 5404 599 5404 589 5404 589 5405 599 5405 600 5405 589 5406 600 5406 590 5406 590 5407 600 5407 601 5407 590 5408 601 5408 591 5408 591 5409 601 5409 602 5409 591 5410 602 5410 592 5410 592 5411 602 5411 603 5411 592 5412 603 5412 593 5412 593 5413 603 5413 604 5413 593 5414 604 5414 594 5414 594 5415 604 5415 605 5415 594 5416 605 5416 595 5416 595 5417 605 5417 606 5417 595 5418 606 5418 596 5418 596 5419 606 5419 607 5419 596 5420 607 5420 481 5420 481 5421 607 5421 479 5421 286 5422 284 5422 597 5422 597 5423 284 5423 608 5423 597 5424 608 5424 598 5424 598 5425 608 5425 609 5425 598 5426 609 5426 599 5426 599 5427 609 5427 610 5427 599 5428 610 5428 600 5428 600 5429 610 5429 611 5429 600 5430 611 5430 601 5430 601 5431 611 5431 612 5431 601 5432 612 5432 602 5432 602 5433 612 5433 613 5433 602 5434 613 5434 603 5434 603 5435 613 5435 614 5435 603 5436 614 5436 604 5436 604 5437 614 5437 615 5437 604 5438 615 5438 605 5438 605 5439 615 5439 616 5439 605 5440 616 5440 606 5440 606 5441 616 5441 617 5441 606 5442 617 5442 607 5442 607 5443 617 5443 618 5443 607 5444 618 5444 479 5444 479 5445 618 5445 477 5445 284 5446 254 5446 608 5446 608 5447 254 5447 619 5447 608 5448 619 5448 609 5448 609 5449 619 5449 620 5449 609 5450 620 5450 610 5450 610 5451 620 5451 621 5451 610 5452 621 5452 611 5452 611 5453 621 5453 622 5453 611 5454 622 5454 612 5454 612 5455 622 5455 623 5455 612 5456 623 5456 613 5456 613 5457 623 5457 624 5457 613 5458 624 5458 614 5458 614 5459 624 5459 625 5459 614 5460 625 5460 615 5460 615 5461 625 5461 626 5461 615 5462 626 5462 616 5462 616 5463 626 5463 627 5463 616 5464 627 5464 617 5464 617 5465 627 5465 628 5465 617 5466 628 5466 618 5466 618 5467 628 5467 629 5467 618 5468 629 5468 477 5468 477 5469 629 5469 474 5469 254 5470 256 5470 619 5470 619 5471 256 5471 473 5471 619 5472 473 5472 620 5472 620 5473 473 5473 471 5473 620 5474 471 5474 621 5474 621 5475 471 5475 469 5475 621 5476 469 5476 622 5476 622 5477 469 5477 467 5477 622 5478 467 5478 623 5478 623 5479 467 5479 465 5479 623 5480 465 5480 624 5480 624 5481 465 5481 463 5481 624 5482 463 5482 625 5482 625 5483 463 5483 461 5483 625 5484 461 5484 626 5484 626 5485 461 5485 459 5485 626 5486 459 5486 627 5486 627 5487 459 5487 457 5487 627 5488 457 5488 628 5488 628 5489 457 5489 455 5489 628 5490 455 5490 629 5490 629 5491 455 5491 453 5491 629 5492 453 5492 474 5492 638 5493 634 5493 639 5493 635 5494 450 5494 630 5494 630 5495 450 5495 640 5495 630 5496 640 5496 641 5496 641 5497 640 5497 642 5497 641 5498 642 5498 643 5498 643 5499 642 5499 644 5499 643 5500 644 5500 645 5500 645 5501 644 5501 646 5501 645 5502 646 5502 647 5502 647 5503 646 5503 648 5503 648 5504 646 5504 649 5504 648 5505 649 5506 650 5506 650 5507 649 5507 651 5507 650 5508 651 5508 652 5508 652 5509 651 5509 653 5509 655 5510 653 5510 656 5510 656 5511 653 5511 657 5511 656 5512 657 5512 658 5512 658 5513 657 5513 659 5513 658 5514 659 5514 660 5514 660 5515 659 5515 661 5515 660 5516 661 5516 662 5516 662 5517 661 5517 663 5517 663 5518 661 5518 664 5518 663 5519 664 5519 665 5519 665 5520 664 5520 666 5520 665 5521 666 5521 667 5521 667 5522 666 5522 668 5522 668 5523 666 5523 669 5523 668 5524 669 5524 637 5524 637 5525 669 5525 670 5525 637 5526 670 5526 671 5526 671 5527 670 5527 672 5527 671 5528 672 5528 673 5528 673 5529 672 5529 674 5529 673 5530 674 5530 675 5530 675 5531 674 5531 676 5531 675 5532 676 5532 677 5532 677 5533 676 5533 678 5533 677 5534 678 5534 679 5534 679 5535 678 5535 680 5535 679 5536 680 5536 484 5536 484 5537 680 5537 486 5537 486 5538 680 5538 681 5538 486 5539 681 5539 488 5539 488 5540 681 5540 682 5540 488 5541 682 5541 490 5541 490 5542 682 5542 683 5542 490 5543 683 5543 492 5543 492 5544 683 5544 684 5544 492 5545 684 5545 494 5545 494 5546 684 5546 685 5546 494 5547 685 5547 496 5547 496 5548 685 5548 686 5548 496 5549 686 5549 450 5549 450 5550 686 5550 687 5550 450 5551 687 5551 688 5551 688 5547 687 5547 689 5547 688 5552 689 5552 690 5552 690 5553 689 5553 691 5553 690 5554 691 5554 692 5554 692 5544 691 5544 693 5544 692 5555 693 5555 694 5555 694 5556 693 5556 695 5556 694 5557 695 5557 696 5557 696 5558 695 5558 697 5558 696 5540 697 5540 651 5540 651 5559 697 5559 653 5559 484 5560 482 5560 679 5560 679 5561 482 5561 698 5561 679 5562 698 5562 677 5562 677 5563 698 5563 699 5563 677 5564 699 5564 675 5564 675 5565 699 5565 700 5565 675 5566 700 5566 673 5566 673 5567 700 5567 701 5567 673 5568 701 5568 671 5568 671 5569 701 5569 637 5569 482 5533 480 5533 698 5533 698 5570 480 5570 702 5570 698 5564 702 5564 699 5564 699 5530 702 5530 703 5530 699 5529 703 5529 700 5529 700 5528 703 5528 704 5528 700 5571 704 5571 701 5571 701 5572 704 5572 451 5572 701 5573 451 5573 637 5573 480 5574 478 5574 702 5574 702 5565 478 5565 705 5565 702 5530 705 5530 703 5530 703 5567 705 5567 706 5567 703 5575 706 5575 704 5575 704 5576 706 5576 451 5576 478 5577 476 5577 705 5577 705 5578 476 5578 707 5578 705 5571 707 5571 706 5571 706 5572 707 5572 451 5572 476 5575 475 5575 707 5575 707 5579 475 5579 451 5579 647 5580 708 5580 645 5580 645 5581 708 5581 709 5581 645 5582 709 5582 710 5582 710 5583 709 5583 711 5583 710 5584 711 5584 712 5584 710 5585 712 5585 639 5585 639 5586 712 5586 638 5586 687 5587 686 5587 713 5587 713 5588 686 5588 685 5588 713 5589 685 5589 714 5589 714 5590 685 5590 684 5590 714 5501 684 5501 715 5501 715 5591 684 5591 683 5591 715 5592 683 5592 716 5592 716 5542 683 5542 682 5542 716 5540 682 5540 717 5540 717 5593 682 5593 681 5593 717 5538 681 5538 718 5538 718 5594 681 5594 680 5594 718 5595 680 5595 678 5595 640 5551 450 5551 719 5551 719 5596 450 5596 688 5596 719 5497 688 5497 690 5497 640 5498 719 5498 720 5498 720 5597 719 5597 690 5597 720 5598 690 5598 692 5598 639 5599 630 5599 721 5599 721 5600 630 5600 641 5600 721 5498 641 5498 643 5498 710 5587 639 5587 721 5587 710 5601 721 5601 643 5601 687 5548 713 5548 689 5548 689 5499 713 5499 722 5499 689 5602 722 5602 691 5602 691 5501 722 5501 723 5501 691 5603 723 5603 693 5603 693 5542 723 5542 724 5542 693 5592 724 5592 695 5592 695 5540 724 5540 725 5540 695 5604 725 5604 697 5604 697 5605 725 5605 726 5605 697 5606 726 5606 653 5606 653 5607 726 5607 657 5607 722 5554 713 5554 714 5554 640 5552 720 5552 642 5552 642 5608 720 5608 727 5608 642 5609 727 5609 644 5609 644 5544 727 5544 728 5544 644 5610 728 5610 646 5610 646 5611 728 5611 649 5611 727 5612 720 5612 692 5612 645 5613 710 5613 643 5613 722 5614 714 5614 729 5614 729 5603 714 5603 715 5603 729 5615 715 5615 730 5615 730 5541 715 5541 716 5541 730 5616 716 5616 731 5616 731 5540 716 5540 717 5540 731 5605 717 5605 732 5605 732 5617 717 5617 718 5617 732 5618 718 5618 733 5618 733 5619 718 5619 678 5619 733 5620 678 5620 676 5620 728 5603 727 5603 694 5603 694 5621 727 5621 692 5621 722 5591 729 5591 723 5591 723 5556 729 5556 734 5556 723 5542 734 5542 724 5542 724 5622 734 5622 735 5622 724 5623 735 5623 725 5623 725 5538 735 5538 736 5538 725 5617 736 5617 726 5617 726 5618 736 5618 737 5618 726 5624 737 5624 657 5624 657 5534 737 5534 659 5534 734 5592 729 5592 730 5592 649 5625 728 5625 696 5625 696 5626 728 5626 694 5626 734 5623 730 5623 738 5623 738 5593 730 5593 731 5593 738 5538 731 5538 739 5538 739 5594 731 5594 732 5594 739 5535 732 5535 740 5535 740 5624 732 5624 733 5624 740 5627 733 5627 741 5627 741 5628 733 5628 676 5628 741 5563 676 5563 674 5563 651 5629 649 5629 696 5629 734 5604 738 5604 735 5604 735 5605 738 5605 742 5605 735 5630 742 5630 736 5630 736 5624 742 5624 743 5624 736 5619 743 5619 737 5619 737 5561 743 5561 744 5561 737 5562 744 5562 659 5562 659 5631 744 5631 661 5631 742 5632 738 5632 739 5632 742 5633 739 5633 745 5633 745 5634 739 5634 740 5634 745 5533 740 5533 746 5533 746 5533 740 5533 741 5533 746 5635 741 5635 747 5635 747 5564 741 5564 674 5564 747 5529 674 5529 672 5529 742 5624 745 5624 743 5624 743 5627 745 5627 748 5627 743 5533 748 5533 744 5533 744 5636 748 5636 749 5636 744 5531 749 5531 661 5531 661 5637 749 5637 664 5637 748 5628 745 5628 746 5628 748 5631 746 5631 750 5631 750 5531 746 5531 747 5531 750 5530 747 5530 751 5530 751 5530 747 5530 672 5530 751 5567 672 5567 670 5567 748 5638 750 5638 749 5638 749 5639 750 5639 752 5639 749 5530 752 5530 664 5530 664 5567 752 5567 666 5567 752 5529 750 5529 751 5529 670 5575 669 5575 751 5575 751 5528 669 5528 752 5528 669 5640 666 5640 752 5640 753 5641 758 5641 759 5641 753 5642 759 5642 760 5642 760 5643 759 5643 761 5643 760 5644 761 5644 762 5644 762 5645 761 5645 763 5645 762 5646 763 5646 764 5646 764 5647 763 5647 765 5647 764 5648 765 5648 766 5648 766 5649 765 5649 767 5649 766 5650 767 5650 768 5650 768 5651 767 5651 769 5651 768 5652 769 5652 770 5652 770 5653 769 5653 771 5653 770 5654 771 5654 772 5654 772 5655 771 5655 773 5655 772 5656 773 5656 774 5656 774 5657 773 5657 775 5657 774 5658 775 5658 776 5658 776 5659 775 5659 777 5659 776 5660 777 5660 778 5660 778 5661 777 5661 779 5661 778 5662 779 5662 780 5662 780 5663 779 5663 781 5663 780 5664 781 5664 782 5664 782 5665 781 5665 783 5665 783 5666 781 5666 784 5666 783 5667 784 5667 785 5667 785 5668 784 5668 786 5668 785 5669 786 5669 787 5669 787 5670 786 5670 788 5670 787 5671 788 5671 789 5671 789 5672 788 5672 790 5672 789 5673 790 5673 791 5673 791 5674 790 5674 792 5674 791 5675 792 5675 793 5675 793 5676 792 5676 794 5676 793 5677 794 5677 795 5677 795 5678 794 5678 796 5678 795 5679 796 5679 797 5679 797 5680 796 5680 798 5680 797 5681 798 5681 799 5681 799 5682 798 5682 800 5682 799 5683 800 5683 801 5683 801 5684 800 5684 802 5684 801 5685 802 5685 803 5685 803 5686 802 5686 804 5686 803 5687 804 5687 805 5687 805 5688 804 5688 806 5688 805 5689 806 5689 807 5689 807 5690 806 5690 808 5690 808 5691 806 5691 809 5691 808 5692 809 5692 810 5692 810 5693 809 5693 811 5693 810 5694 811 5694 812 5694 812 5695 811 5695 813 5695 812 5696 813 5696 814 5696 814 5697 813 5697 815 5697 814 5698 815 5698 816 5698 816 5699 815 5699 817 5699 816 5700 817 5700 818 5700 818 5701 817 5701 819 5701 818 5702 819 5702 820 5702 820 5703 819 5703 821 5703 820 5704 821 5704 822 5704 822 5705 821 5705 823 5705 822 5706 823 5706 824 5706 824 5707 823 5707 825 5707 824 5708 825 5708 826 5708 826 5709 825 5709 827 5709 826 5710 827 5710 828 5710 828 5711 827 5711 829 5711 828 5712 829 5712 830 5712 830 5713 829 5713 831 5713 830 5714 831 5714 832 5714 832 5715 831 5715 833 5715 832 5716 833 5716 834 5716 834 5717 833 5717 835 5717 834 5718 835 5718 836 5718 836 5719 835 5719 837 5719 836 5720 837 5720 838 5720 838 5721 837 5721 839 5721 838 5722 839 5722 840 5722 840 5723 839 5723 841 5723 840 5724 841 5724 842 5724 842 5725 841 5725 843 5725 842 5726 843 5726 844 5726 844 5727 843 5727 845 5727 844 5728 845 5728 846 5728 846 5729 845 5729 847 5729 846 5730 847 5730 848 5730 848 5731 847 5731 849 5731 848 5732 849 5732 668 5732 668 5733 849 5733 667 5733 667 5734 849 5734 665 5734 665 5735 849 5735 850 5735 665 5736 850 5736 663 5736 663 5737 850 5737 851 5737 663 5738 851 5738 662 5738 662 5739 851 5739 852 5739 662 5740 852 5740 853 5740 853 5741 852 5741 854 5741 853 5742 854 5742 855 5742 855 5743 854 5743 856 5743 855 5744 856 5744 857 5744 857 5745 856 5745 858 5745 857 5746 858 5746 859 5746 859 5747 858 5747 860 5747 859 5748 860 5748 861 5748 861 5749 860 5749 862 5749 861 5750 862 5750 863 5750 863 5751 862 5751 864 5751 863 5752 864 5752 865 5752 865 5753 864 5753 866 5753 865 5754 866 5754 867 5754 867 5755 866 5755 868 5755 867 5756 868 5756 869 5756 869 5757 868 5757 870 5757 869 5758 870 5758 871 5758 758 5759 872 5759 759 5759 759 5760 872 5760 873 5760 759 5761 873 5761 761 5761 761 5762 873 5762 874 5762 761 5763 874 5763 763 5763 763 5764 874 5764 875 5764 763 5765 875 5765 765 5765 765 5766 875 5766 876 5766 765 5767 876 5767 767 5767 767 5768 876 5768 877 5768 767 5769 877 5769 769 5769 769 5770 877 5770 878 5770 769 5771 878 5771 771 5771 771 5772 878 5772 879 5772 771 5773 879 5773 773 5773 773 5774 879 5774 880 5774 773 5775 880 5775 775 5775 775 5776 880 5776 881 5776 775 5777 881 5777 777 5777 777 5778 881 5778 882 5778 777 5779 882 5779 779 5779 779 5780 882 5780 883 5780 779 5781 883 5781 781 5781 781 5782 883 5782 784 5782 872 5783 884 5783 873 5783 873 5784 884 5784 885 5784 873 5785 885 5785 874 5785 874 5786 885 5786 886 5786 874 5787 886 5787 875 5787 875 5788 886 5788 887 5788 875 5789 887 5789 876 5789 876 5790 887 5790 888 5790 876 5791 888 5791 877 5791 877 5792 888 5792 889 5792 877 5793 889 5793 878 5793 878 5794 889 5794 890 5794 878 5795 890 5795 879 5795 879 5796 890 5796 891 5796 879 5797 891 5797 880 5797 880 5798 891 5798 892 5798 880 5799 892 5799 881 5799 881 5800 892 5800 893 5800 881 5801 893 5801 882 5801 882 5802 893 5802 894 5802 882 5803 894 5803 883 5803 883 5804 894 5804 895 5804 883 5805 895 5805 784 5805 784 5806 895 5806 786 5806 884 5807 896 5807 885 5807 885 5808 896 5808 897 5808 885 5809 897 5809 886 5809 886 5810 897 5810 898 5810 886 5811 898 5811 887 5811 887 5812 898 5812 899 5812 887 5813 899 5813 888 5813 888 5814 899 5814 900 5814 888 5815 900 5815 889 5815 889 5816 900 5816 901 5816 889 5817 901 5817 890 5817 890 5818 901 5818 902 5818 890 5819 902 5819 891 5819 891 5820 902 5820 903 5820 891 5821 903 5821 892 5821 892 5822 903 5822 904 5822 892 5823 904 5823 893 5823 893 5824 904 5824 905 5824 893 5825 905 5825 894 5825 894 5826 905 5826 906 5826 894 5827 906 5827 895 5827 895 5828 906 5828 907 5828 895 5829 907 5829 786 5829 786 5830 907 5830 788 5830 896 5831 908 5831 897 5831 897 5832 908 5832 909 5832 897 5833 909 5833 898 5833 898 5834 909 5834 910 5834 898 5835 910 5835 899 5835 899 5836 910 5836 911 5836 899 5837 911 5837 900 5837 900 5838 911 5838 912 5838 900 5839 912 5839 901 5839 901 5840 912 5840 913 5840 901 5841 913 5841 902 5841 902 5842 913 5842 914 5842 902 5843 914 5843 903 5843 903 5844 914 5844 915 5844 903 5845 915 5845 904 5845 904 5846 915 5846 916 5846 904 5847 916 5847 905 5847 905 5848 916 5848 917 5848 905 5849 917 5849 906 5849 906 5850 917 5850 918 5850 906 5851 918 5851 907 5851 907 5852 918 5852 919 5852 907 5853 919 5853 788 5853 788 5854 919 5854 790 5854 908 5855 920 5855 909 5855 909 5856 920 5856 921 5856 909 5857 921 5857 910 5857 910 5858 921 5858 922 5858 910 5859 922 5859 911 5859 911 5860 922 5860 923 5860 911 5861 923 5861 912 5861 912 5862 923 5862 924 5862 912 5863 924 5863 913 5863 913 5864 924 5864 925 5864 913 5865 925 5865 914 5865 914 5866 925 5866 926 5866 914 5867 926 5867 915 5867 915 5868 926 5868 927 5868 915 5869 927 5869 916 5869 916 5870 927 5870 928 5870 916 5871 928 5871 917 5871 917 5872 928 5872 929 5872 917 5873 929 5873 918 5873 918 5874 929 5874 930 5874 918 5875 930 5875 919 5875 919 5876 930 5876 931 5876 919 5877 931 5877 790 5877 790 5878 931 5878 792 5878 920 5879 932 5879 921 5879 921 5880 932 5880 933 5880 921 5881 933 5881 922 5881 922 5882 933 5882 934 5882 922 5883 934 5883 923 5883 923 5884 934 5884 935 5884 923 5885 935 5885 924 5885 924 5886 935 5886 936 5886 924 5887 936 5887 925 5887 925 5888 936 5888 937 5888 925 5889 937 5889 926 5889 926 5890 937 5890 938 5890 926 5891 938 5891 927 5891 927 5892 938 5892 939 5892 927 5893 939 5893 928 5893 928 5894 939 5894 940 5894 928 5895 940 5895 929 5895 929 5896 940 5896 941 5896 929 5897 941 5897 930 5897 930 5898 941 5898 942 5898 930 5899 942 5899 931 5899 931 5900 942 5900 943 5900 931 5901 943 5901 792 5901 792 5902 943 5902 794 5902 932 5903 944 5903 933 5903 933 5904 944 5904 945 5904 933 5905 945 5905 934 5905 934 5906 945 5906 946 5906 934 5907 946 5907 935 5907 935 5908 946 5908 947 5908 935 5909 947 5909 936 5909 936 5910 947 5910 948 5910 936 5911 948 5911 937 5911 937 5912 948 5912 949 5912 937 5913 949 5913 938 5913 938 5914 949 5914 950 5914 938 5915 950 5915 939 5915 939 5916 950 5916 951 5916 939 5917 951 5917 940 5917 940 5918 951 5918 952 5918 940 5919 952 5919 941 5919 941 5920 952 5920 953 5920 941 5921 953 5921 942 5921 942 5922 953 5922 954 5922 942 5923 954 5923 943 5923 943 5924 954 5924 955 5924 943 5925 955 5925 794 5925 794 5926 955 5926 796 5926 944 5927 956 5927 945 5927 945 5928 956 5928 957 5928 945 5929 957 5929 946 5929 946 5930 957 5930 958 5930 946 5931 958 5931 947 5931 947 5932 958 5932 959 5932 947 5933 959 5933 948 5933 948 5934 959 5934 960 5934 948 5935 960 5935 949 5935 949 5936 960 5936 961 5936 949 5937 961 5937 950 5937 950 5938 961 5938 962 5938 950 5939 962 5939 951 5939 951 5940 962 5940 963 5940 951 5941 963 5941 952 5941 952 5942 963 5942 964 5942 952 5943 964 5943 953 5943 953 5944 964 5944 965 5944 953 5945 965 5945 954 5945 954 5946 965 5946 966 5946 954 5947 966 5947 955 5947 955 5948 966 5948 967 5948 955 5949 967 5949 796 5949 796 5950 967 5950 798 5950 956 5951 968 5951 957 5951 957 5952 968 5952 969 5952 957 5953 969 5953 958 5953 958 5954 969 5954 970 5954 958 5955 970 5955 959 5955 959 5956 970 5956 971 5956 959 5957 971 5957 960 5957 960 5958 971 5958 972 5958 960 5959 972 5959 961 5959 961 5960 972 5960 973 5960 961 5961 973 5961 962 5961 962 5962 973 5962 974 5962 962 5963 974 5963 963 5963 963 5964 974 5964 975 5964 963 5965 975 5965 964 5965 964 5966 975 5966 976 5966 964 5967 976 5967 965 5967 965 5968 976 5968 977 5968 965 5969 977 5969 966 5969 966 5970 977 5970 978 5970 966 5971 978 5971 967 5971 967 5972 978 5972 979 5972 967 5973 979 5973 798 5973 798 5974 979 5974 800 5974 968 5975 980 5975 969 5975 969 5976 980 5976 981 5976 969 5977 981 5977 970 5977 970 5978 981 5978 982 5978 970 5979 982 5979 971 5979 971 5980 982 5980 983 5980 971 5981 983 5981 972 5981 972 5982 983 5982 984 5982 972 5983 984 5983 973 5983 973 5984 984 5984 985 5984 973 5985 985 5985 974 5985 974 5986 985 5986 986 5986 974 5987 986 5987 975 5987 975 5988 986 5988 987 5988 975 5989 987 5989 976 5989 976 5990 987 5990 988 5990 976 5991 988 5991 977 5991 977 5992 988 5992 989 5992 977 5993 989 5993 978 5993 978 5994 989 5994 990 5994 978 5995 990 5995 979 5995 979 5996 990 5996 991 5996 979 5997 991 5997 800 5997 800 5998 991 5998 802 5998 980 5999 992 5999 981 5999 981 6000 992 6000 993 6000 981 6001 993 6001 982 6001 982 6002 993 6002 994 6002 982 6003 994 6003 983 6003 983 6004 994 6004 995 6004 983 6005 995 6005 984 6005 984 6006 995 6006 996 6006 984 6007 996 6007 985 6007 985 6008 996 6008 997 6008 985 6009 997 6009 986 6009 986 6010 997 6010 998 6010 986 6011 998 6011 987 6011 987 6012 998 6012 999 6012 987 6013 999 6013 988 6013 988 6014 999 6014 1000 6014 988 6015 1000 6015 989 6015 989 6016 1000 6016 1001 6016 989 6017 1001 6017 990 6017 990 6018 1001 6018 1002 6018 990 6019 1002 6019 991 6019 991 6020 1002 6020 1003 6020 991 6021 1003 6021 802 6021 802 6022 1003 6022 804 6022 992 6023 1004 6023 993 6023 993 6024 1004 6024 1005 6024 993 6025 1005 6025 994 6025 994 6026 1005 6026 1006 6026 994 6027 1006 6027 995 6027 995 6028 1006 6028 1007 6028 995 6029 1007 6029 996 6029 996 6030 1007 6030 1008 6030 996 6031 1008 6031 997 6031 997 6032 1008 6032 1009 6032 997 6033 1009 6033 998 6033 998 6034 1009 6034 1010 6034 998 6035 1010 6035 999 6035 999 6036 1010 6036 1011 6036 999 6037 1011 6037 1000 6037 1000 6038 1011 6038 1012 6038 1000 6039 1012 6039 1001 6039 1001 6040 1012 6040 1013 6040 1001 6041 1013 6041 1002 6041 1002 6042 1013 6042 1014 6042 1002 6043 1014 6043 1003 6043 1003 6044 1014 6044 1015 6044 1003 6045 1015 6045 804 6045 804 6046 1015 6046 806 6046 1004 6047 1016 6047 1005 6047 1005 6048 1016 6048 1017 6048 1005 6049 1017 6049 1006 6049 1006 6050 1017 6050 1018 6050 1006 6051 1018 6051 1007 6051 1007 6052 1018 6052 1019 6052 1007 6053 1019 6053 1008 6053 1008 6054 1019 6054 1020 6054 1008 6055 1020 6055 1009 6055 1009 6056 1020 6056 1021 6056 1009 6057 1021 6057 1010 6057 1010 6058 1021 6058 1022 6058 1010 6059 1022 6059 1011 6059 1011 6060 1022 6060 1023 6060 1011 6061 1023 6061 1012 6061 1012 6062 1023 6062 1024 6062 1012 6063 1024 6063 1013 6063 1013 6064 1024 6064 1025 6064 1013 6065 1025 6065 1014 6065 1014 6066 1025 6066 1026 6066 1014 6067 1026 6067 1015 6067 1015 6068 1026 6068 1027 6068 1015 6069 1027 6069 806 6069 806 6070 1027 6070 809 6070 1016 6071 1028 6071 1017 6071 1017 6072 1028 6072 1029 6072 1017 6073 1029 6073 1018 6073 1018 6074 1029 6074 1030 6074 1018 6075 1030 6075 1019 6075 1019 6076 1030 6076 1031 6076 1019 6077 1031 6077 1020 6077 1020 6078 1031 6078 1032 6078 1020 6079 1032 6079 1021 6079 1021 6080 1032 6080 1033 6080 1021 6081 1033 6081 1022 6081 1022 6082 1033 6082 1034 6082 1022 6083 1034 6083 1023 6083 1023 6084 1034 6084 1035 6084 1023 6085 1035 6085 1024 6085 1024 6086 1035 6086 1036 6086 1024 6087 1036 6087 1025 6087 1025 6088 1036 6088 1037 6088 1025 6089 1037 6089 1026 6089 1026 6090 1037 6090 1038 6090 1026 6091 1038 6091 1027 6091 1027 6092 1038 6092 1039 6092 1027 6093 1039 6093 809 6093 809 6094 1039 6094 811 6094 1028 6095 1040 6095 1029 6095 1029 6096 1040 6096 1041 6096 1029 6097 1041 6097 1030 6097 1030 6098 1041 6098 1042 6098 1030 6099 1042 6099 1031 6099 1031 6100 1042 6100 1043 6100 1031 6101 1043 6101 1032 6101 1032 6102 1043 6102 1044 6102 1032 6103 1044 6103 1033 6103 1033 6104 1044 6104 1045 6104 1033 6105 1045 6105 1034 6105 1034 6106 1045 6106 1046 6106 1034 6107 1046 6107 1035 6107 1035 6108 1046 6108 1047 6108 1035 6109 1047 6109 1036 6109 1036 6110 1047 6110 1048 6110 1036 6111 1048 6111 1037 6111 1037 6112 1048 6112 1049 6112 1037 6113 1049 6113 1038 6113 1038 6114 1049 6114 1050 6114 1038 6115 1050 6115 1039 6115 1039 6116 1050 6116 1051 6116 1039 6117 1051 6117 811 6117 811 6118 1051 6118 813 6118 1041 6119 1040 6119 1052 6119 1052 6120 1040 6120 1053 6120 1052 6121 1053 6121 1054 6121 1054 6122 1053 6122 1055 6122 1054 6123 1055 6123 1056 6123 1056 6124 1055 6124 1057 6124 1056 6125 1057 6125 1058 6125 1058 6126 1057 6126 1059 6126 1058 6127 1059 6127 1060 6127 1060 6128 1059 6128 1061 6128 1060 6129 1061 6129 1062 6129 1062 6130 1061 6130 1063 6130 1062 6131 1063 6131 1064 6131 1064 6132 1063 6132 1065 6132 1064 6133 1065 6133 1066 6133 1066 6134 1065 6134 1067 6134 1066 6135 1067 6135 1068 6135 1068 6136 1067 6136 1069 6136 1068 6137 1069 6137 1070 6137 1070 6138 1069 6138 1071 6138 1070 6139 1071 6139 1072 6139 1072 6140 1071 6140 1073 6140 1072 6141 1073 6141 1074 6141 1074 6142 1073 6142 1075 6142 1074 6143 1075 6143 1076 6143 1076 6144 1075 6144 1077 6144 1076 6145 1077 6145 1078 6145 1078 6146 1077 6146 1079 6146 1078 6147 1079 6147 1080 6147 1080 6148 1079 6148 1081 6148 1080 6149 1081 6149 1082 6149 1082 6150 1081 6150 1083 6150 1082 6151 1083 6151 1084 6151 1084 6152 1083 6152 1085 6152 1084 6153 1085 6153 1086 6153 1086 6154 1085 6154 1087 6154 1086 6155 1087 6155 1088 6155 1088 6156 1087 6156 1089 6156 1088 6157 1089 6157 1090 6157 1090 6158 1089 6158 1091 6158 1090 6159 1091 6159 1092 6159 1092 6160 1091 6160 1093 6160 1092 6161 1093 6161 1094 6161 1094 6162 1093 6162 1095 6162 1094 6163 1095 6163 1096 6163 1096 6164 1095 6164 1097 6164 1096 6165 1097 6165 1098 6165 1098 6166 1097 6166 1099 6166 1098 6167 1099 6167 1100 6167 1100 6168 1099 6168 1101 6168 1100 6169 1101 6169 1102 6169 1102 6170 1101 6170 1103 6170 1102 6171 1103 6171 839 6171 839 6172 1103 6172 841 6172 1081 6173 1104 6173 1083 6173 1083 6174 1104 6174 1105 6174 1083 6175 1105 6175 1106 6175 1106 6176 1105 6176 1107 6176 1106 6177 1107 6177 1108 6177 1108 6178 1107 6178 1109 6178 1108 6179 1109 6179 1110 6179 1110 6180 1109 6180 1111 6180 1110 6181 1111 6181 1112 6181 1112 6182 1111 6182 1113 6182 1112 6183 1113 6183 1114 6183 1114 6184 1113 6184 1115 6184 1114 6185 1115 6185 1116 6185 1116 6186 1115 6186 1117 6186 1116 6187 1117 6187 1118 6187 1118 6188 1117 6188 1119 6188 1118 6189 1119 6189 1120 6189 1120 6190 1119 6190 1121 6190 1120 6191 1121 6191 1122 6191 1122 6192 1121 6192 1123 6192 1122 6193 1123 6193 1124 6193 1124 6194 1123 6194 1125 6194 1124 6195 1125 6195 847 6195 847 6196 1125 6196 849 6196 1104 6197 1126 6197 1105 6197 1105 6198 1126 6198 1127 6198 1105 6199 1127 6199 1107 6199 1107 6200 1127 6200 1128 6200 1107 6201 1128 6201 1109 6201 1109 6202 1128 6202 1129 6202 1109 6203 1129 6203 1111 6203 1111 6204 1129 6204 1130 6204 1111 6205 1130 6205 1113 6205 1113 6206 1130 6206 1131 6206 1113 6207 1131 6207 1115 6207 1115 6208 1131 6208 1132 6208 1115 6209 1132 6209 1117 6209 1117 6210 1132 6210 1133 6210 1117 6211 1133 6211 1119 6211 1119 6212 1133 6212 1134 6212 1119 6213 1134 6213 1121 6213 1121 6214 1134 6214 1135 6214 1121 6215 1135 6215 1123 6215 1123 6216 1135 6216 1136 6216 1123 6217 1136 6217 1125 6217 1125 6218 1136 6218 850 6218 1125 6219 850 6219 849 6219 1126 6220 1137 6220 1127 6220 1127 6221 1137 6221 1138 6221 1127 6222 1138 6222 1128 6222 1128 6223 1138 6223 1139 6223 1128 6224 1139 6224 1129 6224 1129 6225 1139 6225 1140 6225 1129 6226 1140 6226 1130 6226 1130 6227 1140 6227 1141 6227 1130 6228 1141 6228 1131 6228 1131 6229 1141 6229 1142 6229 1131 6230 1142 6230 1132 6230 1132 6231 1142 6231 1143 6231 1132 6232 1143 6232 1133 6232 1133 6233 1143 6233 1144 6233 1133 6234 1144 6234 1134 6234 1134 6235 1144 6235 1145 6235 1134 6236 1145 6236 1135 6236 1135 6237 1145 6237 1146 6237 1135 6238 1146 6238 1136 6238 1136 6239 1146 6239 851 6239 1136 6240 851 6240 850 6240 1137 6241 1147 6241 1138 6241 1138 6242 1147 6242 1148 6242 1138 6243 1148 6243 1139 6243 1139 6244 1148 6244 1149 6244 1139 6245 1149 6245 1140 6245 1140 6246 1149 6246 1150 6246 1140 6247 1150 6247 1141 6247 1141 6248 1150 6248 1151 6248 1141 6249 1151 6249 1142 6249 1142 6250 1151 6250 1152 6250 1142 6251 1152 6251 1143 6251 1143 6252 1152 6252 1153 6252 1143 6253 1153 6253 1144 6253 1144 6254 1153 6254 1154 6254 1144 6255 1154 6255 1145 6255 1145 6256 1154 6256 1155 6256 1145 6257 1155 6257 1146 6257 1146 6258 1155 6258 852 6258 1146 6259 852 6259 851 6259 1147 6260 1156 6260 1148 6260 1148 6261 1156 6261 1157 6261 1148 6262 1157 6262 1149 6262 1149 6263 1157 6263 1158 6263 1149 6264 1158 6264 1150 6264 1150 6265 1158 6265 1159 6265 1150 6266 1159 6266 1151 6266 1151 6267 1159 6267 1160 6267 1151 6268 1160 6268 1152 6268 1152 6269 1160 6269 1161 6269 1152 6270 1161 6270 1153 6270 1153 6271 1161 6271 1162 6271 1153 6272 1162 6272 1154 6272 1154 6273 1162 6273 1163 6273 1154 6274 1163 6274 1155 6274 1155 6275 1163 6275 854 6275 1155 6276 854 6276 852 6276 1156 6277 1164 6277 1157 6277 1157 6278 1164 6278 1165 6278 1157 6279 1165 6279 1158 6279 1158 6280 1165 6280 1166 6280 1158 6281 1166 6281 1159 6281 1159 6282 1166 6282 1167 6282 1159 6283 1167 6283 1160 6283 1160 6284 1167 6284 1168 6284 1160 6285 1168 6285 1161 6285 1161 6286 1168 6286 1169 6286 1161 6287 1169 6287 1162 6287 1162 6288 1169 6288 1170 6288 1162 6289 1170 6289 1163 6289 1163 6290 1170 6290 856 6290 1163 6291 856 6291 854 6291 1164 6292 1171 6292 1165 6292 1165 6293 1171 6293 1172 6293 1165 6294 1172 6294 1166 6294 1166 6295 1172 6295 1173 6295 1166 6296 1173 6296 1167 6296 1167 6297 1173 6297 1174 6297 1167 6298 1174 6298 1168 6298 1168 6299 1174 6299 1175 6299 1168 6300 1175 6300 1169 6300 1169 6301 1175 6301 1176 6301 1169 6302 1176 6302 1170 6302 1170 6303 1176 6303 858 6303 1170 6304 858 6304 856 6304 1171 6305 1177 6305 1172 6305 1172 6306 1177 6306 1178 6306 1172 6307 1178 6307 1173 6307 1173 6308 1178 6308 1179 6308 1173 6309 1179 6309 1174 6309 1174 6310 1179 6310 1180 6310 1174 6311 1180 6311 1175 6311 1175 6312 1180 6312 1181 6312 1175 6313 1181 6313 1176 6313 1176 6314 1181 6314 860 6314 1176 6315 860 6315 858 6315 1177 6316 1182 6316 1178 6316 1178 6317 1182 6317 1183 6317 1178 6318 1183 6318 1179 6318 1179 6319 1183 6319 1184 6319 1179 6320 1184 6320 1180 6320 1180 6321 1184 6321 1185 6321 1180 6322 1185 6322 1181 6322 1181 6323 1185 6323 862 6323 1181 6324 862 6324 860 6324 1182 6325 1186 6325 1183 6325 1183 6326 1186 6326 1187 6326 1183 6327 1187 6327 1184 6327 1184 6328 1187 6328 1188 6328 1184 6329 1188 6329 1185 6329 1185 6330 1188 6330 864 6330 1185 6331 864 6331 862 6331 1186 6332 1189 6332 1187 6332 1187 6333 1189 6333 1190 6333 1187 6334 1190 6334 1188 6334 1188 6335 1190 6335 866 6335 1188 6336 866 6336 864 6336 1189 6337 1191 6337 1190 6337 1190 6338 1191 6338 868 6338 1190 6339 868 6339 866 6339 869 6340 871 6340 1192 6340 1192 6341 871 6341 635 6341 1192 6342 635 6342 638 6342 638 6343 633 6343 634 6343 638 6344 712 6344 1192 6344 1192 6345 712 6345 711 6345 1192 6346 711 6346 709 6346 1192 6347 709 6347 1193 6347 1193 6348 709 6348 708 6348 1193 6349 708 6349 1194 6349 1194 6350 708 6350 647 6350 1194 6351 647 6351 1195 6351 1195 6352 647 6352 648 6352 1195 6353 648 6353 1196 6353 1196 6354 648 6354 650 6354 1196 6355 650 6355 859 6355 859 6356 650 6356 652 6356 859 6357 652 6358 654 6359 859 6360 655 6360 857 6360 655 6361 656 6361 857 6361 857 6362 656 6362 855 6362 656 6363 658 6363 855 6363 855 6364 658 6364 853 6364 658 6365 660 6365 853 6365 853 6366 660 6366 662 6366 668 6367 637 6367 848 6367 782 6368 1197 6368 780 6368 780 6369 1197 6369 1198 6369 780 6370 1198 6370 778 6370 778 6371 1198 6371 1199 6371 778 6372 1199 6372 776 6372 776 6373 1199 6373 1200 6373 776 6374 1200 6374 774 6374 774 6375 1200 6375 1201 6375 774 6376 1201 6376 772 6376 772 6377 1201 6377 1202 6377 772 6378 1202 6378 770 6378 770 6379 1202 6379 1203 6379 770 6380 1203 6380 768 6380 768 6381 1203 6381 1204 6381 768 6382 1204 6382 766 6382 766 6383 1204 6383 1205 6383 766 6384 1205 6384 764 6384 764 6385 1205 6385 1206 6385 764 6386 1206 6386 762 6386 762 6387 1206 6387 1207 6387 762 6388 1207 6388 760 6388 760 6389 1207 6389 1208 6389 760 6390 1208 6390 1209 6390 1197 6391 1210 6391 1198 6391 1198 6392 1210 6392 1211 6392 1198 6393 1211 6393 1199 6393 1199 6394 1211 6394 1212 6394 1199 6395 1212 6395 1200 6395 1200 6396 1212 6396 1213 6396 1200 6397 1213 6397 1201 6397 1201 6398 1213 6398 1214 6398 1201 6399 1214 6399 1202 6399 1202 6400 1214 6400 1215 6400 1202 6401 1215 6401 1203 6401 1203 6402 1215 6402 1216 6402 1203 6403 1216 6403 1204 6403 1204 6404 1216 6404 1217 6404 1204 6405 1217 6405 1205 6405 1205 6406 1217 6406 1218 6406 1205 6407 1218 6407 1206 6407 1206 6408 1218 6408 1219 6408 1206 6409 1219 6409 1207 6409 1207 6410 1219 6410 1220 6410 1207 6411 1220 6411 1221 6411 1210 6412 1222 6412 1211 6412 1211 6413 1222 6413 1223 6413 1211 6414 1223 6414 1212 6414 1212 6415 1223 6415 1224 6415 1212 6416 1224 6416 1213 6416 1213 6417 1224 6417 1225 6417 1213 6418 1225 6418 1214 6418 1214 6419 1225 6419 1226 6419 1214 6420 1226 6420 1215 6420 1215 6421 1226 6421 1227 6421 1215 6422 1227 6422 1216 6422 1216 6423 1227 6423 1228 6423 1216 6424 1228 6424 1217 6424 1217 6425 1228 6425 1229 6425 1217 6426 1229 6426 1218 6426 1218 6427 1229 6427 1230 6427 1218 6428 1230 6428 1219 6428 1219 6429 1230 6429 1231 6429 1219 6430 1231 6430 1232 6430 1222 6431 1233 6431 1223 6431 1223 6432 1233 6432 1234 6432 1223 6433 1234 6433 1224 6433 1224 6434 1234 6434 1235 6434 1224 6435 1235 6435 1225 6435 1225 6436 1235 6436 1236 6436 1225 6437 1236 6437 1226 6437 1226 6438 1236 6438 1237 6438 1226 6439 1237 6439 1227 6439 1227 6440 1237 6440 1238 6440 1227 6441 1238 6441 1228 6441 1228 6442 1238 6442 1239 6442 1228 6443 1239 6443 1229 6443 1229 6444 1239 6444 1240 6444 1229 6445 1240 6445 1241 6445 1233 6446 1242 6446 1234 6446 1234 6447 1242 6447 1243 6447 1234 6448 1243 6448 1235 6448 1235 6449 1243 6449 1244 6449 1235 6450 1244 6450 1236 6450 1236 6451 1244 6451 1245 6451 1236 6452 1245 6452 1237 6452 1237 6453 1245 6453 1246 6453 1237 6454 1246 6454 1238 6454 1238 6455 1246 6455 1247 6455 1238 6456 1247 6456 1239 6456 1239 6457 1247 6457 1248 6457 1239 6458 1248 6458 1249 6458 1242 6459 1250 6459 1243 6459 1243 6460 1250 6460 1251 6460 1243 6461 1251 6461 1244 6461 1244 6462 1251 6462 1252 6462 1244 6463 1252 6463 1245 6463 1245 6464 1252 6464 1253 6464 1245 6465 1253 6465 1246 6465 1246 6466 1253 6466 1254 6466 1246 6467 1254 6467 1255 6467 1255 6468 1254 6468 1256 6468 1255 6469 1256 6469 1247 6469 1247 6470 1256 6470 1257 6470 1247 6471 1257 6471 1248 6471 1250 6472 1258 6472 1251 6472 1251 6473 1258 6473 1259 6473 1251 6474 1259 6474 1252 6474 1252 6475 1259 6475 1260 6475 1252 6476 1260 6476 1253 6476 1253 6477 1260 6477 1261 6477 1253 6478 1261 6478 1262 6478 1258 6479 1263 6479 1259 6479 1259 6480 1263 6480 1264 6480 1259 6481 1264 6481 1260 6481 1260 6482 1264 6482 1265 6482 1260 6483 1265 6483 1261 6483 1263 6484 1266 6484 1264 6484 1264 6485 1266 6485 1267 6485 1264 6486 1267 6486 1268 6486 1268 6487 1265 6487 1264 6487 1262 6488 1254 6488 1253 6488 1229 6489 1241 6489 1230 6489 1230 6490 1241 6490 1231 6490 1232 6491 1220 6491 1219 6491 1221 6492 1208 6492 1207 6492 1209 6493 1270 6493 760 6493 760 6494 1270 6494 753 6494 1246 6495 1255 6495 1247 6495 1041 6496 1052 6496 1042 6496 1042 6497 1052 6497 1271 6497 1042 6498 1271 6498 1043 6498 1043 6499 1271 6499 1272 6499 1043 6500 1272 6500 1044 6500 1044 6501 1272 6501 1273 6501 1044 6502 1273 6502 1045 6502 1045 6503 1273 6503 1274 6503 1045 6504 1274 6504 1046 6504 1046 6505 1274 6505 1275 6505 1046 6506 1275 6506 1047 6506 1047 6507 1275 6507 1276 6507 1047 6508 1276 6508 1048 6508 1048 6509 1276 6509 1277 6509 1048 6510 1277 6510 1049 6510 1049 6511 1277 6511 1278 6511 1049 6512 1278 6512 1050 6512 1050 6513 1278 6513 1279 6513 1050 6514 1279 6514 1051 6514 1051 6515 1279 6515 1280 6515 1051 6516 1280 6516 813 6516 813 6517 1280 6517 815 6517 1052 6518 1054 6518 1271 6518 1271 6519 1054 6519 1281 6519 1271 6520 1281 6520 1272 6520 1272 6521 1281 6521 1282 6521 1272 6522 1282 6522 1273 6522 1273 6523 1282 6523 1283 6523 1273 6524 1283 6524 1274 6524 1274 6525 1283 6525 1284 6525 1274 6526 1284 6526 1275 6526 1275 6527 1284 6527 1285 6527 1275 6528 1285 6528 1276 6528 1276 6529 1285 6529 1286 6529 1276 6530 1286 6530 1277 6530 1277 6531 1286 6531 1287 6531 1277 6532 1287 6532 1278 6532 1278 6533 1287 6533 1288 6533 1278 6534 1288 6534 1279 6534 1279 6535 1288 6535 1289 6535 1279 6536 1289 6536 1280 6536 1280 6537 1289 6537 1290 6537 1280 6538 1290 6538 815 6538 815 6539 1290 6539 817 6539 1054 6540 1056 6540 1281 6540 1281 6541 1056 6541 1291 6541 1281 6542 1291 6542 1282 6542 1282 6543 1291 6543 1292 6543 1282 6544 1292 6544 1283 6544 1283 6545 1292 6545 1293 6545 1283 6546 1293 6546 1284 6546 1284 6547 1293 6547 1294 6547 1284 6548 1294 6548 1285 6548 1285 6549 1294 6549 1295 6549 1285 6550 1295 6550 1286 6550 1286 6551 1295 6551 1296 6551 1286 6552 1296 6552 1287 6552 1287 6553 1296 6553 1297 6553 1287 6554 1297 6554 1288 6554 1288 6555 1297 6555 1298 6555 1288 6556 1298 6556 1289 6556 1289 6557 1298 6557 1299 6557 1289 6558 1299 6558 1290 6558 1290 6559 1299 6559 1300 6559 1290 6560 1300 6560 817 6560 817 6561 1300 6561 819 6561 1056 6562 1058 6562 1291 6562 1291 6563 1058 6563 1301 6563 1291 6564 1301 6564 1292 6564 1292 6565 1301 6565 1302 6565 1292 6566 1302 6566 1293 6566 1293 6567 1302 6567 1303 6567 1293 6568 1303 6568 1294 6568 1294 6569 1303 6569 1304 6569 1294 6570 1304 6570 1295 6570 1295 6571 1304 6571 1305 6571 1295 6572 1305 6572 1296 6572 1296 6573 1305 6573 1306 6573 1296 6574 1306 6574 1297 6574 1297 6575 1306 6575 1307 6575 1297 6576 1307 6576 1298 6576 1298 6577 1307 6577 1308 6577 1298 6578 1308 6578 1299 6578 1299 6579 1308 6579 1309 6579 1299 6580 1309 6580 1300 6580 1300 6581 1309 6581 1310 6581 1300 6582 1310 6582 819 6582 819 6583 1310 6583 821 6583 1058 6584 1060 6584 1301 6584 1301 6585 1060 6585 1311 6585 1301 6586 1311 6586 1302 6586 1302 6587 1311 6587 1312 6587 1302 6588 1312 6588 1303 6588 1303 6589 1312 6589 1313 6589 1303 6590 1313 6590 1304 6590 1304 6591 1313 6591 1314 6591 1304 6592 1314 6592 1305 6592 1305 6593 1314 6593 1315 6593 1305 6594 1315 6594 1306 6594 1306 6595 1315 6595 1316 6595 1306 6596 1316 6596 1307 6596 1307 6597 1316 6597 1317 6597 1307 6598 1317 6598 1308 6598 1308 6599 1317 6599 1318 6599 1308 6600 1318 6600 1309 6600 1309 6601 1318 6601 1319 6601 1309 6602 1319 6602 1310 6602 1310 6603 1319 6603 1320 6603 1310 6604 1320 6604 821 6604 821 6605 1320 6605 1321 6605 821 6606 1321 6606 823 6606 823 6607 1321 6607 1322 6607 823 6608 1322 6608 825 6608 825 6609 1322 6609 827 6609 1060 6610 1062 6610 1311 6610 1311 6611 1062 6611 1323 6611 1311 6612 1323 6612 1312 6612 1312 6613 1323 6613 1324 6613 1312 6614 1324 6614 1313 6614 1313 6615 1324 6615 1325 6615 1313 6616 1325 6616 1314 6616 1314 6617 1325 6617 1326 6617 1314 6618 1326 6618 1315 6618 1315 6619 1326 6619 1327 6619 1315 6620 1327 6620 1316 6620 1316 6621 1327 6621 1328 6621 1316 6622 1328 6622 1317 6622 1317 6623 1328 6623 1329 6623 1317 6624 1329 6624 1318 6624 1318 6625 1329 6625 1330 6625 1318 6626 1330 6626 1319 6626 1319 6627 1330 6627 1331 6627 1319 6628 1331 6628 1320 6628 1320 6629 1331 6629 1332 6629 1320 6630 1332 6630 1321 6630 1321 6631 1332 6631 1333 6631 1321 6632 1333 6632 1322 6632 1322 6633 1333 6633 1334 6633 1322 6634 1334 6634 827 6634 827 6635 1334 6635 829 6635 1062 6636 1064 6636 1323 6636 1323 6637 1064 6637 1335 6637 1323 6638 1335 6638 1324 6638 1324 6639 1335 6639 1336 6639 1324 6640 1336 6640 1325 6640 1325 6641 1336 6641 1337 6641 1325 6642 1337 6642 1326 6642 1326 6643 1337 6643 1338 6643 1326 6644 1338 6644 1327 6644 1327 6645 1338 6645 1339 6645 1327 6646 1339 6646 1328 6646 1328 6647 1339 6647 1340 6647 1328 6648 1340 6648 1329 6648 1329 6649 1340 6649 1341 6649 1329 6650 1341 6650 1330 6650 1330 6651 1341 6651 1342 6651 1330 6652 1342 6652 1331 6652 1331 6653 1342 6653 1343 6653 1331 6654 1343 6654 1332 6654 1332 6655 1343 6655 1344 6655 1332 6656 1344 6656 1333 6656 1333 6657 1344 6657 1345 6657 1333 6658 1345 6658 1334 6658 1334 6659 1345 6659 1346 6659 1334 6660 1346 6660 829 6660 829 6661 1346 6661 831 6661 1064 6662 1066 6662 1335 6662 1335 6663 1066 6663 1347 6663 1335 6664 1347 6664 1336 6664 1336 6665 1347 6665 1348 6665 1336 6666 1348 6666 1337 6666 1337 6667 1348 6667 1349 6667 1337 6668 1349 6668 1338 6668 1338 6669 1349 6669 1350 6669 1338 6670 1350 6670 1339 6670 1339 6671 1350 6671 1351 6671 1339 6672 1351 6672 1340 6672 1340 6673 1351 6673 1352 6673 1340 6674 1352 6674 1341 6674 1341 6675 1352 6675 1353 6675 1341 6676 1353 6676 1342 6676 1342 6677 1353 6677 1354 6677 1342 6678 1354 6678 1343 6678 1343 6679 1354 6679 1355 6679 1343 6680 1355 6680 1344 6680 1344 6681 1355 6681 1356 6681 1344 6682 1356 6682 1345 6682 1345 6683 1356 6683 1357 6683 1345 6684 1357 6684 1346 6684 1346 6685 1357 6685 1358 6685 1346 6686 1358 6686 831 6686 831 6687 1358 6687 833 6687 1066 6688 1068 6688 1347 6688 1347 6689 1068 6689 1359 6689 1347 6690 1359 6690 1348 6690 1348 6691 1359 6691 1360 6691 1348 6692 1360 6692 1349 6692 1349 6693 1360 6693 1361 6693 1349 6694 1361 6694 1350 6694 1350 6695 1361 6695 1362 6695 1350 6696 1362 6696 1351 6696 1351 6697 1362 6697 1363 6697 1351 6698 1363 6698 1352 6698 1352 6699 1363 6699 1364 6699 1352 6700 1364 6700 1353 6700 1353 6701 1364 6701 1365 6701 1353 6702 1365 6702 1354 6702 1354 6703 1365 6703 1366 6703 1354 6704 1366 6704 1355 6704 1355 6705 1366 6705 1367 6705 1355 6706 1367 6706 1356 6706 1356 6707 1367 6707 1368 6707 1356 6708 1368 6708 1357 6708 1357 6709 1368 6709 1369 6709 1357 6710 1369 6710 1358 6710 1358 6711 1369 6711 1370 6711 1358 6712 1370 6712 833 6712 833 6713 1370 6713 835 6713 1068 6714 1070 6714 1359 6714 1359 6715 1070 6715 1371 6715 1359 6716 1371 6716 1360 6716 1360 6717 1371 6717 1372 6717 1360 6718 1372 6718 1361 6718 1361 6719 1372 6719 1373 6719 1361 6720 1373 6720 1362 6720 1362 6721 1373 6721 1374 6721 1362 6722 1374 6722 1363 6722 1363 6723 1374 6723 1375 6723 1363 6724 1375 6724 1364 6724 1364 6725 1375 6725 1376 6725 1364 6726 1376 6726 1365 6726 1365 6727 1376 6727 1377 6727 1365 6728 1377 6728 1366 6728 1366 6729 1377 6729 1378 6729 1366 6730 1378 6730 1367 6730 1367 6731 1378 6731 1379 6731 1367 6732 1379 6732 1368 6732 1368 6733 1379 6733 1380 6733 1368 6734 1380 6734 1369 6734 1369 6735 1380 6735 1381 6735 1369 6736 1381 6736 1370 6736 1370 6737 1381 6737 1382 6737 1370 6738 1382 6738 835 6738 835 6739 1382 6739 837 6739 1070 6740 1072 6740 1371 6740 1371 6741 1072 6741 1383 6741 1371 6742 1383 6742 1372 6742 1372 6743 1383 6743 1384 6743 1372 6744 1384 6744 1373 6744 1373 6745 1384 6745 1385 6745 1373 6746 1385 6746 1374 6746 1374 6747 1385 6747 1386 6747 1374 6748 1386 6748 1375 6748 1375 6749 1386 6749 1387 6749 1375 6750 1387 6750 1376 6750 1376 6751 1387 6751 1377 6751 1072 6752 1074 6752 1383 6752 1383 6753 1074 6753 1388 6753 1383 6754 1388 6754 1384 6754 1384 6755 1388 6755 1389 6755 1384 6756 1389 6756 1385 6756 1385 6757 1389 6757 1390 6757 1385 6758 1390 6758 1386 6758 1386 6759 1390 6759 1088 6759 1386 6760 1088 6760 1387 6760 1387 6761 1088 6761 1090 6761 1387 6762 1090 6762 1377 6762 1377 6763 1090 6763 1092 6763 1377 6764 1092 6764 1378 6764 1378 6765 1092 6765 1094 6765 1378 6766 1094 6766 1379 6766 1379 6767 1094 6767 1096 6767 1379 6768 1096 6768 1380 6768 1380 6769 1096 6769 1098 6769 1380 6770 1098 6770 1381 6770 1381 6771 1098 6771 1100 6771 1381 6772 1100 6772 1382 6772 1382 6773 1100 6773 1102 6773 1382 6774 1102 6774 837 6774 837 6775 1102 6775 839 6775 1074 6776 1076 6776 1388 6776 1388 6777 1076 6777 1391 6777 1388 6778 1391 6778 1389 6778 1389 6779 1391 6779 1392 6779 1389 6780 1392 6780 1390 6780 1390 6781 1392 6781 1086 6781 1390 6782 1086 6782 1088 6782 1076 6783 1078 6783 1391 6783 1391 6784 1078 6784 1393 6784 1391 6785 1393 6785 1392 6785 1392 6786 1393 6786 1084 6786 1392 6787 1084 6787 1086 6787 1078 6788 1080 6788 1393 6788 1393 6789 1080 6789 1082 6789 1393 6790 1082 6790 1084 6790 1083 6791 1106 6791 1085 6791 1085 6792 1106 6792 1394 6792 1085 6793 1394 6793 1087 6793 1087 6794 1394 6794 1395 6794 1087 6795 1395 6795 1089 6795 1089 6796 1395 6796 1091 6796 1106 6797 1108 6797 1394 6797 1394 6798 1108 6798 1396 6798 1394 6799 1396 6799 1395 6799 1395 6800 1396 6800 1397 6800 1395 6801 1397 6801 1091 6801 1091 6802 1397 6802 1093 6802 1108 6803 1110 6803 1396 6803 1396 6804 1110 6804 1398 6804 1396 6805 1398 6805 1397 6805 1397 6806 1398 6806 1399 6806 1397 6807 1399 6807 1093 6807 1093 6808 1399 6808 1095 6808 1110 6809 1112 6809 1398 6809 1398 6810 1112 6810 1400 6810 1398 6811 1400 6811 1399 6811 1399 6812 1400 6812 1401 6812 1399 6813 1401 6813 1095 6813 1095 6814 1401 6814 1097 6814 1112 6815 1114 6815 1400 6815 1400 6816 1114 6816 1402 6816 1400 6817 1402 6817 1401 6817 1401 6818 1402 6818 1403 6818 1401 6819 1403 6819 1097 6819 1097 6820 1403 6820 1099 6820 1114 6821 1116 6821 1402 6821 1402 6822 1116 6822 1404 6822 1402 6823 1404 6823 1403 6823 1403 6824 1404 6824 1405 6824 1403 6825 1405 6825 1099 6825 1099 6826 1405 6826 1101 6826 1116 6827 1118 6827 1404 6827 1404 6828 1118 6828 1406 6828 1404 6829 1406 6829 1405 6829 1405 6830 1406 6830 1407 6830 1405 6831 1407 6831 1101 6831 1101 6832 1407 6832 1103 6832 1118 6833 1120 6833 1406 6833 1406 6834 1120 6834 1408 6834 1406 6835 1408 6835 1407 6835 1407 6836 1408 6836 1409 6836 1407 6837 1409 6837 1103 6837 1103 6838 1409 6838 841 6838 1120 6839 1122 6839 1408 6839 1408 6840 1122 6840 1410 6840 1408 6841 1410 6841 1409 6841 1409 6842 1410 6842 843 6842 1409 6843 843 6843 841 6843 845 6844 843 6844 1410 6844 845 6845 1410 6845 1124 6845 1124 6846 1410 6846 1122 6846 847 6847 845 6847 1124 6847 1192 6848 1193 6848 869 6848 869 6849 1193 6849 867 6849 1193 6850 1194 6850 867 6850 867 6851 1194 6851 865 6851 1194 6852 1195 6852 865 6852 865 6853 1195 6853 863 6853 1196 6854 859 6854 861 6854 1195 6855 1196 6855 863 6855 863 6856 1196 6856 861 6856 782 6857 980 6857 1197 6857 757 6858 1414 6858 758 6858 758 6859 1414 6859 1415 6859 758 6860 1415 6860 1416 6860 1416 5498 1415 5498 1417 5498 1416 6861 1417 6861 1418 6861 1418 5553 1417 5553 1419 5553 1418 5609 1419 5609 1420 5609 1420 6862 1419 6862 1421 6862 1420 6863 1421 6863 1422 6863 1422 5592 1421 5592 1423 5592 1422 5556 1423 5556 1424 5556 1424 5540 1423 5540 1425 5540 1424 5593 1425 5593 1426 5593 1426 5605 1425 5605 1427 5605 1426 5594 1427 5594 1428 5594 1428 5535 1427 5535 1429 5535 1429 5595 1427 5595 1430 5595 1429 5627 1430 5627 1431 5627 1431 6864 1430 6864 1432 6864 1431 5563 1432 5563 1433 5563 1433 5531 1432 5531 1434 5531 1433 5530 1434 5530 1435 5530 1435 5530 1434 5530 1436 5530 1435 5578 1436 5578 1437 5578 1437 5527 1436 5527 1438 5527 1437 6865 1438 6865 1412 6865 1412 6866 1438 6866 1439 6866 1412 6867 1439 6867 1440 6867 1440 5527 1439 5527 1441 5527 1440 5567 1441 5567 1442 5567 1442 5530 1441 5530 1443 5530 1442 5529 1443 5529 1444 5529 1444 5638 1443 5638 1445 5638 1444 6868 1445 6868 1446 6868 1446 5562 1445 5562 1447 5562 1446 5561 1447 5561 1448 5561 1448 6869 1447 6869 1449 6869 1448 6870 1449 6870 1450 6870 1450 5630 1449 5630 1451 5630 1450 6871 1451 6871 1240 6871 1240 6872 1451 6872 1241 6872 1241 6873 1451 6873 1452 6873 1241 6874 1452 6874 1231 6874 1231 6875 1452 6875 1453 6875 1231 6876 1453 6876 1232 6876 1232 6877 1453 6877 1454 6877 1232 6878 1454 6878 1220 6878 1220 6879 1454 6879 1221 6879 1221 6880 1454 6880 1455 6880 1221 6881 1455 6881 1208 6881 1208 6882 1455 6882 1209 6882 1209 6883 1455 6883 1414 6883 1209 6884 1414 6884 1270 6884 1270 6885 1414 6885 753 6885 753 6886 1414 6886 754 6886 754 6887 1414 6887 757 6887 1450 6888 1249 6888 1248 6888 1450 6889 1248 6889 1456 6889 1456 6890 1248 6890 1257 6890 1456 6891 1257 6891 1256 6891 1456 6892 1256 6892 1457 6892 1457 6893 1256 6893 1254 6893 1457 6894 1254 6894 1458 6894 1458 6895 1254 6895 1262 6895 1458 6896 1262 6896 1459 6896 1459 6897 1262 6897 1261 6897 1459 6898 1261 6898 1265 6898 1459 6899 1265 6899 1460 6899 1460 6900 1265 6900 1268 6900 1460 6901 1268 6901 1267 6901 1266 6902 1412 6902 1267 6902 1267 6903 1412 6903 1461 6903 1267 6904 1461 6904 1462 6904 1462 5640 1461 5640 1463 5640 1462 5528 1463 5528 1464 5528 1464 5529 1463 5529 1465 5529 1464 6905 1465 6905 1458 6905 1458 6906 1465 6906 1457 6906 1428 5538 1466 5538 1426 5538 1426 6907 1466 6907 1467 6907 1426 5558 1467 5558 1424 5558 1424 5542 1467 5542 1468 5542 1424 5556 1468 5556 1422 5556 1422 5591 1468 5591 1469 5591 1422 5501 1469 5501 1420 5501 1420 5602 1469 5602 1470 5602 1420 5589 1470 5589 1418 5589 1418 6908 1470 6908 1471 6908 1418 5587 1471 5587 1416 5587 1416 6909 1471 6909 758 6909 1466 5540 1472 5540 1467 5540 1467 5592 1472 5592 1473 5592 1467 5542 1473 5542 1468 5542 1468 6863 1473 6863 1474 6863 1468 6862 1474 6862 1469 6862 1469 5602 1474 5602 1475 5602 1469 5553 1475 5553 1470 5553 1470 6861 1475 6861 1476 6861 1470 6910 1476 6910 1471 6910 1471 6911 1476 6911 758 6911 1472 5592 1477 5592 1473 5592 1473 5591 1477 5591 1478 5591 1473 5544 1478 5544 1474 5544 1474 5554 1478 5554 1479 5554 1474 5553 1479 5553 1475 5553 1475 5588 1479 5588 1480 5588 1475 5587 1480 5587 1476 5587 1476 6912 1480 6912 1413 6912 1476 6913 1413 6913 758 6913 1477 5501 1481 5501 1478 5501 1478 5554 1481 5554 1482 5554 1478 5589 1482 5589 1479 5589 1479 5498 1482 5498 1483 5498 1479 5587 1483 5587 1480 5587 1480 5596 1483 5596 1413 5596 1481 5553 1484 5553 1482 5553 1482 5588 1484 5588 1485 5588 1482 5588 1485 5588 1483 5588 1483 6914 1485 6914 1413 6914 1484 5587 1486 5587 1485 5587 1485 5596 1486 5596 1413 5596 1415 6861 1414 6861 1487 6861 1487 5497 1414 5497 1455 5497 1487 5608 1455 5608 1488 5608 1488 5553 1455 5553 1454 5553 1488 5621 1454 5621 1489 5621 1489 5591 1454 5591 1453 5591 1489 5625 1453 5625 1490 5625 1490 5592 1453 5592 1452 5592 1490 6915 1452 6915 1491 6915 1491 5623 1452 5623 1451 5623 1491 6916 1451 6916 1449 6916 1415 6910 1487 6910 1417 6910 1417 5499 1487 5499 1492 5499 1417 5590 1492 5590 1419 5590 1419 5501 1492 5501 1493 5501 1419 5603 1493 5603 1421 5603 1421 5542 1493 5542 1494 5542 1421 5556 1494 5556 1423 5556 1423 5623 1494 5623 1495 5623 1423 5593 1495 5593 1425 5593 1425 5538 1495 5538 1496 5538 1425 5606 1496 5606 1427 5606 1427 5618 1496 5618 1430 5618 1492 5609 1487 5609 1488 5609 1492 5544 1488 5544 1497 5544 1497 5603 1488 5603 1489 5603 1497 6917 1489 6917 1498 6917 1498 6918 1489 6918 1490 6918 1498 5558 1490 5558 1499 5558 1499 5558 1490 5558 1491 5558 1499 5605 1491 5605 1500 5605 1500 6919 1491 6919 1449 6919 1500 5618 1449 5618 1447 5618 1492 5610 1497 5610 1493 5610 1493 5592 1497 5592 1501 5592 1493 5542 1501 5542 1494 5542 1494 6920 1501 6920 1502 6920 1494 5593 1502 5593 1495 5593 1495 5559 1502 5559 1503 5559 1495 5594 1503 5594 1496 5594 1496 5535 1503 5535 1504 5535 1496 5535 1504 5535 1430 5535 1430 5533 1504 5533 1432 5533 1501 5556 1497 5556 1498 5556 1501 6921 1498 6921 1505 6921 1505 5540 1498 5540 1499 5540 1505 5559 1499 5559 1506 5559 1506 5630 1499 5630 1500 5630 1506 5595 1500 5595 1507 5595 1507 5535 1500 5535 1447 5535 1507 5534 1447 5534 1445 5534 1501 5558 1505 5558 1502 5558 1502 6922 1505 6922 1508 6922 1502 5594 1508 5594 1503 5594 1503 5624 1508 5624 1509 5624 1503 5624 1509 5624 1504 5624 1504 5627 1509 5627 1510 5627 1504 5561 1510 5561 1432 5561 1432 5636 1510 5636 1434 5636 1508 6919 1505 6919 1506 6919 1508 5633 1506 5633 1511 5633 1511 6923 1506 6923 1507 6923 1511 6924 1507 6924 1512 6924 1512 6925 1507 6925 1445 6925 1512 5635 1445 5635 1443 5635 1450 6926 1456 6926 1448 6926 1448 6927 1456 6927 1513 6927 1448 5533 1513 5533 1446 5533 1446 5636 1513 5636 1514 5636 1446 6928 1514 6928 1444 6928 1444 5637 1514 5637 1515 5637 1444 6929 1515 6929 1442 6929 1442 5578 1515 5578 1516 5578 1442 5571 1516 5571 1440 5571 1440 5572 1516 5572 1412 5572 1508 5624 1511 5624 1509 5624 1509 5627 1511 5627 1517 5627 1509 5628 1517 5628 1510 5628 1510 5563 1517 5563 1518 5563 1510 5564 1518 5564 1434 5564 1434 5529 1518 5529 1436 5529 1517 5562 1511 5562 1512 5562 1456 6930 1457 6930 1513 6930 1513 5563 1457 5563 1465 5563 1513 5638 1465 5638 1514 5638 1514 5639 1465 5639 1463 5639 1514 5530 1463 5530 1515 5530 1515 5567 1463 5567 1461 5567 1515 5575 1461 5575 1516 5575 1516 6931 1461 6931 1412 6931 1517 5563 1512 5563 1519 5563 1519 5531 1512 5531 1443 5531 1519 5530 1443 5530 1441 5530 1517 5531 1519 5531 1518 5531 1518 5530 1519 5530 1520 5530 1518 5529 1520 5529 1436 5529 1436 5528 1520 5528 1438 5528 1520 5530 1519 5530 1441 5530 1458 6932 1459 6932 1464 6932 1464 5567 1459 5567 1521 5567 1464 5575 1521 5575 1462 5575 1462 6933 1521 6933 1267 6933 1438 5578 1520 5578 1439 5578 1439 5578 1520 5578 1441 5578 1267 6904 1521 6904 1460 6904 1460 5640 1521 5640 1459 5640 1525 6934 1523 6934 1546 6934 1546 6935 1523 6935 1547 6935 1546 6936 1547 6936 1548 6936 1546 6937 1548 6937 1549 6937 1549 6938 1548 6938 1550 6938 1549 6939 1550 6939 1551 6939 1551 6940 1550 6940 1552 6940 1551 6941 1552 6941 1553 6941 1553 6942 1552 6942 1554 6942 1553 6943 1554 6943 1555 6943 1555 6944 1554 6944 1556 6944 1555 6945 1556 6945 1557 6945 1557 6946 1556 6946 1558 6946 1557 6947 1558 6947 1559 6947 1559 6948 1558 6948 1560 6948 1559 6949 1560 6949 1561 6949 1561 6950 1560 6950 1562 6950 1561 6951 1562 6951 1563 6951 1563 6952 1562 6952 1564 6952 1563 6953 1564 6953 1565 6953 1565 6954 1564 6954 1566 6954 1565 6955 1566 6955 1567 6955 1567 6956 1566 6956 1568 6956 1567 6957 1568 6957 1569 6957 1569 6958 1568 6958 1522 6958 1569 6959 1522 6959 1524 6959 1569 6960 1524 6960 1570 6960 1570 6961 1524 6961 1526 6961 1570 6962 1526 6962 1571 6962 1571 6963 1526 6963 1528 6963 1571 6964 1528 6964 1572 6964 1572 6965 1528 6965 1530 6965 1572 6966 1530 6966 1573 6966 1573 6967 1530 6967 1532 6967 1573 6968 1532 6968 1574 6968 1574 6969 1532 6969 1534 6969 1574 6970 1534 6970 1575 6970 1575 6971 1534 6971 1536 6971 1575 6972 1536 6972 1576 6972 1576 6973 1536 6973 1538 6973 1576 6974 1538 6974 1577 6974 1577 6975 1538 6975 1540 6975 1577 6976 1540 6976 1578 6976 1578 6977 1540 6977 1542 6977 1578 6978 1542 6978 1579 6978 1579 6979 1542 6979 1544 6979 1579 6980 1544 6980 1580 6980 1580 6981 1544 6981 1413 6981 1580 6982 1413 6982 1486 6982 1486 6983 1484 6983 1580 6983 1580 6984 1484 6984 1581 6984 1580 6985 1581 6985 1579 6985 1579 6986 1581 6986 1582 6986 1579 6987 1582 6987 1578 6987 1578 6988 1582 6988 1583 6988 1578 6989 1583 6989 1577 6989 1577 6990 1583 6990 1584 6990 1577 6991 1584 6991 1576 6991 1576 6992 1584 6992 1585 6992 1576 6993 1585 6993 1575 6993 1575 6994 1585 6994 1586 6994 1575 6995 1586 6995 1574 6995 1574 6996 1586 6996 1587 6996 1574 6997 1587 6997 1573 6997 1573 6998 1587 6998 1588 6998 1573 6999 1588 6999 1572 6999 1572 7000 1588 7000 1589 7000 1572 7001 1589 7001 1571 7001 1571 7002 1589 7002 1590 7002 1571 7003 1590 7003 1570 7003 1570 7004 1590 7004 1591 7004 1570 7005 1591 7005 1569 7005 1569 7006 1591 7006 1567 7006 1484 7007 1481 7007 1581 7007 1581 7008 1481 7008 1592 7008 1581 7009 1592 7009 1582 7009 1582 7010 1592 7010 1593 7010 1582 7011 1593 7011 1583 7011 1583 7012 1593 7012 1594 7012 1583 7013 1594 7013 1584 7013 1584 7014 1594 7014 1595 7014 1584 7015 1595 7015 1585 7015 1585 7016 1595 7016 1596 7016 1585 7017 1596 7017 1586 7017 1586 7018 1596 7018 1597 7018 1586 7019 1597 7019 1587 7019 1587 7020 1597 7020 1598 7020 1587 7021 1598 7021 1588 7021 1588 7022 1598 7022 1599 7022 1588 7023 1599 7023 1589 7023 1589 7024 1599 7024 1600 7024 1589 7025 1600 7025 1590 7025 1590 7026 1600 7026 1601 7026 1590 7027 1601 7027 1591 7027 1591 7028 1601 7028 1602 7028 1591 7029 1602 7029 1567 7029 1567 7030 1602 7030 1565 7030 1481 7031 1477 7031 1592 7031 1592 7032 1477 7032 1603 7032 1592 7033 1603 7033 1593 7033 1593 7034 1603 7034 1604 7034 1593 7035 1604 7035 1594 7035 1594 7036 1604 7036 1605 7036 1594 7037 1605 7037 1595 7037 1595 7038 1605 7038 1606 7038 1595 7039 1606 7039 1596 7039 1596 7040 1606 7040 1607 7040 1596 7041 1607 7041 1597 7041 1597 7042 1607 7042 1608 7042 1597 7043 1608 7043 1598 7043 1598 7044 1608 7044 1609 7044 1598 7045 1609 7045 1599 7045 1599 7046 1609 7046 1610 7046 1599 7047 1610 7047 1600 7047 1600 7048 1610 7048 1611 7048 1600 7049 1611 7049 1601 7049 1601 7050 1611 7050 1612 7050 1601 7051 1612 7051 1602 7051 1602 7052 1612 7052 1613 7052 1602 7053 1613 7053 1565 7053 1565 7054 1613 7054 1563 7054 1477 7055 1472 7055 1603 7055 1603 7056 1472 7056 1614 7056 1603 7057 1614 7057 1604 7057 1604 7058 1614 7058 1615 7058 1604 7059 1615 7059 1605 7059 1605 7060 1615 7060 1616 7060 1605 7061 1616 7061 1606 7061 1606 7062 1616 7062 1617 7062 1606 7063 1617 7063 1607 7063 1607 7064 1617 7064 1618 7064 1607 7065 1618 7065 1608 7065 1608 7066 1618 7066 1619 7066 1608 7067 1619 7067 1609 7067 1609 7068 1619 7068 1620 7068 1609 7069 1620 7069 1610 7069 1610 7070 1620 7070 1621 7070 1610 7071 1621 7071 1611 7071 1611 7072 1621 7072 1622 7072 1611 7073 1622 7073 1612 7073 1612 7074 1622 7074 1623 7074 1612 7075 1623 7075 1613 7075 1613 7076 1623 7076 1624 7076 1613 7077 1624 7077 1563 7077 1563 7078 1624 7078 1561 7078 1472 7079 1466 7079 1614 7079 1614 7080 1466 7080 1625 7080 1614 7081 1625 7081 1615 7081 1615 7082 1625 7082 1626 7082 1615 7083 1626 7083 1616 7083 1616 7084 1626 7084 1627 7084 1616 7085 1627 7085 1617 7085 1617 7086 1627 7086 1628 7086 1617 7087 1628 7087 1618 7087 1618 7088 1628 7088 1629 7088 1618 7089 1629 7089 1619 7089 1619 7090 1629 7090 1630 7090 1619 7091 1630 7091 1620 7091 1620 7092 1630 7092 1631 7092 1620 7093 1631 7093 1621 7093 1621 7094 1631 7094 1632 7094 1621 7095 1632 7095 1622 7095 1622 7096 1632 7096 1633 7096 1622 7097 1633 7097 1623 7097 1623 7098 1633 7098 1634 7098 1623 7099 1634 7099 1624 7099 1624 7100 1634 7100 1635 7100 1624 7101 1635 7101 1561 7101 1561 7102 1635 7102 1559 7102 1466 7103 1428 7103 1625 7103 1625 7104 1428 7104 1636 7104 1625 7105 1636 7105 1626 7105 1626 7106 1636 7106 1637 7106 1626 7107 1637 7107 1627 7107 1627 7108 1637 7108 1638 7108 1627 7109 1638 7109 1628 7109 1628 7110 1638 7110 1639 7110 1628 7111 1639 7111 1629 7111 1629 7112 1639 7112 1640 7112 1629 7113 1640 7113 1630 7113 1630 7114 1640 7114 1641 7114 1630 7115 1641 7115 1631 7115 1631 7116 1641 7116 1642 7116 1631 7117 1642 7117 1632 7117 1632 7118 1642 7118 1643 7118 1632 7119 1643 7119 1633 7119 1633 7120 1643 7120 1644 7120 1633 7121 1644 7121 1634 7121 1634 7122 1644 7122 1645 7122 1634 7123 1645 7123 1635 7123 1635 7124 1645 7124 1646 7124 1635 7125 1646 7125 1559 7125 1559 7126 1646 7126 1557 7126 1428 7127 1429 7127 1636 7127 1636 7128 1429 7128 1647 7128 1636 7129 1647 7129 1637 7129 1637 7130 1647 7130 1648 7130 1637 7131 1648 7131 1638 7131 1638 7132 1648 7132 1649 7132 1638 7133 1649 7133 1639 7133 1639 7134 1649 7134 1650 7134 1639 7135 1650 7135 1640 7135 1640 7136 1650 7136 1651 7136 1640 7137 1651 7137 1641 7137 1641 7138 1651 7138 1652 7138 1641 7139 1652 7139 1642 7139 1642 7140 1652 7140 1653 7140 1642 7141 1653 7141 1643 7141 1643 7142 1653 7142 1654 7142 1643 7143 1654 7143 1644 7143 1644 7144 1654 7144 1655 7144 1644 7145 1655 7145 1645 7145 1645 7146 1655 7146 1656 7146 1645 7147 1656 7147 1646 7147 1646 7148 1656 7148 1657 7148 1646 7149 1657 7149 1557 7149 1557 7150 1657 7150 1555 7150 1429 7151 1431 7151 1647 7151 1647 7152 1431 7152 1658 7152 1647 7153 1658 7153 1648 7153 1648 7154 1658 7154 1659 7154 1648 7155 1659 7155 1649 7155 1649 7156 1659 7156 1660 7156 1649 7157 1660 7157 1650 7157 1650 7158 1660 7158 1661 7158 1650 7159 1661 7159 1651 7159 1651 7160 1661 7160 1662 7160 1651 7161 1662 7161 1652 7161 1652 7162 1662 7162 1663 7162 1652 7163 1663 7163 1653 7163 1653 7164 1663 7164 1664 7164 1653 7165 1664 7165 1654 7165 1654 7166 1664 7166 1665 7166 1654 7167 1665 7167 1655 7167 1655 7168 1665 7168 1666 7168 1655 7169 1666 7169 1656 7169 1656 7170 1666 7170 1667 7170 1656 7171 1667 7171 1657 7171 1657 7172 1667 7172 1668 7172 1657 7173 1668 7173 1555 7173 1555 7174 1668 7174 1553 7174 1431 7175 1433 7175 1658 7175 1658 7176 1433 7176 1669 7176 1658 7177 1669 7177 1659 7177 1659 7178 1669 7178 1670 7178 1659 7179 1670 7179 1660 7179 1660 7180 1670 7180 1671 7180 1660 7181 1671 7181 1661 7181 1661 7182 1671 7182 1672 7182 1661 7183 1672 7183 1662 7183 1662 7184 1672 7184 1673 7184 1662 7185 1673 7185 1663 7185 1663 7186 1673 7186 1674 7186 1663 7187 1674 7187 1664 7187 1664 7188 1674 7188 1675 7188 1664 7189 1675 7189 1665 7189 1665 7190 1675 7190 1676 7190 1665 7191 1676 7191 1666 7191 1666 7192 1676 7192 1677 7192 1666 7193 1677 7193 1667 7193 1667 7194 1677 7194 1678 7194 1667 7195 1678 7195 1668 7195 1668 7196 1678 7196 1679 7196 1668 7197 1679 7197 1553 7197 1553 7198 1679 7198 1551 7198 1433 7199 1435 7199 1669 7199 1669 7200 1435 7200 1680 7200 1669 7201 1680 7201 1670 7201 1670 7202 1680 7202 1681 7202 1670 7203 1681 7203 1671 7203 1671 7204 1681 7204 1682 7204 1671 7205 1682 7205 1672 7205 1672 7206 1682 7206 1683 7206 1672 7207 1683 7207 1673 7207 1673 7208 1683 7208 1684 7208 1673 7209 1684 7209 1674 7209 1674 7210 1684 7210 1685 7210 1674 7211 1685 7211 1675 7211 1675 7212 1685 7212 1686 7212 1675 7213 1686 7213 1676 7213 1676 7214 1686 7214 1687 7214 1676 7215 1687 7215 1677 7215 1677 7216 1687 7216 1688 7216 1677 7217 1688 7217 1678 7217 1678 7218 1688 7218 1689 7218 1678 7219 1689 7219 1679 7219 1679 7220 1689 7220 1690 7220 1679 7221 1690 7221 1551 7221 1551 7222 1690 7222 1549 7222 1435 7223 1437 7223 1680 7223 1680 7224 1437 7224 1691 7224 1680 7225 1691 7225 1681 7225 1681 7226 1691 7226 1692 7226 1681 7227 1692 7227 1682 7227 1682 7228 1692 7228 1693 7228 1682 7229 1693 7229 1683 7229 1683 7230 1693 7230 1694 7230 1683 7231 1694 7231 1684 7231 1684 7232 1694 7232 1695 7232 1684 7233 1695 7233 1685 7233 1685 7234 1695 7234 1696 7234 1685 7235 1696 7235 1686 7235 1686 7236 1696 7236 1697 7236 1686 7237 1697 7237 1687 7237 1687 7238 1697 7238 1698 7238 1687 7239 1698 7239 1688 7239 1688 7240 1698 7240 1699 7240 1688 7241 1699 7241 1689 7241 1689 7242 1699 7242 1700 7242 1689 7243 1700 7243 1690 7243 1690 7244 1700 7244 1701 7244 1690 7245 1701 7245 1549 7245 1549 7246 1701 7246 1546 7246 1437 7247 1412 7247 1691 7247 1691 7248 1412 7248 1545 7248 1691 7249 1545 7249 1692 7249 1692 7250 1545 7250 1543 7250 1692 7251 1543 7251 1693 7251 1693 7252 1543 7252 1541 7252 1693 7253 1541 7253 1694 7253 1694 7254 1541 7254 1539 7254 1694 7255 1539 7255 1695 7255 1695 7256 1539 7256 1537 7256 1695 7257 1537 7257 1696 7257 1696 7258 1537 7258 1535 7258 1696 7259 1535 7259 1697 7259 1697 7260 1535 7260 1533 7260 1697 7261 1533 7261 1698 7261 1698 7262 1533 7262 1531 7262 1698 7263 1531 7263 1699 7263 1699 7264 1531 7264 1529 7264 1699 7265 1529 7265 1700 7265 1700 7266 1529 7266 1527 7266 1700 7267 1527 7267 1701 7267 1701 7268 1527 7268 1525 7268 1701 7269 1525 7269 1546 7269 1704 7270 1705 7270 1703 7270 1703 7270 1705 7270 1706 7270 1703 7271 1706 7271 1707 7271 1707 688 1706 688 1708 688 1707 688 1708 688 1709 688 1709 7272 1708 7272 1710 7272 1709 7273 1710 7273 1711 7273 1711 7274 1710 7274 1712 7274 1711 7275 1712 7275 1713 7275 1713 7276 1712 7276 1714 7276 1713 7277 1714 7277 1715 7277 1715 7278 1714 7278 1716 7278 1715 7279 1716 7279 1717 7279 1717 7280 1716 7280 1718 7280 1717 7281 1718 7281 1719 7281 1719 7282 1718 7282 1720 7282 1719 7283 1720 7283 1721 7283 1721 7284 1720 7284 1722 7284 1721 7285 1722 7285 1723 7285 1723 7286 1722 7286 1724 7286 1723 7287 1724 7287 1725 7287 1725 7288 1724 7288 1726 7288 1725 7289 1726 7289 1727 7289 1727 7290 1726 7290 1728 7290 1727 7291 1728 7291 1729 7291 1729 7292 1728 7292 1522 7292 1729 7292 1522 7292 1568 7292 1705 7293 1704 7293 1730 7293 1730 688 1704 688 1731 688 1730 7294 1731 7294 1732 7294 1732 7295 1731 7295 1733 7295 1732 7296 1733 7296 1734 7296 1734 7275 1733 7275 1735 7275 1734 7297 1735 7297 1736 7297 1736 7277 1735 7277 1737 7277 1736 7298 1737 7298 1738 7298 1738 7299 1737 7299 1739 7299 1738 7300 1739 7300 1740 7300 1740 7301 1739 7301 1741 7301 1740 7302 1741 7302 1742 7302 1742 7303 1741 7303 1743 7303 1742 7304 1743 7304 1744 7304 1744 7305 1743 7305 1745 7305 1744 7306 1745 7306 1746 7306 1746 7287 1745 7287 1747 7287 1746 7307 1747 7307 1748 7307 1748 7289 1747 7289 1749 7289 1748 7290 1749 7290 1750 7290 1750 7291 1749 7291 1751 7291 1750 7292 1751 7292 1702 7292 1522 7308 1752 7308 1702 7308 1702 7309 1752 7309 1753 7309 1702 7310 1753 7310 1754 7310 1754 7311 1753 7311 1755 7311 1754 7312 1755 7312 1756 7312 1756 7313 1755 7313 1757 7313 1756 7314 1757 7314 1758 7314 1758 7287 1757 7287 1759 7287 1758 7287 1759 7287 1760 7287 1760 7315 1759 7315 1761 7315 1760 7284 1761 7284 1742 7284 1742 7316 1761 7316 1740 7316 1729 7291 1568 7291 1762 7291 1762 7290 1568 7290 1566 7290 1762 7289 1566 7289 1763 7289 1763 7314 1566 7314 1564 7314 1763 7287 1564 7287 1764 7287 1764 7287 1564 7287 1562 7287 1764 7315 1562 7315 1765 7315 1765 7284 1562 7284 1560 7284 1765 7316 1560 7316 1766 7316 1766 7282 1560 7282 1558 7282 1766 7301 1558 7301 1767 7301 1767 7317 1558 7317 1556 7317 1767 7318 1556 7318 1768 7318 1768 7319 1556 7319 1554 7319 1768 7277 1554 7277 1769 7277 1769 7277 1554 7277 1552 7277 1769 7275 1552 7275 1770 7275 1770 7296 1552 7296 1550 7296 1770 7295 1550 7295 1771 7295 1771 7272 1550 7272 1548 7272 1771 688 1548 688 1772 688 1772 688 1548 688 1547 688 1772 7271 1547 7271 1523 7271 1703 7320 1773 7320 1523 7320 1523 7321 1773 7321 1774 7321 1523 7322 1774 7322 1775 7322 1775 7293 1776 7293 1777 7293 1777 7294 1776 7294 1778 7294 1777 7295 1778 7295 1779 7295 1779 7296 1778 7296 1780 7296 1779 7275 1780 7275 1781 7275 1781 7277 1780 7277 1782 7277 1781 7277 1782 7277 1768 7277 1768 7319 1782 7319 1767 7319 1706 688 1705 688 1783 688 1783 688 1705 688 1730 688 1783 7272 1730 7272 1784 7272 1784 7295 1730 7295 1732 7295 1784 7296 1732 7296 1785 7296 1785 7323 1732 7323 1734 7323 1785 7277 1734 7277 1786 7277 1786 7277 1734 7277 1736 7277 1786 7319 1736 7319 1787 7319 1787 7318 1736 7318 1738 7318 1787 7301 1738 7301 1788 7301 1788 7301 1738 7301 1740 7301 1788 7282 1740 7282 1761 7282 1707 686 1789 686 1703 686 1703 690 1789 690 1790 690 1791 7324 1790 7324 1792 7324 1791 688 1792 688 1793 688 1793 7272 1792 7272 1794 7272 1793 7325 1794 7325 1795 7325 1795 7326 1794 7326 1796 7326 1795 7275 1796 7275 1797 7275 1797 7277 1796 7277 1798 7277 1797 7276 1798 7276 1799 7276 1799 7299 1798 7299 1800 7299 1799 7327 1800 7327 1801 7327 1801 7328 1800 7328 1802 7328 1801 7301 1802 7301 1803 7301 1803 7282 1802 7282 1804 7282 1803 7316 1804 7316 1805 7316 1805 7284 1804 7284 1806 7284 1805 7315 1806 7315 1764 7315 1764 7287 1806 7287 1763 7287 1707 688 1709 688 1789 688 1789 7329 1709 7329 1807 7329 1789 7330 1807 7330 1790 7330 1790 7331 1807 7331 1792 7331 1773 7332 1808 7332 1809 7332 1809 7332 1808 7332 1793 7332 1809 7333 1793 7333 1795 7333 1774 688 1773 688 1810 688 1810 688 1773 688 1809 688 1810 7272 1809 7272 1811 7272 1811 7334 1809 7334 1795 7334 1811 7335 1795 7335 1797 7335 1775 7336 1812 7336 1523 7336 1814 688 1813 688 1815 688 1814 688 1815 688 1771 688 1771 7272 1815 7272 1770 7272 1775 7337 1777 7337 1812 7337 1812 688 1777 688 1816 688 1812 688 1816 688 1813 688 1813 688 1816 688 1815 688 1771 688 1772 688 1814 688 1706 688 1783 688 1708 688 1708 7272 1783 7272 1817 7272 1708 7295 1817 7295 1710 7295 1710 7296 1817 7296 1818 7296 1710 7338 1818 7338 1712 7338 1712 7339 1818 7339 1819 7339 1712 7340 1819 7340 1714 7340 1714 7341 1819 7341 1820 7341 1714 7279 1820 7279 1716 7279 1716 7301 1820 7301 1821 7301 1716 7342 1821 7342 1718 7342 1718 7343 1821 7343 1822 7343 1718 7344 1822 7344 1720 7344 1720 7284 1822 7284 1823 7284 1720 7345 1823 7345 1722 7345 1722 7306 1823 7306 1824 7306 1722 7346 1824 7346 1724 7346 1724 7347 1824 7347 1825 7347 1724 7289 1825 7289 1726 7289 1726 7290 1825 7290 1826 7290 1726 7291 1826 7291 1728 7291 1728 7348 1826 7348 1522 7348 1817 7273 1783 7273 1784 7273 1709 7349 1711 7349 1807 7349 1807 7295 1711 7295 1827 7295 1807 7272 1827 7272 1792 7272 1792 7334 1827 7334 1794 7334 1774 7350 1810 7350 1776 7350 1776 7351 1810 7351 1828 7351 1776 7352 1828 7352 1778 7352 1778 7353 1828 7353 1829 7353 1778 7275 1829 7275 1780 7275 1780 7277 1829 7277 1830 7277 1780 7277 1830 7277 1782 7277 1782 7319 1830 7319 1831 7319 1782 7318 1831 7318 1767 7318 1767 7301 1831 7301 1766 7301 1828 7354 1810 7354 1811 7354 1777 7272 1779 7272 1816 7272 1816 7273 1779 7273 1832 7273 1816 7272 1832 7272 1815 7272 1815 7295 1832 7295 1770 7295 1817 7296 1784 7296 1833 7296 1833 7275 1784 7275 1785 7275 1833 7277 1785 7277 1834 7277 1834 7277 1785 7277 1786 7277 1834 7319 1786 7319 1835 7319 1835 7318 1786 7318 1787 7318 1835 7301 1787 7301 1836 7301 1836 7301 1787 7301 1788 7301 1836 7282 1788 7282 1837 7282 1837 7316 1788 7316 1761 7316 1837 7284 1761 7284 1759 7284 1711 7335 1713 7335 1827 7335 1827 7355 1713 7355 1838 7355 1827 7356 1838 7356 1794 7356 1794 7357 1838 7357 1796 7357 1828 7296 1811 7296 1839 7296 1839 7358 1811 7358 1797 7358 1839 7277 1797 7277 1799 7277 1769 7296 1770 7296 1832 7296 1769 7275 1832 7275 1781 7275 1781 7296 1832 7296 1779 7296 1817 7275 1833 7275 1818 7275 1818 7277 1833 7277 1840 7277 1818 7359 1840 7359 1819 7359 1819 7299 1840 7299 1841 7299 1819 7341 1841 7341 1820 7341 1820 7301 1841 7301 1842 7301 1820 7281 1842 7281 1821 7281 1821 7282 1842 7282 1843 7282 1821 7344 1843 7344 1822 7344 1822 7315 1843 7315 1844 7315 1822 7315 1844 7315 1823 7315 1823 7360 1844 7360 1845 7360 1823 7361 1845 7361 1824 7361 1824 7362 1845 7362 1846 7362 1824 7363 1846 7363 1825 7363 1825 7364 1846 7364 1847 7364 1825 7365 1847 7365 1826 7365 1826 7366 1847 7366 1522 7366 1840 7277 1833 7277 1834 7277 1713 7277 1715 7277 1838 7277 1838 7367 1715 7367 1848 7367 1838 7367 1848 7367 1796 7367 1796 7277 1848 7277 1798 7277 1828 7368 1839 7368 1829 7368 1829 7369 1839 7369 1849 7369 1829 7277 1849 7277 1830 7277 1830 7319 1849 7319 1850 7319 1830 7318 1850 7318 1831 7318 1831 7301 1850 7301 1851 7301 1831 7301 1851 7301 1766 7301 1766 7282 1851 7282 1765 7282 1849 7370 1839 7370 1799 7370 1768 7277 1769 7277 1781 7277 1840 7319 1834 7319 1852 7319 1852 7318 1834 7318 1835 7318 1852 7301 1835 7301 1853 7301 1853 7301 1835 7301 1836 7301 1853 7282 1836 7282 1854 7282 1854 7316 1836 7316 1837 7316 1854 7284 1837 7284 1855 7284 1855 7371 1837 7371 1759 7371 1855 7287 1759 7287 1757 7287 1715 7372 1717 7372 1848 7372 1848 7373 1717 7373 1856 7373 1848 7319 1856 7319 1798 7319 1798 7341 1856 7341 1800 7341 1850 7318 1849 7318 1801 7318 1801 7374 1849 7374 1799 7374 1840 7375 1852 7375 1841 7375 1841 7376 1852 7376 1857 7376 1841 7301 1857 7301 1842 7301 1842 7377 1857 7377 1858 7377 1842 7378 1858 7378 1843 7378 1843 7284 1858 7284 1859 7284 1843 7379 1859 7379 1844 7379 1844 7306 1859 7306 1860 7306 1844 7287 1860 7287 1845 7287 1845 7314 1860 7314 1861 7314 1845 7380 1861 7380 1846 7380 1846 7290 1861 7290 1862 7290 1846 7381 1862 7381 1847 7381 1847 7382 1862 7382 1522 7382 1857 7317 1852 7317 1853 7317 1717 7301 1719 7301 1856 7301 1856 7376 1719 7376 1863 7376 1856 7301 1863 7301 1800 7301 1800 7328 1863 7328 1802 7328 1851 7301 1850 7301 1803 7301 1803 7301 1850 7301 1801 7301 1857 7383 1853 7383 1864 7383 1864 7384 1853 7384 1854 7384 1864 7284 1854 7284 1865 7284 1865 7385 1854 7385 1855 7385 1865 7386 1855 7386 1866 7386 1866 7387 1855 7387 1757 7387 1866 7388 1757 7388 1755 7388 1719 7303 1721 7303 1863 7303 1863 7389 1721 7389 1867 7389 1863 7390 1867 7390 1802 7390 1802 7391 1867 7391 1804 7391 1765 7316 1851 7316 1805 7316 1805 7282 1851 7282 1803 7282 1760 7315 1742 7315 1744 7315 1857 7316 1864 7316 1858 7316 1858 7392 1864 7392 1868 7392 1858 7315 1868 7315 1859 7315 1859 7287 1868 7287 1869 7287 1859 7360 1869 7360 1860 7360 1860 7393 1869 7393 1870 7393 1860 7394 1870 7394 1861 7394 1861 7290 1870 7290 1871 7290 1861 7395 1871 7395 1862 7395 1862 7396 1871 7396 1522 7396 1868 7345 1864 7345 1865 7345 1721 7397 1723 7397 1867 7397 1867 7371 1723 7371 1872 7371 1867 7284 1872 7284 1804 7284 1804 7315 1872 7315 1806 7315 1764 7284 1765 7284 1805 7284 1760 7287 1744 7287 1873 7287 1873 7398 1744 7398 1746 7398 1873 7314 1746 7314 1874 7314 1874 7289 1746 7289 1748 7289 1874 7290 1748 7290 1875 7290 1875 7291 1748 7291 1750 7291 1875 7399 1750 7399 1702 7399 1868 7400 1865 7400 1876 7400 1876 7306 1865 7306 1866 7306 1876 7388 1866 7388 1877 7388 1877 7314 1866 7314 1755 7314 1877 7395 1755 7395 1753 7395 1723 7287 1725 7287 1872 7287 1872 7287 1725 7287 1878 7287 1872 7287 1878 7287 1806 7287 1806 7287 1878 7287 1763 7287 1760 7287 1873 7287 1758 7287 1758 7314 1873 7314 1879 7314 1758 7289 1879 7289 1756 7289 1756 7290 1879 7290 1880 7290 1756 7401 1880 7401 1754 7401 1754 7366 1880 7366 1702 7366 1879 7289 1873 7289 1874 7289 1868 7287 1876 7287 1869 7287 1869 7402 1876 7402 1881 7402 1869 7394 1881 7394 1870 7394 1870 7403 1881 7403 1882 7403 1870 7291 1882 7291 1871 7291 1871 7404 1882 7404 1522 7404 1881 7289 1876 7289 1877 7289 1762 7314 1763 7314 1878 7314 1762 7289 1878 7289 1727 7289 1727 7314 1878 7314 1725 7314 1879 7405 1874 7405 1883 7405 1883 7291 1874 7291 1875 7291 1883 7366 1875 7366 1702 7366 1753 7291 1752 7291 1877 7291 1877 7290 1752 7290 1881 7290 1729 7290 1762 7290 1727 7290 1702 7348 1880 7348 1883 7348 1883 7291 1880 7291 1879 7291 1522 7406 1882 7406 1752 7406 1752 7407 1882 7407 1881 7407 1887 7408 1885 7408 1908 7408 1908 7409 1885 7409 1909 7409 1908 7410 1909 7410 1910 7410 1908 7411 1910 7411 1911 7411 1911 7412 1910 7412 1912 7412 1911 7413 1912 7413 1913 7413 1913 7414 1912 7414 1914 7414 1913 7415 1914 7415 1915 7415 1915 7416 1914 7416 1916 7416 1915 7417 1916 7417 1917 7417 1917 7418 1916 7418 1918 7418 1917 7419 1918 7419 1919 7419 1919 7420 1918 7420 1920 7420 1919 7421 1920 7421 1921 7421 1921 7422 1920 7422 1922 7422 1921 7423 1922 7423 1923 7423 1923 7424 1922 7424 1924 7424 1923 7425 1924 7425 1925 7425 1925 7426 1924 7426 1926 7426 1925 7427 1926 7427 1927 7427 1927 7428 1926 7428 1928 7428 1927 7429 1928 7429 1929 7429 1929 7430 1928 7430 1930 7430 1929 7431 1930 7431 1931 7431 1931 7432 1930 7432 1884 7432 1931 7433 1884 7433 1886 7433 1931 7434 1886 7434 1932 7434 1932 7435 1886 7435 1888 7435 1932 7436 1888 7436 1933 7436 1933 7437 1888 7437 1890 7437 1933 7438 1890 7438 1934 7438 1934 7439 1890 7439 1892 7439 1934 7440 1892 7440 1935 7440 1935 7441 1892 7441 1894 7441 1935 7442 1894 7442 1936 7442 1936 7443 1894 7443 1896 7443 1936 7444 1896 7444 1937 7444 1937 7445 1896 7445 1898 7445 1937 7446 1898 7446 1938 7446 1938 7447 1898 7447 1900 7447 1938 7448 1900 7448 1939 7448 1939 7449 1900 7449 1902 7449 1939 7450 1902 7450 1940 7450 1940 7451 1902 7451 1904 7451 1940 7452 1904 7452 1941 7452 1941 7453 1904 7453 1906 7453 1941 7454 1906 7454 1942 7454 1942 7455 1906 7455 1702 7455 1942 7456 1702 7456 1751 7456 1751 7457 1749 7457 1942 7457 1942 7458 1749 7458 1943 7458 1942 7459 1943 7459 1941 7459 1941 7460 1943 7460 1944 7460 1941 7461 1944 7461 1940 7461 1940 7462 1944 7462 1945 7462 1940 7463 1945 7463 1939 7463 1939 7464 1945 7464 1946 7464 1939 7465 1946 7465 1938 7465 1938 7466 1946 7466 1947 7466 1938 7467 1947 7467 1937 7467 1937 7468 1947 7468 1948 7468 1937 7469 1948 7469 1936 7469 1936 7470 1948 7470 1949 7470 1936 7471 1949 7471 1935 7471 1935 7472 1949 7472 1950 7472 1935 7473 1950 7473 1934 7473 1934 7474 1950 7474 1951 7474 1934 7475 1951 7475 1933 7475 1933 7476 1951 7476 1952 7476 1933 7477 1952 7477 1932 7477 1932 7478 1952 7478 1953 7478 1932 7479 1953 7479 1931 7479 1931 7480 1953 7480 1929 7480 1749 7481 1747 7481 1943 7481 1943 7482 1747 7482 1954 7482 1943 7483 1954 7483 1944 7483 1944 7484 1954 7484 1955 7484 1944 7485 1955 7485 1945 7485 1945 7486 1955 7486 1956 7486 1945 7487 1956 7487 1946 7487 1946 7488 1956 7488 1957 7488 1946 7489 1957 7489 1947 7489 1947 7490 1957 7490 1958 7490 1947 7491 1958 7491 1948 7491 1948 7492 1958 7492 1959 7492 1948 7493 1959 7493 1949 7493 1949 7494 1959 7494 1960 7494 1949 7495 1960 7495 1950 7495 1950 7496 1960 7496 1961 7496 1950 7497 1961 7497 1951 7497 1951 7498 1961 7498 1962 7498 1951 7499 1962 7499 1952 7499 1952 7500 1962 7500 1963 7500 1952 7501 1963 7501 1953 7501 1953 7502 1963 7502 1964 7502 1953 7503 1964 7503 1929 7503 1929 7504 1964 7504 1927 7504 1747 7505 1745 7505 1954 7505 1954 7506 1745 7506 1965 7506 1954 7507 1965 7507 1955 7507 1955 7508 1965 7508 1966 7508 1955 7509 1966 7509 1956 7509 1956 7510 1966 7510 1967 7510 1956 7511 1967 7511 1957 7511 1957 7512 1967 7512 1968 7512 1957 7513 1968 7513 1958 7513 1958 7514 1968 7514 1969 7514 1958 7515 1969 7515 1959 7515 1959 7516 1969 7516 1970 7516 1959 7517 1970 7517 1960 7517 1960 7518 1970 7518 1971 7518 1960 7519 1971 7519 1961 7519 1961 7520 1971 7520 1972 7520 1961 7521 1972 7521 1962 7521 1962 7522 1972 7522 1973 7522 1962 7523 1973 7523 1963 7523 1963 7524 1973 7524 1974 7524 1963 7525 1974 7525 1964 7525 1964 7526 1974 7526 1975 7526 1964 7527 1975 7527 1927 7527 1927 7528 1975 7528 1925 7528 1745 7529 1743 7529 1965 7529 1965 7530 1743 7530 1976 7530 1965 7531 1976 7531 1966 7531 1966 7532 1976 7532 1977 7532 1966 7533 1977 7533 1967 7533 1967 7534 1977 7534 1978 7534 1967 7535 1978 7535 1968 7535 1968 7536 1978 7536 1979 7536 1968 7537 1979 7537 1969 7537 1969 7538 1979 7538 1980 7538 1969 7539 1980 7539 1970 7539 1970 7540 1980 7540 1981 7540 1970 7541 1981 7541 1971 7541 1971 7542 1981 7542 1982 7542 1971 7543 1982 7543 1972 7543 1972 7544 1982 7544 1983 7544 1972 7545 1983 7545 1973 7545 1973 7546 1983 7546 1984 7546 1973 7547 1984 7547 1974 7547 1974 7548 1984 7548 1985 7548 1974 7549 1985 7549 1975 7549 1975 7550 1985 7550 1986 7550 1975 7551 1986 7551 1925 7551 1925 7552 1986 7552 1923 7552 1743 7553 1741 7553 1976 7553 1976 7554 1741 7554 1987 7554 1976 7555 1987 7555 1977 7555 1977 7556 1987 7556 1988 7556 1977 7557 1988 7557 1978 7557 1978 7558 1988 7558 1989 7558 1978 7559 1989 7559 1979 7559 1979 7560 1989 7560 1990 7560 1979 7561 1990 7561 1980 7561 1980 7562 1990 7562 1991 7562 1980 7563 1991 7563 1981 7563 1981 7564 1991 7564 1992 7564 1981 7565 1992 7565 1982 7565 1982 7566 1992 7566 1993 7566 1982 7567 1993 7567 1983 7567 1983 7568 1993 7568 1994 7568 1983 7569 1994 7569 1984 7569 1984 7570 1994 7570 1995 7570 1984 7571 1995 7571 1985 7571 1985 7572 1995 7572 1996 7572 1985 7573 1996 7573 1986 7573 1986 7574 1996 7574 1997 7574 1986 7575 1997 7575 1923 7575 1923 7576 1997 7576 1921 7576 1741 7577 1739 7577 1987 7577 1987 7578 1739 7578 1998 7578 1987 7579 1998 7579 1988 7579 1988 7580 1998 7580 1999 7580 1988 7581 1999 7581 1989 7581 1989 7582 1999 7582 2000 7582 1989 7583 2000 7583 1990 7583 1990 7584 2000 7584 2001 7584 1990 7585 2001 7585 1991 7585 1991 7586 2001 7586 2002 7586 1991 7587 2002 7587 1992 7587 1992 7588 2002 7588 2003 7588 1992 7589 2003 7589 1993 7589 1993 7590 2003 7590 2004 7590 1993 7591 2004 7591 1994 7591 1994 7592 2004 7592 2005 7592 1994 7593 2005 7593 1995 7593 1995 7594 2005 7594 2006 7594 1995 7595 2006 7595 1996 7595 1996 7596 2006 7596 2007 7596 1996 7597 2007 7597 1997 7597 1997 7598 2007 7598 2008 7598 1997 7599 2008 7599 1921 7599 1921 7600 2008 7600 1919 7600 1739 7601 1737 7601 1998 7601 1998 7602 1737 7602 2009 7602 1998 7603 2009 7603 1999 7603 1999 7604 2009 7604 2010 7604 1999 7605 2010 7605 2000 7605 2000 7606 2010 7606 2011 7606 2000 7607 2011 7607 2001 7607 2001 7608 2011 7608 2012 7608 2001 7609 2012 7609 2002 7609 2002 7610 2012 7610 2013 7610 2002 7611 2013 7611 2003 7611 2003 7612 2013 7612 2014 7612 2003 7613 2014 7613 2004 7613 2004 7614 2014 7614 2015 7614 2004 7615 2015 7615 2005 7615 2005 7616 2015 7616 2016 7616 2005 7617 2016 7617 2006 7617 2006 7618 2016 7618 2017 7618 2006 7619 2017 7619 2007 7619 2007 7620 2017 7620 2018 7620 2007 7621 2018 7621 2008 7621 2008 7622 2018 7622 2019 7622 2008 7623 2019 7623 1919 7623 1919 7624 2019 7624 1917 7624 1737 7625 1735 7625 2009 7625 2009 7626 1735 7626 2020 7626 2009 7627 2020 7627 2010 7627 2010 7628 2020 7628 2021 7628 2010 7629 2021 7629 2011 7629 2011 7630 2021 7630 2022 7630 2011 7631 2022 7631 2012 7631 2012 7632 2022 7632 2023 7632 2012 7633 2023 7633 2013 7633 2013 7634 2023 7634 2024 7634 2013 7635 2024 7635 2014 7635 2014 7636 2024 7636 2025 7636 2014 7637 2025 7637 2015 7637 2015 7638 2025 7638 2026 7638 2015 7639 2026 7639 2016 7639 2016 7640 2026 7640 2027 7640 2016 7641 2027 7641 2017 7641 2017 7642 2027 7642 2028 7642 2017 7643 2028 7643 2018 7643 2018 7644 2028 7644 2029 7644 2018 7645 2029 7645 2019 7645 2019 7646 2029 7646 2030 7646 2019 7647 2030 7647 1917 7647 1917 7648 2030 7648 1915 7648 1735 7649 1733 7649 2020 7649 2020 7650 1733 7650 2031 7650 2020 7651 2031 7651 2021 7651 2021 7652 2031 7652 2032 7652 2021 7653 2032 7653 2022 7653 2022 7654 2032 7654 2033 7654 2022 7655 2033 7655 2023 7655 2023 7656 2033 7656 2034 7656 2023 7657 2034 7657 2024 7657 2024 7658 2034 7658 2035 7658 2024 7659 2035 7659 2025 7659 2025 7660 2035 7660 2036 7660 2025 7661 2036 7661 2026 7661 2026 7662 2036 7662 2037 7662 2026 7663 2037 7663 2027 7663 2027 7664 2037 7664 2038 7664 2027 7665 2038 7665 2028 7665 2028 7666 2038 7666 2039 7666 2028 7667 2039 7667 2029 7667 2029 7668 2039 7668 2040 7668 2029 7669 2040 7669 2030 7669 2030 7670 2040 7670 2041 7670 2030 7671 2041 7671 1915 7671 1915 7672 2041 7672 1913 7672 1733 7673 1731 7673 2031 7673 2031 7674 1731 7674 2042 7674 2031 7675 2042 7675 2032 7675 2032 7676 2042 7676 2043 7676 2032 7677 2043 7677 2033 7677 2033 7678 2043 7678 2044 7678 2033 7679 2044 7679 2034 7679 2034 7680 2044 7680 2045 7680 2034 7681 2045 7681 2035 7681 2035 7682 2045 7682 2046 7682 2035 7683 2046 7683 2036 7683 2036 7684 2046 7684 2047 7684 2036 7685 2047 7685 2037 7685 2037 7686 2047 7686 2048 7686 2037 7687 2048 7687 2038 7687 2038 7688 2048 7688 2049 7688 2038 7689 2049 7689 2039 7689 2039 7690 2049 7690 2050 7690 2039 7691 2050 7691 2040 7691 2040 7692 2050 7692 2051 7692 2040 7693 2051 7693 2041 7693 2041 7694 2051 7694 2052 7694 2041 7695 2052 7695 1913 7695 1913 7696 2052 7696 1911 7696 1731 7697 1704 7697 2042 7697 2042 7698 1704 7698 2053 7698 2042 7699 2053 7699 2043 7699 2043 7700 2053 7700 2054 7700 2043 7701 2054 7701 2044 7701 2044 7702 2054 7702 2055 7702 2044 7703 2055 7703 2045 7703 2045 7704 2055 7704 2056 7704 2045 7705 2056 7705 2046 7705 2046 7706 2056 7706 2057 7706 2046 7707 2057 7707 2047 7707 2047 7708 2057 7708 2058 7708 2047 7709 2058 7709 2048 7709 2048 7710 2058 7710 2059 7710 2048 7711 2059 7711 2049 7711 2049 7712 2059 7712 2060 7712 2049 7713 2060 7713 2050 7713 2050 7714 2060 7714 2061 7714 2050 7715 2061 7715 2051 7715 2051 7716 2061 7716 2062 7716 2051 7717 2062 7717 2052 7717 2052 7718 2062 7718 2063 7718 2052 7719 2063 7719 1911 7719 1911 7720 2063 7720 1908 7720 1704 7721 1703 7721 2053 7721 2053 7722 1703 7722 1907 7722 2053 7723 1907 7723 2054 7723 2054 7724 1907 7724 1905 7724 2054 7725 1905 7725 2055 7725 2055 7726 1905 7726 1903 7726 2055 7727 1903 7727 2056 7727 2056 7728 1903 7728 1901 7728 2056 7729 1901 7729 2057 7729 2057 7730 1901 7730 1899 7730 2057 7731 1899 7731 2058 7731 2058 7732 1899 7732 1897 7732 2058 7733 1897 7733 2059 7733 2059 7734 1897 7734 1895 7734 2059 7735 1895 7735 2060 7735 2060 7736 1895 7736 1893 7736 2060 7737 1893 7737 2061 7737 2061 7738 1893 7738 1891 7738 2061 7739 1891 7739 2062 7739 2062 7740 1891 7740 1889 7740 2062 7741 1889 7741 2063 7741 2063 7742 1889 7742 1887 7742 2063 7743 1887 7743 1908 7743 2072 7744 2068 7744 2073 7744 2073 7745 2068 7745 2065 7745 2073 7746 2065 7746 2064 7746 2069 7747 1884 7747 2064 7747 2064 7748 1884 7748 2074 7748 2064 7749 2074 7749 2075 7749 2075 7750 2074 7750 2076 7750 2075 7751 2076 7751 2077 7751 2077 7752 2076 7752 2078 7752 2077 7753 2078 7753 2079 7753 2079 7754 2078 7754 2080 7754 2079 7755 2080 7755 2081 7755 2081 7756 2080 7756 2082 7756 2082 7757 2080 7757 2083 7757 2082 7758 2083 7758 2084 7758 2084 7759 2083 7759 2085 7759 2084 7760 2085 7760 2086 7760 2086 7761 2085 7761 2087 7761 2089 7762 2087 7762 2090 7762 2090 7763 2087 7763 2091 7763 2090 7764 2091 7764 2092 7764 2092 7765 2091 7765 2093 7765 2092 7766 2093 7766 2094 7766 2094 7767 2093 7767 2095 7767 2094 7768 2095 7768 2096 7768 2096 7769 2095 7769 2097 7769 2097 7770 2095 7770 2098 7770 2097 7771 2098 7771 2099 7771 2099 7772 2098 7772 2100 7772 2099 7773 2100 7773 2101 7773 2101 7774 2100 7774 2102 7774 2102 7775 2100 7775 2103 7775 2102 7776 2103 7776 2071 7776 2071 7777 2103 7777 2104 7777 2071 7778 2104 7778 2105 7778 2105 7779 2104 7779 2106 7779 2105 7780 2106 7780 2107 7780 2107 7781 2106 7781 2108 7781 2107 7782 2108 7782 2109 7782 2109 7783 2108 7783 2110 7783 2109 7784 2110 7784 2111 7784 2111 7785 2110 7785 2112 7785 2111 7786 2112 7786 2113 7786 2113 7787 2112 7787 2114 7787 2113 7788 2114 7788 1918 7788 1918 7789 2114 7789 1920 7789 1920 7790 2114 7790 2115 7790 1920 7791 2115 7791 1922 7791 1922 7792 2115 7792 2116 7792 1922 7793 2116 7793 1924 7793 1924 7793 2116 7793 2117 7793 1924 7754 2117 7754 1926 7754 1926 7794 2117 7794 2118 7794 1926 7795 2118 7795 1928 7795 1928 7796 2118 7796 2119 7796 1928 7797 2119 7797 1930 7797 1930 7798 2119 7798 2120 7798 1930 7799 2120 7799 1884 7799 1884 7800 2120 7800 2121 7800 1884 7799 2121 7799 2122 7799 2122 7798 2121 7798 2123 7798 2122 7797 2123 7797 2124 7797 2124 7801 2123 7801 2125 7801 2124 7802 2125 7802 2126 7802 2126 7803 2125 7803 2127 7803 2126 7754 2127 7754 2128 7754 2128 7804 2127 7804 2129 7804 2128 7805 2129 7805 2130 7805 2130 7806 2129 7806 2131 7806 2130 7807 2131 7807 2085 7807 2085 7808 2131 7808 2087 7808 1918 7809 1916 7809 2113 7809 2113 7810 1916 7810 2132 7810 2113 7811 2132 7811 2111 7811 2111 7812 2132 7812 2133 7812 2111 7783 2133 7783 2109 7783 2109 7782 2133 7782 2134 7782 2109 7813 2134 7813 2107 7813 2107 7814 2134 7814 2135 7814 2107 7814 2135 7814 2105 7814 2105 7815 2135 7815 2071 7815 1916 7785 1914 7785 2132 7785 2132 7784 1914 7784 2136 7784 2132 7816 2136 7816 2133 7816 2133 7817 2136 7817 2137 7817 2133 7813 2137 7813 2134 7813 2134 7779 2137 7779 2138 7779 2134 7818 2138 7818 2135 7818 2135 7819 1885 7819 2071 7819 1914 7783 1912 7783 2136 7783 2136 7782 1912 7782 2139 7782 2136 7820 2139 7820 2137 7820 2137 7814 2139 7814 2140 7814 2137 7821 2140 7821 2138 7821 2138 730 2140 730 1885 730 1912 7813 1910 7813 2139 7813 2139 7779 1910 7779 2141 7779 2139 7780 2141 7780 2140 7780 2140 7822 2141 7822 1885 7822 1910 7821 1909 7821 2141 7821 2141 7823 1909 7823 1885 7823 2081 7824 2142 7824 2079 7824 2079 7825 2142 7825 2143 7825 2079 7826 2143 7826 2144 7826 2144 7827 2143 7827 2145 7827 2144 7828 2145 7828 2146 7828 2144 7829 2146 7829 2073 7829 2073 7830 2146 7830 2072 7830 2121 7831 2120 7831 2147 7831 2147 7798 2120 7798 2119 7798 2147 7796 2119 7796 2148 7796 2148 7802 2119 7802 2118 7802 2148 7832 2118 7832 2149 7832 2149 7833 2118 7833 2117 7833 2149 7834 2117 7834 2150 7834 2150 7834 2117 7834 2116 7834 2150 7791 2116 7791 2151 7791 2151 7806 2116 7806 2115 7806 2151 7790 2115 7790 2152 7790 2152 7835 2115 7835 2114 7835 2152 7836 2114 7836 2112 7836 2074 7837 1884 7837 2153 7837 2153 7837 1884 7837 2122 7837 2153 7750 2122 7750 2124 7750 2074 7751 2153 7751 2154 7751 2154 7838 2153 7838 2124 7838 2154 7752 2124 7752 2126 7752 2073 7839 2064 7839 2155 7839 2155 7840 2064 7840 2075 7840 2155 7838 2075 7838 2077 7838 2144 7841 2073 7841 2155 7841 2144 7750 2155 7750 2077 7750 2121 7797 2147 7797 2123 7797 2123 7801 2147 7801 2156 7801 2123 7795 2156 7795 2125 7795 2125 7832 2156 7832 2157 7832 2125 7842 2157 7842 2127 7842 2127 7834 2157 7834 2158 7834 2127 7793 2158 7793 2129 7793 2129 7791 2158 7791 2159 7791 2129 7806 2159 7806 2131 7806 2131 7843 2159 7843 2160 7843 2131 7844 2160 7844 2087 7844 2087 7845 2160 7845 2091 7845 2156 7795 2147 7795 2148 7795 2074 7797 2154 7797 2076 7797 2076 7846 2154 7846 2161 7846 2076 7847 2161 7847 2078 7847 2078 7803 2161 7803 2162 7803 2078 7848 2162 7848 2080 7848 2080 7793 2162 7793 2083 7793 2161 7795 2154 7795 2126 7795 2079 7846 2144 7846 2077 7846 2156 7794 2148 7794 2163 7794 2163 7842 2148 7842 2149 7842 2163 7804 2149 7804 2164 7804 2164 7804 2149 7804 2150 7804 2164 7791 2150 7791 2165 7791 2165 7791 2150 7791 2151 7791 2165 7790 2151 7790 2166 7790 2166 7789 2151 7789 2152 7789 2166 7849 2152 7849 2167 7849 2167 7809 2152 7809 2112 7809 2167 7850 2112 7850 2110 7850 2162 7851 2161 7851 2128 7851 2128 7852 2161 7852 2126 7852 2156 7754 2163 7754 2157 7754 2157 7804 2163 7804 2168 7804 2157 7834 2168 7834 2158 7834 2158 7806 2168 7806 2169 7806 2158 7853 2169 7853 2159 7853 2159 7854 2169 7854 2170 7854 2159 7835 2170 7835 2160 7835 2160 7855 2170 7855 2171 7855 2160 7856 2171 7856 2091 7856 2091 7857 2171 7857 2093 7857 2168 7793 2163 7793 2164 7793 2083 7858 2162 7858 2130 7858 2130 7859 2162 7859 2128 7859 2168 7791 2164 7791 2172 7791 2172 7860 2164 7860 2165 7860 2172 7790 2165 7790 2173 7790 2173 7854 2165 7854 2166 7854 2173 7849 2166 7849 2174 7849 2174 7849 2166 7849 2167 7849 2174 7785 2167 7785 2175 7785 2175 7785 2167 7785 2110 7785 2175 7784 2110 7784 2108 7784 2085 7861 2083 7861 2130 7861 2168 7862 2172 7862 2169 7862 2169 7843 2172 7843 2176 7843 2169 7854 2176 7854 2170 7854 2170 7809 2176 7809 2177 7809 2170 7787 2177 7787 2171 7787 2171 7786 2177 7786 2178 7786 2171 7863 2178 7863 2093 7863 2093 7864 2178 7864 2095 7864 2176 7865 2172 7865 2173 7865 2176 7866 2173 7866 2179 7866 2179 7867 2173 7867 2174 7867 2179 7868 2174 7868 2180 7868 2180 7869 2174 7869 2175 7869 2180 7870 2175 7870 2181 7870 2181 7816 2175 7816 2108 7816 2181 7871 2108 7871 2106 7871 2176 7788 2179 7788 2177 7788 2177 7785 2179 7785 2182 7785 2177 7811 2182 7811 2178 7811 2178 7870 2182 7870 2183 7870 2178 7872 2183 7872 2095 7872 2095 7873 2183 7873 2098 7873 2182 7850 2179 7850 2180 7850 2182 7874 2180 7874 2184 7874 2184 7875 2180 7875 2181 7875 2184 7782 2181 7782 2185 7782 2185 7876 2181 7876 2106 7876 2185 7877 2106 7877 2104 7877 2182 7878 2184 7878 2183 7878 2183 7817 2184 7817 2186 7817 2183 7879 2186 7879 2098 7879 2098 7877 2186 7877 2100 7877 2186 7871 2184 7871 2185 7871 2104 7780 2103 7780 2185 7780 2185 7780 2103 7780 2186 7780 2103 7779 2100 7779 2186 7779 2187 7880 2192 7880 2193 7880 2187 7881 2193 7881 2194 7881 2194 7882 2193 7882 2195 7882 2194 7883 2195 7883 2196 7883 2196 7884 2195 7884 2197 7884 2196 7885 2197 7885 2198 7885 2198 7886 2197 7886 2199 7886 2198 7887 2199 7887 2200 7887 2200 7888 2199 7888 2201 7888 2200 7889 2201 7889 2202 7889 2202 7890 2201 7890 2203 7890 2202 7891 2203 7891 2204 7891 2204 7892 2203 7892 2205 7892 2204 7893 2205 7893 2206 7893 2206 7894 2205 7894 2207 7894 2206 7895 2207 7895 2208 7895 2208 7896 2207 7896 2209 7896 2208 7897 2209 7897 2210 7897 2210 7898 2209 7898 2211 7898 2210 7899 2211 7899 2212 7899 2212 7900 2211 7900 2213 7900 2212 7901 2213 7901 2214 7901 2214 7902 2213 7902 2215 7902 2214 7903 2215 7903 2216 7903 2216 7904 2215 7904 2217 7904 2217 7905 2215 7905 2218 7905 2217 7906 2218 7906 2219 7906 2219 7907 2218 7907 2220 7907 2219 7908 2220 7908 2221 7908 2221 7909 2220 7909 2222 7909 2221 7910 2222 7910 2223 7910 2223 7911 2222 7911 2224 7911 2223 7912 2224 7912 2225 7912 2225 7913 2224 7913 2226 7913 2225 7914 2226 7914 2227 7914 2227 7915 2226 7915 2228 7915 2227 7916 2228 7916 2229 7916 2229 7917 2228 7917 2230 7917 2229 7918 2230 7918 2231 7918 2231 7919 2230 7919 2232 7919 2231 7920 2232 7920 2233 7920 2233 7921 2232 7921 2234 7921 2233 7922 2234 7922 2235 7922 2235 7923 2234 7923 2236 7923 2235 7924 2236 7924 2237 7924 2237 7925 2236 7925 2238 7925 2237 7926 2238 7926 2239 7926 2239 7927 2238 7927 2240 7927 2239 7928 2240 7928 2241 7928 2241 7929 2240 7929 2242 7929 2242 7930 2240 7930 2243 7930 2242 7931 2243 7931 2244 7931 2244 7932 2243 7932 2245 7932 2244 7933 2245 7933 2246 7933 2246 7934 2245 7934 2247 7934 2246 7935 2247 7935 2248 7935 2248 7936 2247 7936 2249 7936 2248 7937 2249 7937 2250 7937 2250 7938 2249 7938 2251 7938 2250 7939 2251 7939 2252 7939 2252 7940 2251 7940 2253 7940 2252 7941 2253 7941 2254 7941 2254 7942 2253 7942 2255 7942 2254 7943 2255 7943 2256 7943 2256 7944 2255 7944 2257 7944 2256 7945 2257 7945 2258 7945 2258 7946 2257 7946 2259 7946 2258 7947 2259 7947 2260 7947 2260 7948 2259 7948 2261 7948 2260 7949 2261 7949 2262 7949 2262 7950 2261 7950 2263 7950 2262 7951 2263 7951 2264 7951 2264 7952 2263 7952 2265 7952 2264 7953 2265 7953 2266 7953 2266 7954 2265 7954 2267 7954 2266 7955 2267 7955 2268 7955 2268 7956 2267 7956 2269 7956 2268 7957 2269 7957 2270 7957 2270 7958 2269 7958 2271 7958 2270 7959 2271 7959 2272 7959 2272 7960 2271 7960 2273 7960 2272 7961 2273 7961 2274 7961 2274 7962 2273 7962 2275 7962 2274 7963 2275 7963 2276 7963 2276 7964 2275 7964 2277 7964 2276 7965 2277 7965 2278 7965 2278 7966 2277 7966 2279 7966 2278 7967 2279 7967 2280 7967 2280 7968 2279 7968 2281 7968 2280 7969 2281 7969 2282 7969 2282 7970 2281 7970 2283 7970 2282 7971 2283 7971 2102 7971 2102 7972 2283 7972 2101 7972 2101 7973 2283 7973 2099 7973 2099 7974 2283 7974 2284 7974 2099 7975 2284 7975 2097 7975 2097 7976 2284 7976 2285 7976 2097 7977 2285 7977 2096 7977 2096 7978 2285 7978 2286 7978 2096 7979 2286 7979 2287 7979 2287 7980 2286 7980 2288 7980 2287 7981 2288 7981 2289 7981 2289 7982 2288 7982 2290 7982 2289 7983 2290 7983 2291 7983 2291 7984 2290 7984 2292 7984 2291 7985 2292 7985 2293 7985 2293 7986 2292 7986 2294 7986 2293 7987 2294 7987 2295 7987 2295 7988 2294 7988 2296 7988 2295 7989 2296 7989 2297 7989 2297 7990 2296 7990 2298 7990 2297 7991 2298 7991 2299 7991 2299 7992 2298 7992 2300 7992 2299 7993 2300 7993 2301 7993 2301 7994 2300 7994 2302 7994 2301 7995 2302 7995 2303 7995 2303 7996 2302 7996 2304 7996 2303 7997 2304 7997 2305 7997 2192 7998 2306 7998 2193 7998 2193 7999 2306 7999 2307 7999 2193 8000 2307 8000 2195 8000 2195 8001 2307 8001 2308 8001 2195 8002 2308 8002 2197 8002 2197 8003 2308 8003 2309 8003 2197 8004 2309 8004 2199 8004 2199 8005 2309 8005 2310 8005 2199 8006 2310 8006 2201 8006 2201 8007 2310 8007 2311 8007 2201 8008 2311 8008 2203 8008 2203 8009 2311 8009 2312 8009 2203 8010 2312 8010 2205 8010 2205 8011 2312 8011 2313 8011 2205 8012 2313 8012 2207 8012 2207 8013 2313 8013 2314 8013 2207 8014 2314 8014 2209 8014 2209 8015 2314 8015 2315 8015 2209 8016 2315 8016 2211 8016 2211 8017 2315 8017 2316 8017 2211 8018 2316 8018 2213 8018 2213 8019 2316 8019 2317 8019 2213 8020 2317 8020 2215 8020 2215 8021 2317 8021 2218 8021 2306 8022 2318 8022 2307 8022 2307 8023 2318 8023 2319 8023 2307 8024 2319 8024 2308 8024 2308 8025 2319 8025 2320 8025 2308 8026 2320 8026 2309 8026 2309 8027 2320 8027 2321 8027 2309 8028 2321 8028 2310 8028 2310 8029 2321 8029 2322 8029 2310 8030 2322 8030 2311 8030 2311 8031 2322 8031 2323 8031 2311 8032 2323 8032 2312 8032 2312 8033 2323 8033 2324 8033 2312 8034 2324 8034 2313 8034 2313 8035 2324 8035 2325 8035 2313 8036 2325 8036 2314 8036 2314 8037 2325 8037 2326 8037 2314 8038 2326 8038 2315 8038 2315 8039 2326 8039 2327 8039 2315 8040 2327 8040 2316 8040 2316 8041 2327 8041 2328 8041 2316 8042 2328 8042 2317 8042 2317 8043 2328 8043 2329 8043 2317 8044 2329 8044 2218 8044 2218 8045 2329 8045 2220 8045 2318 8046 2330 8046 2319 8046 2319 8047 2330 8047 2331 8047 2319 8048 2331 8048 2320 8048 2320 8049 2331 8049 2332 8049 2320 8050 2332 8050 2321 8050 2321 8051 2332 8051 2333 8051 2321 8052 2333 8052 2322 8052 2322 8053 2333 8053 2334 8053 2322 8054 2334 8054 2323 8054 2323 8055 2334 8055 2335 8055 2323 8056 2335 8056 2324 8056 2324 8057 2335 8057 2336 8057 2324 8058 2336 8058 2325 8058 2325 8059 2336 8059 2337 8059 2325 8060 2337 8060 2326 8060 2326 8061 2337 8061 2338 8061 2326 8062 2338 8062 2327 8062 2327 8063 2338 8063 2339 8063 2327 8064 2339 8064 2328 8064 2328 8065 2339 8065 2340 8065 2328 8066 2340 8066 2329 8066 2329 8067 2340 8067 2341 8067 2329 8068 2341 8068 2220 8068 2220 8069 2341 8069 2222 8069 2330 8070 2342 8070 2331 8070 2331 8071 2342 8071 2343 8071 2331 8072 2343 8072 2332 8072 2332 8073 2343 8073 2344 8073 2332 8074 2344 8074 2333 8074 2333 8075 2344 8075 2345 8075 2333 8076 2345 8076 2334 8076 2334 8077 2345 8077 2346 8077 2334 8078 2346 8078 2335 8078 2335 8079 2346 8079 2347 8079 2335 8080 2347 8080 2336 8080 2336 8081 2347 8081 2348 8081 2336 8082 2348 8082 2337 8082 2337 8083 2348 8083 2349 8083 2337 8084 2349 8084 2338 8084 2338 8085 2349 8085 2350 8085 2338 8086 2350 8086 2339 8086 2339 8087 2350 8087 2351 8087 2339 8088 2351 8088 2340 8088 2340 8089 2351 8089 2352 8089 2340 8090 2352 8090 2341 8090 2341 8091 2352 8091 2353 8091 2341 8092 2353 8092 2222 8092 2222 8093 2353 8093 2224 8093 2342 8094 2354 8094 2343 8094 2343 8095 2354 8095 2355 8095 2343 8096 2355 8096 2344 8096 2344 8097 2355 8097 2356 8097 2344 8098 2356 8098 2345 8098 2345 8099 2356 8099 2357 8099 2345 8100 2357 8100 2346 8100 2346 8101 2357 8101 2358 8101 2346 8102 2358 8102 2347 8102 2347 8103 2358 8103 2359 8103 2347 8104 2359 8104 2348 8104 2348 8105 2359 8105 2360 8105 2348 8106 2360 8106 2349 8106 2349 8107 2360 8107 2361 8107 2349 8108 2361 8108 2350 8108 2350 8109 2361 8109 2362 8109 2350 8110 2362 8110 2351 8110 2351 8111 2362 8111 2363 8111 2351 8112 2363 8112 2352 8112 2352 8113 2363 8113 2364 8113 2352 8114 2364 8114 2353 8114 2353 8115 2364 8115 2365 8115 2353 8116 2365 8116 2224 8116 2224 8117 2365 8117 2226 8117 2354 8118 2366 8118 2355 8118 2355 8119 2366 8119 2367 8119 2355 8120 2367 8120 2356 8120 2356 8121 2367 8121 2368 8121 2356 8122 2368 8122 2357 8122 2357 8123 2368 8123 2369 8123 2357 8124 2369 8124 2358 8124 2358 8125 2369 8125 2370 8125 2358 8126 2370 8126 2359 8126 2359 8127 2370 8127 2371 8127 2359 8128 2371 8128 2360 8128 2360 8129 2371 8129 2372 8129 2360 8130 2372 8130 2361 8130 2361 8131 2372 8131 2373 8131 2361 8132 2373 8132 2362 8132 2362 8133 2373 8133 2374 8133 2362 8134 2374 8134 2363 8134 2363 8135 2374 8135 2375 8135 2363 8136 2375 8136 2364 8136 2364 8137 2375 8137 2376 8137 2364 8138 2376 8138 2365 8138 2365 8139 2376 8139 2377 8139 2365 8140 2377 8140 2226 8140 2226 8141 2377 8141 2228 8141 2366 8142 2378 8142 2367 8142 2367 8143 2378 8143 2379 8143 2367 8144 2379 8144 2368 8144 2368 8145 2379 8145 2380 8145 2368 8146 2380 8146 2369 8146 2369 8147 2380 8147 2381 8147 2369 8148 2381 8148 2370 8148 2370 8149 2381 8149 2382 8149 2370 8150 2382 8150 2371 8150 2371 8151 2382 8151 2383 8151 2371 8152 2383 8152 2372 8152 2372 8153 2383 8153 2384 8153 2372 8154 2384 8154 2373 8154 2373 8155 2384 8155 2385 8155 2373 8156 2385 8156 2374 8156 2374 8157 2385 8157 2386 8157 2374 8158 2386 8158 2375 8158 2375 8159 2386 8159 2387 8159 2375 8160 2387 8160 2376 8160 2376 8161 2387 8161 2388 8161 2376 8162 2388 8162 2377 8162 2377 8163 2388 8163 2389 8163 2377 8164 2389 8164 2228 8164 2228 8165 2389 8165 2230 8165 2378 8166 2390 8166 2379 8166 2379 8167 2390 8167 2391 8167 2379 8168 2391 8168 2380 8168 2380 8169 2391 8169 2392 8169 2380 8170 2392 8170 2381 8170 2381 8171 2392 8171 2393 8171 2381 8172 2393 8172 2382 8172 2382 8173 2393 8173 2394 8173 2382 8174 2394 8174 2383 8174 2383 8175 2394 8175 2395 8175 2383 8176 2395 8176 2384 8176 2384 8177 2395 8177 2396 8177 2384 8178 2396 8178 2385 8178 2385 8179 2396 8179 2397 8179 2385 8180 2397 8180 2386 8180 2386 8181 2397 8181 2398 8181 2386 8182 2398 8182 2387 8182 2387 8183 2398 8183 2399 8183 2387 8184 2399 8184 2388 8184 2388 8185 2399 8185 2400 8185 2388 8186 2400 8186 2389 8186 2389 8187 2400 8187 2401 8187 2389 8188 2401 8188 2230 8188 2230 8189 2401 8189 2232 8189 2390 8190 2402 8190 2391 8190 2391 8191 2402 8191 2403 8191 2391 8192 2403 8192 2392 8192 2392 8193 2403 8193 2404 8193 2392 8194 2404 8194 2393 8194 2393 8195 2404 8195 2405 8195 2393 8196 2405 8196 2394 8196 2394 8197 2405 8197 2406 8197 2394 8198 2406 8198 2395 8198 2395 8199 2406 8199 2407 8199 2395 8200 2407 8200 2396 8200 2396 8201 2407 8201 2408 8201 2396 8202 2408 8202 2397 8202 2397 8203 2408 8203 2409 8203 2397 8204 2409 8204 2398 8204 2398 8205 2409 8205 2410 8205 2398 8206 2410 8206 2399 8206 2399 8207 2410 8207 2411 8207 2399 8208 2411 8208 2400 8208 2400 8209 2411 8209 2412 8209 2400 8210 2412 8210 2401 8210 2401 8211 2412 8211 2413 8211 2401 8212 2413 8212 2232 8212 2232 8213 2413 8213 2234 8213 2402 8214 2414 8214 2403 8214 2403 8215 2414 8215 2415 8215 2403 8216 2415 8216 2404 8216 2404 8217 2415 8217 2416 8217 2404 8218 2416 8218 2405 8218 2405 8219 2416 8219 2417 8219 2405 8220 2417 8220 2406 8220 2406 8221 2417 8221 2418 8221 2406 8222 2418 8222 2407 8222 2407 8223 2418 8223 2419 8223 2407 8224 2419 8224 2408 8224 2408 8225 2419 8225 2420 8225 2408 8226 2420 8226 2409 8226 2409 8227 2420 8227 2421 8227 2409 8228 2421 8228 2410 8228 2410 8229 2421 8229 2422 8229 2410 8230 2422 8230 2411 8230 2411 8231 2422 8231 2423 8231 2411 8232 2423 8232 2412 8232 2412 8233 2423 8233 2424 8233 2412 8234 2424 8234 2413 8234 2413 8235 2424 8235 2425 8235 2413 8236 2425 8236 2234 8236 2234 8237 2425 8237 2236 8237 2414 8238 2426 8238 2415 8238 2415 8239 2426 8239 2427 8239 2415 8240 2427 8240 2416 8240 2416 8241 2427 8241 2428 8241 2416 8242 2428 8242 2417 8242 2417 8243 2428 8243 2429 8243 2417 8244 2429 8244 2418 8244 2418 8245 2429 8245 2430 8245 2418 8246 2430 8246 2419 8246 2419 8247 2430 8247 2431 8247 2419 8248 2431 8248 2420 8248 2420 8249 2431 8249 2432 8249 2420 8250 2432 8250 2421 8250 2421 8251 2432 8251 2433 8251 2421 8252 2433 8252 2422 8252 2422 8253 2433 8253 2434 8253 2422 8254 2434 8254 2423 8254 2423 8255 2434 8255 2435 8255 2423 8256 2435 8256 2424 8256 2424 8257 2435 8257 2436 8257 2424 8258 2436 8258 2425 8258 2425 8259 2436 8259 2437 8259 2425 8260 2437 8260 2236 8260 2236 8261 2437 8261 2238 8261 2426 8262 2438 8262 2427 8262 2427 8263 2438 8263 2439 8263 2427 8264 2439 8264 2428 8264 2428 8265 2439 8265 2440 8265 2428 8266 2440 8266 2429 8266 2429 8267 2440 8267 2441 8267 2429 8268 2441 8268 2430 8268 2430 8269 2441 8269 2442 8269 2430 8270 2442 8270 2431 8270 2431 8271 2442 8271 2443 8271 2431 8272 2443 8272 2432 8272 2432 8273 2443 8273 2444 8273 2432 8274 2444 8274 2433 8274 2433 8275 2444 8275 2445 8275 2433 8276 2445 8276 2434 8276 2434 8277 2445 8277 2446 8277 2434 8278 2446 8278 2435 8278 2435 8279 2446 8279 2447 8279 2435 8280 2447 8280 2436 8280 2436 8281 2447 8281 2448 8281 2436 8282 2448 8282 2437 8282 2437 8283 2448 8283 2449 8283 2437 8284 2449 8284 2238 8284 2238 8285 2449 8285 2240 8285 2438 8286 2450 8286 2439 8286 2439 8287 2450 8287 2451 8287 2439 8288 2451 8288 2440 8288 2440 8289 2451 8289 2452 8289 2440 8290 2452 8290 2441 8290 2441 8291 2452 8291 2453 8291 2441 8292 2453 8292 2442 8292 2442 8293 2453 8293 2454 8293 2442 8294 2454 8294 2443 8294 2443 8295 2454 8295 2455 8295 2443 8296 2455 8296 2444 8296 2444 8297 2455 8297 2456 8297 2444 8298 2456 8298 2445 8298 2445 8299 2456 8299 2457 8299 2445 8300 2457 8300 2446 8300 2446 8301 2457 8301 2458 8301 2446 8302 2458 8302 2447 8302 2447 8303 2458 8303 2459 8303 2447 8304 2459 8304 2448 8304 2448 8305 2459 8305 2460 8305 2448 8306 2460 8306 2449 8306 2449 8307 2460 8307 2461 8307 2449 8308 2461 8308 2240 8308 2240 8309 2461 8309 2243 8309 2450 8310 2462 8310 2451 8310 2451 8311 2462 8311 2463 8311 2451 8312 2463 8312 2452 8312 2452 8313 2463 8313 2464 8313 2452 8314 2464 8314 2453 8314 2453 8315 2464 8315 2465 8315 2453 8316 2465 8316 2454 8316 2454 8317 2465 8317 2466 8317 2454 8318 2466 8318 2455 8318 2455 8319 2466 8319 2467 8319 2455 8320 2467 8320 2456 8320 2456 8321 2467 8321 2468 8321 2456 8322 2468 8322 2457 8322 2457 8323 2468 8323 2469 8323 2457 8324 2469 8324 2458 8324 2458 8325 2469 8325 2470 8325 2458 8326 2470 8326 2459 8326 2459 8327 2470 8327 2471 8327 2459 8328 2471 8328 2460 8328 2460 8329 2471 8329 2472 8329 2460 8330 2472 8330 2461 8330 2461 8331 2472 8331 2473 8331 2461 8332 2473 8332 2243 8332 2243 8333 2473 8333 2245 8333 2462 8334 2474 8334 2463 8334 2463 8335 2474 8335 2475 8335 2463 8336 2475 8336 2464 8336 2464 8337 2475 8337 2476 8337 2464 8338 2476 8338 2465 8338 2465 8339 2476 8339 2477 8339 2465 8340 2477 8340 2466 8340 2466 8341 2477 8341 2478 8341 2466 8342 2478 8342 2467 8342 2467 8343 2478 8343 2479 8343 2467 8344 2479 8344 2468 8344 2468 8345 2479 8345 2480 8345 2468 8346 2480 8346 2469 8346 2469 8347 2480 8347 2481 8347 2469 8348 2481 8348 2470 8348 2470 8349 2481 8349 2482 8349 2470 8350 2482 8350 2471 8350 2471 8351 2482 8351 2483 8351 2471 8352 2483 8352 2472 8352 2472 8353 2483 8353 2484 8353 2472 8354 2484 8354 2473 8354 2473 8355 2484 8355 2485 8355 2473 8356 2485 8356 2245 8356 2245 8357 2485 8357 2247 8357 2475 8358 2474 8358 2486 8358 2486 8359 2474 8359 2487 8359 2486 8360 2487 8360 2488 8360 2488 8361 2487 8361 2489 8361 2488 8362 2489 8362 2490 8362 2490 8363 2489 8363 2491 8363 2490 8364 2491 8364 2492 8364 2492 8365 2491 8365 2493 8365 2492 8366 2493 8366 2494 8366 2494 8367 2493 8367 2495 8367 2494 8368 2495 8368 2496 8368 2496 8369 2495 8369 2497 8369 2496 8370 2497 8370 2498 8370 2498 8371 2497 8371 2499 8371 2498 8372 2499 8372 2500 8372 2500 8373 2499 8373 2501 8373 2500 8374 2501 8374 2502 8374 2502 8375 2501 8375 2503 8375 2502 8376 2503 8376 2504 8376 2504 8377 2503 8377 2505 8377 2504 8378 2505 8378 2506 8378 2506 8379 2505 8379 2507 8379 2506 8380 2507 8380 2508 8380 2508 8381 2507 8381 2509 8381 2508 8382 2509 8382 2510 8382 2510 8383 2509 8383 2511 8383 2510 8384 2511 8384 2512 8384 2512 8385 2511 8385 2513 8385 2512 8386 2513 8386 2514 8386 2514 8387 2513 8387 2515 8387 2514 8388 2515 8388 2516 8388 2516 8389 2515 8389 2517 8389 2516 8390 2517 8390 2518 8390 2518 8391 2517 8391 2519 8391 2518 8392 2519 8392 2520 8392 2520 8393 2519 8393 2521 8393 2520 8394 2521 8394 2522 8394 2522 8395 2521 8395 2523 8395 2522 8396 2523 8396 2524 8396 2524 8397 2523 8397 2525 8397 2524 8398 2525 8398 2526 8398 2526 8399 2525 8399 2527 8399 2526 8400 2527 8400 2528 8400 2528 8401 2527 8401 2529 8401 2528 8402 2529 8402 2530 8402 2530 8403 2529 8403 2531 8403 2530 8404 2531 8404 2532 8404 2532 8405 2531 8405 2533 8405 2532 8406 2533 8406 2534 8406 2534 8407 2533 8407 2535 8407 2534 8408 2535 8408 2536 8408 2536 8409 2535 8409 2537 8409 2536 8410 2537 8410 2273 8410 2273 8411 2537 8411 2275 8411 2515 8412 2538 8412 2517 8412 2517 8413 2538 8413 2539 8413 2517 8414 2539 8414 2540 8414 2540 8415 2539 8415 2541 8415 2540 8416 2541 8416 2542 8416 2542 8417 2541 8417 2543 8417 2542 8418 2543 8418 2544 8418 2544 8419 2543 8419 2545 8419 2544 8420 2545 8420 2546 8420 2546 8421 2545 8421 2547 8421 2546 8422 2547 8422 2548 8422 2548 8423 2547 8423 2549 8423 2548 8424 2549 8424 2550 8424 2550 8425 2549 8425 2551 8425 2550 8426 2551 8426 2552 8426 2552 8427 2551 8427 2553 8427 2552 8428 2553 8428 2554 8428 2554 8429 2553 8429 2555 8429 2554 8430 2555 8430 2556 8430 2556 8431 2555 8431 2557 8431 2556 8432 2557 8432 2558 8432 2558 8433 2557 8433 2559 8433 2558 8434 2559 8434 2281 8434 2281 8435 2559 8435 2283 8435 2538 8436 2560 8436 2539 8436 2539 8437 2560 8437 2561 8437 2539 8438 2561 8438 2541 8438 2541 8439 2561 8439 2562 8439 2541 8440 2562 8440 2543 8440 2543 8441 2562 8441 2563 8441 2543 8442 2563 8442 2545 8442 2545 8443 2563 8443 2564 8443 2545 8444 2564 8444 2547 8444 2547 8445 2564 8445 2565 8445 2547 8446 2565 8446 2549 8446 2549 8447 2565 8447 2566 8447 2549 8448 2566 8448 2551 8448 2551 8449 2566 8449 2567 8449 2551 8450 2567 8450 2553 8450 2553 8451 2567 8451 2568 8451 2553 8452 2568 8452 2555 8452 2555 8453 2568 8453 2569 8453 2555 8454 2569 8454 2557 8454 2557 8455 2569 8455 2570 8455 2557 8456 2570 8456 2559 8456 2559 8457 2570 8457 2284 8457 2559 8458 2284 8458 2283 8458 2560 8459 2571 8459 2561 8459 2561 8460 2571 8460 2572 8460 2561 8461 2572 8461 2562 8461 2562 8462 2572 8462 2573 8462 2562 8463 2573 8463 2563 8463 2563 8464 2573 8464 2574 8464 2563 8465 2574 8465 2564 8465 2564 8466 2574 8466 2575 8466 2564 8467 2575 8467 2565 8467 2565 8468 2575 8468 2576 8468 2565 8469 2576 8469 2566 8469 2566 8470 2576 8470 2577 8470 2566 8471 2577 8471 2567 8471 2567 8472 2577 8472 2578 8472 2567 8473 2578 8473 2568 8473 2568 8474 2578 8474 2579 8474 2568 8475 2579 8475 2569 8475 2569 8476 2579 8476 2580 8476 2569 8477 2580 8477 2570 8477 2570 8478 2580 8478 2285 8478 2570 8479 2285 8479 2284 8479 2571 8480 2581 8480 2572 8480 2572 8481 2581 8481 2582 8481 2572 8482 2582 8482 2573 8482 2573 8483 2582 8483 2583 8483 2573 8484 2583 8484 2574 8484 2574 8485 2583 8485 2584 8485 2574 8486 2584 8486 2575 8486 2575 8487 2584 8487 2585 8487 2575 8488 2585 8488 2576 8488 2576 8489 2585 8489 2586 8489 2576 8490 2586 8490 2577 8490 2577 8491 2586 8491 2587 8491 2577 8492 2587 8492 2578 8492 2578 8493 2587 8493 2588 8493 2578 8494 2588 8494 2579 8494 2579 8495 2588 8495 2589 8495 2579 8496 2589 8496 2580 8496 2580 8497 2589 8497 2286 8497 2580 8498 2286 8498 2285 8498 2581 8499 2590 8499 2582 8499 2582 8500 2590 8500 2591 8500 2582 8501 2591 8501 2583 8501 2583 8502 2591 8502 2592 8502 2583 8503 2592 8503 2584 8503 2584 8504 2592 8504 2593 8504 2584 8505 2593 8505 2585 8505 2585 8506 2593 8506 2594 8506 2585 8507 2594 8507 2586 8507 2586 8508 2594 8508 2595 8508 2586 8509 2595 8509 2587 8509 2587 8510 2595 8510 2596 8510 2587 8511 2596 8511 2588 8511 2588 8512 2596 8512 2597 8512 2588 8513 2597 8513 2589 8513 2589 8514 2597 8514 2288 8514 2589 8515 2288 8515 2286 8515 2590 8516 2598 8516 2591 8516 2591 8517 2598 8517 2599 8517 2591 8518 2599 8518 2592 8518 2592 8519 2599 8519 2600 8519 2592 8520 2600 8520 2593 8520 2593 8521 2600 8521 2601 8521 2593 8522 2601 8522 2594 8522 2594 8523 2601 8523 2602 8523 2594 8524 2602 8524 2595 8524 2595 8525 2602 8525 2603 8525 2595 8526 2603 8526 2596 8526 2596 8527 2603 8527 2604 8527 2596 8528 2604 8528 2597 8528 2597 8529 2604 8529 2290 8529 2597 8530 2290 8530 2288 8530 2598 8531 2605 8531 2599 8531 2599 8532 2605 8532 2606 8532 2599 8533 2606 8533 2600 8533 2600 8534 2606 8534 2607 8534 2600 8535 2607 8535 2601 8535 2601 8536 2607 8536 2608 8536 2601 8537 2608 8537 2602 8537 2602 8538 2608 8538 2609 8538 2602 8539 2609 8539 2603 8539 2603 8540 2609 8540 2610 8540 2603 8541 2610 8541 2604 8541 2604 8542 2610 8542 2292 8542 2604 8543 2292 8543 2290 8543 2605 8544 2611 8544 2606 8544 2606 8545 2611 8545 2612 8545 2606 8546 2612 8546 2607 8546 2607 8547 2612 8547 2613 8547 2607 8548 2613 8548 2608 8548 2608 8549 2613 8549 2614 8549 2608 8550 2614 8550 2609 8550 2609 8551 2614 8551 2615 8551 2609 8552 2615 8552 2610 8552 2610 8553 2615 8553 2294 8553 2610 8554 2294 8554 2292 8554 2611 8555 2616 8555 2612 8555 2612 8556 2616 8556 2617 8556 2612 8557 2617 8557 2613 8557 2613 8558 2617 8558 2618 8558 2613 8559 2618 8559 2614 8559 2614 8560 2618 8560 2619 8560 2614 8561 2619 8561 2615 8561 2615 8562 2619 8562 2296 8562 2615 8563 2296 8563 2294 8563 2616 8564 2620 8564 2617 8564 2617 8565 2620 8565 2621 8565 2617 8566 2621 8566 2618 8566 2618 8567 2621 8567 2622 8567 2618 8568 2622 8568 2619 8568 2619 8569 2622 8569 2298 8569 2619 8570 2298 8570 2296 8570 2620 8571 2623 8571 2621 8571 2621 8572 2623 8572 2624 8572 2621 8573 2624 8573 2622 8573 2622 8574 2624 8574 2300 8574 2622 8575 2300 8575 2298 8575 2623 8576 2625 8576 2624 8576 2624 8577 2625 8577 2302 8577 2624 8578 2302 8578 2300 8578 2625 8579 2304 8579 2302 8579 2303 8580 2305 8580 2626 8580 2626 8581 2305 8581 2069 8581 2626 8582 2069 8582 2072 8582 2072 8583 2146 8583 2626 8583 2626 8584 2146 8584 2145 8584 2626 8585 2145 8585 2143 8585 2626 8586 2143 8586 2627 8586 2627 8587 2143 8587 2142 8587 2627 8588 2142 8588 2628 8588 2628 8589 2142 8589 2081 8589 2628 8590 2081 8590 2629 8590 2629 8591 2081 8591 2082 8591 2629 8592 2082 8592 2630 8592 2630 8593 2082 8593 2084 8593 2630 8594 2084 8594 2293 8594 2293 8595 2084 8595 2086 8595 2293 8596 2089 8596 2291 8596 2089 8597 2090 8597 2291 8597 2291 8598 2090 8598 2289 8598 2090 8599 2092 8599 2289 8599 2289 8600 2092 8600 2287 8600 2092 8601 2094 8601 2287 8601 2287 8602 2094 8602 2096 8602 2102 8603 2071 8603 2282 8603 2216 8604 2631 8604 2214 8604 2214 8605 2631 8605 2632 8605 2214 8606 2632 8606 2212 8606 2212 8607 2632 8607 2633 8607 2212 8608 2633 8608 2210 8608 2210 8609 2633 8609 2634 8609 2210 8610 2634 8610 2208 8610 2208 8611 2634 8611 2635 8611 2208 8612 2635 8612 2206 8612 2206 8613 2635 8613 2636 8613 2206 8614 2636 8614 2204 8614 2204 8615 2636 8615 2637 8615 2204 8616 2637 8616 2202 8616 2202 8617 2637 8617 2638 8617 2202 8618 2638 8618 2200 8618 2200 8619 2638 8619 2639 8619 2200 8620 2639 8620 2198 8620 2198 8621 2639 8621 2640 8621 2198 8622 2640 8622 2196 8622 2196 8623 2640 8623 2641 8623 2196 8624 2641 8624 2194 8624 2194 8625 2641 8625 2642 8625 2194 8626 2642 8626 2643 8626 2631 8627 2644 8627 2632 8627 2632 8628 2644 8628 2645 8628 2632 8629 2645 8629 2633 8629 2633 8630 2645 8630 2646 8630 2633 8631 2646 8631 2634 8631 2634 8632 2646 8632 2647 8632 2634 8633 2647 8633 2635 8633 2635 8634 2647 8634 2648 8634 2635 8635 2648 8635 2636 8635 2636 8636 2648 8636 2649 8636 2636 8637 2649 8637 2637 8637 2637 8638 2649 8638 2650 8638 2637 8639 2650 8639 2638 8639 2638 8640 2650 8640 2651 8640 2638 8641 2651 8641 2639 8641 2639 8642 2651 8642 2652 8642 2639 8643 2652 8643 2640 8643 2640 8644 2652 8644 2653 8644 2640 8645 2653 8645 2641 8645 2641 8646 2653 8646 2654 8646 2641 8647 2654 8647 2655 8647 2644 8648 2656 8648 2645 8648 2645 8649 2656 8649 2657 8649 2645 8650 2657 8650 2646 8650 2646 8651 2657 8651 2658 8651 2646 8652 2658 8652 2647 8652 2647 8653 2658 8653 2659 8653 2647 8654 2659 8654 2648 8654 2648 8655 2659 8655 2660 8655 2648 8656 2660 8656 2649 8656 2649 8657 2660 8657 2661 8657 2649 8658 2661 8658 2650 8658 2650 8659 2661 8659 2662 8659 2650 8660 2662 8660 2651 8660 2651 8661 2662 8661 2663 8661 2651 8662 2663 8662 2652 8662 2652 8663 2663 8663 2664 8663 2652 8664 2664 8664 2653 8664 2653 8665 2664 8665 2665 8665 2653 8666 2665 8666 2666 8666 2656 8667 2667 8667 2657 8667 2657 8668 2667 8668 2668 8668 2657 8669 2668 8669 2658 8669 2658 8670 2668 8670 2669 8670 2658 8671 2669 8671 2659 8671 2659 8672 2669 8672 2670 8672 2659 8673 2670 8673 2660 8673 2660 8674 2670 8674 2671 8674 2660 8675 2671 8675 2661 8675 2661 8676 2671 8676 2672 8676 2661 8677 2672 8677 2662 8677 2662 8678 2672 8678 2673 8678 2662 8679 2673 8679 2663 8679 2663 8680 2673 8680 2674 8680 2663 8681 2674 8681 2675 8681 2667 8682 2676 8682 2668 8682 2668 8683 2676 8683 2677 8683 2668 8684 2677 8684 2669 8684 2669 8685 2677 8685 2678 8685 2669 8686 2678 8686 2670 8686 2670 8687 2678 8687 2679 8687 2670 8688 2679 8688 2671 8688 2671 8689 2679 8689 2680 8689 2671 8690 2680 8690 2672 8690 2672 8691 2680 8691 2681 8691 2672 8692 2681 8692 2673 8692 2673 8693 2681 8693 2682 8693 2673 8694 2682 8694 2683 8694 2676 8695 2684 8695 2677 8695 2677 8696 2684 8696 2685 8696 2677 8697 2685 8697 2678 8697 2678 8698 2685 8698 2686 8698 2678 8699 2686 8699 2679 8699 2679 8700 2686 8700 2687 8700 2679 8701 2687 8701 2680 8701 2680 8702 2687 8702 2688 8702 2680 8703 2688 8703 2689 8703 2689 8704 2688 8704 2690 8704 2689 8705 2690 8705 2681 8705 2681 8706 2690 8706 2691 8706 2681 8707 2691 8707 2682 8707 2684 8708 2692 8708 2685 8708 2685 8709 2692 8709 2693 8709 2685 8710 2693 8710 2686 8710 2686 8711 2693 8711 2694 8711 2686 8712 2694 8712 2687 8712 2687 8713 2694 8713 2695 8713 2687 8714 2695 8714 2696 8714 2692 8715 2697 8715 2693 8715 2693 8716 2697 8716 2698 8716 2693 8717 2698 8717 2694 8717 2694 8718 2698 8718 2699 8718 2694 8719 2699 8719 2695 8719 2697 8720 2700 8720 2698 8720 2698 8721 2700 8721 2701 8721 2698 8722 2701 8722 2702 8722 2702 8723 2699 8723 2698 8723 2696 8724 2688 8724 2687 8724 2683 8725 2703 8725 2673 8725 2673 8726 2703 8726 2674 8726 2663 8727 2675 8727 2664 8727 2664 8728 2675 8728 2665 8728 2666 8729 2654 8729 2653 8729 2655 8730 2642 8730 2641 8730 2643 8731 2704 8731 2194 8731 2194 8732 2704 8732 2187 8732 2680 8733 2689 8733 2681 8733 2475 8734 2486 8734 2476 8734 2476 8735 2486 8735 2705 8735 2476 8736 2705 8736 2477 8736 2477 8737 2705 8737 2706 8737 2477 8738 2706 8738 2478 8738 2478 8739 2706 8739 2707 8739 2478 8740 2707 8740 2479 8740 2479 8741 2707 8741 2708 8741 2479 8742 2708 8742 2480 8742 2480 8743 2708 8743 2709 8743 2480 8744 2709 8744 2481 8744 2481 8745 2709 8745 2710 8745 2481 8746 2710 8746 2482 8746 2482 8747 2710 8747 2711 8747 2482 8748 2711 8748 2483 8748 2483 8749 2711 8749 2712 8749 2483 8750 2712 8750 2484 8750 2484 8751 2712 8751 2713 8751 2484 8752 2713 8752 2485 8752 2485 8753 2713 8753 2714 8753 2485 8754 2714 8754 2247 8754 2247 8755 2714 8755 2249 8755 2486 8756 2488 8756 2705 8756 2705 8757 2488 8757 2715 8757 2705 8758 2715 8758 2706 8758 2706 8759 2715 8759 2716 8759 2706 8760 2716 8760 2707 8760 2707 8761 2716 8761 2717 8761 2707 8762 2717 8762 2708 8762 2708 8763 2717 8763 2718 8763 2708 8764 2718 8764 2709 8764 2709 8765 2718 8765 2719 8765 2709 8766 2719 8766 2710 8766 2710 8767 2719 8767 2720 8767 2710 8768 2720 8768 2711 8768 2711 8769 2720 8769 2721 8769 2711 8770 2721 8770 2712 8770 2712 8771 2721 8771 2722 8771 2712 8772 2722 8772 2713 8772 2713 8773 2722 8773 2723 8773 2713 8774 2723 8774 2714 8774 2714 8775 2723 8775 2724 8775 2714 8776 2724 8776 2249 8776 2249 8777 2724 8777 2251 8777 2488 8778 2490 8778 2715 8778 2715 8779 2490 8779 2725 8779 2715 8780 2725 8780 2716 8780 2716 8781 2725 8781 2726 8781 2716 8782 2726 8782 2717 8782 2717 8783 2726 8783 2727 8783 2717 8784 2727 8784 2718 8784 2718 8785 2727 8785 2728 8785 2718 8786 2728 8786 2719 8786 2719 8787 2728 8787 2729 8787 2719 8788 2729 8788 2720 8788 2720 8789 2729 8789 2730 8789 2720 8790 2730 8790 2721 8790 2721 8791 2730 8791 2731 8791 2721 8792 2731 8792 2722 8792 2722 8793 2731 8793 2732 8793 2722 8794 2732 8794 2723 8794 2723 8795 2732 8795 2733 8795 2723 8796 2733 8796 2724 8796 2724 8797 2733 8797 2734 8797 2724 8798 2734 8798 2251 8798 2251 8799 2734 8799 2253 8799 2490 8800 2492 8800 2725 8800 2725 8801 2492 8801 2735 8801 2725 8802 2735 8802 2726 8802 2726 8803 2735 8803 2736 8803 2726 8804 2736 8804 2727 8804 2727 8805 2736 8805 2737 8805 2727 8806 2737 8806 2728 8806 2728 8807 2737 8807 2738 8807 2728 8808 2738 8808 2729 8808 2729 8809 2738 8809 2739 8809 2729 8810 2739 8810 2730 8810 2730 8811 2739 8811 2740 8811 2730 8812 2740 8812 2731 8812 2731 8813 2740 8813 2741 8813 2731 8814 2741 8814 2732 8814 2732 8815 2741 8815 2742 8815 2732 8816 2742 8816 2733 8816 2733 8817 2742 8817 2743 8817 2733 8818 2743 8818 2734 8818 2734 8819 2743 8819 2744 8819 2734 8820 2744 8820 2253 8820 2253 8821 2744 8821 2255 8821 2492 8822 2494 8822 2735 8822 2735 8823 2494 8823 2745 8823 2735 8824 2745 8824 2736 8824 2736 8825 2745 8825 2746 8825 2736 8826 2746 8826 2737 8826 2737 8827 2746 8827 2747 8827 2737 8828 2747 8828 2738 8828 2738 8829 2747 8829 2748 8829 2738 8830 2748 8830 2739 8830 2739 8831 2748 8831 2749 8831 2739 8832 2749 8832 2740 8832 2740 8833 2749 8833 2750 8833 2740 8834 2750 8834 2741 8834 2741 8835 2750 8835 2751 8835 2741 8836 2751 8836 2742 8836 2742 8837 2751 8837 2752 8837 2742 8838 2752 8838 2743 8838 2743 8839 2752 8839 2753 8839 2743 8840 2753 8840 2744 8840 2744 8841 2753 8841 2754 8841 2744 8842 2754 8842 2255 8842 2255 8843 2754 8843 2755 8843 2255 8844 2755 8844 2257 8844 2257 8845 2755 8845 2756 8845 2257 8846 2756 8846 2259 8846 2259 8847 2756 8847 2261 8847 2494 8848 2496 8848 2745 8848 2745 8849 2496 8849 2757 8849 2745 8850 2757 8850 2746 8850 2746 8851 2757 8851 2758 8851 2746 8852 2758 8852 2747 8852 2747 8853 2758 8853 2759 8853 2747 8854 2759 8854 2748 8854 2748 8855 2759 8855 2760 8855 2748 8856 2760 8856 2749 8856 2749 8857 2760 8857 2761 8857 2749 8858 2761 8858 2750 8858 2750 8859 2761 8859 2762 8859 2750 8860 2762 8860 2751 8860 2751 8861 2762 8861 2763 8861 2751 8862 2763 8862 2752 8862 2752 8863 2763 8863 2764 8863 2752 8864 2764 8864 2753 8864 2753 8865 2764 8865 2765 8865 2753 8866 2765 8866 2754 8866 2754 8867 2765 8867 2766 8867 2754 8868 2766 8868 2755 8868 2755 8869 2766 8869 2767 8869 2755 8870 2767 8870 2756 8870 2756 8871 2767 8871 2768 8871 2756 8872 2768 8872 2261 8872 2261 8873 2768 8873 2263 8873 2496 8874 2498 8874 2757 8874 2757 8875 2498 8875 2769 8875 2757 8876 2769 8876 2758 8876 2758 8877 2769 8877 2770 8877 2758 8878 2770 8878 2759 8878 2759 8879 2770 8879 2771 8879 2759 8880 2771 8880 2760 8880 2760 8881 2771 8881 2772 8881 2760 8882 2772 8882 2761 8882 2761 8883 2772 8883 2773 8883 2761 8884 2773 8884 2762 8884 2762 8885 2773 8885 2774 8885 2762 8886 2774 8886 2763 8886 2763 8887 2774 8887 2775 8887 2763 8888 2775 8888 2764 8888 2764 8889 2775 8889 2776 8889 2764 8890 2776 8890 2765 8890 2765 8891 2776 8891 2777 8891 2765 8892 2777 8892 2766 8892 2766 8893 2777 8893 2778 8893 2766 8894 2778 8894 2767 8894 2767 8895 2778 8895 2779 8895 2767 8896 2779 8896 2768 8896 2768 8897 2779 8897 2780 8897 2768 8898 2780 8898 2263 8898 2263 8899 2780 8899 2265 8899 2498 8900 2500 8900 2769 8900 2769 8901 2500 8901 2781 8901 2769 8902 2781 8902 2770 8902 2770 8903 2781 8903 2782 8903 2770 8904 2782 8904 2771 8904 2771 8905 2782 8905 2783 8905 2771 8906 2783 8906 2772 8906 2772 8907 2783 8907 2784 8907 2772 8908 2784 8908 2773 8908 2773 8909 2784 8909 2785 8909 2773 8910 2785 8910 2774 8910 2774 8911 2785 8911 2786 8911 2774 8912 2786 8912 2775 8912 2775 8913 2786 8913 2787 8913 2775 8914 2787 8914 2776 8914 2776 8915 2787 8915 2788 8915 2776 8916 2788 8916 2777 8916 2777 8917 2788 8917 2789 8917 2777 8918 2789 8918 2778 8918 2778 8919 2789 8919 2790 8919 2778 8920 2790 8920 2779 8920 2779 8921 2790 8921 2791 8921 2779 8922 2791 8922 2780 8922 2780 8923 2791 8923 2792 8923 2780 8924 2792 8924 2265 8924 2265 8925 2792 8925 2267 8925 2500 8926 2502 8926 2781 8926 2781 8927 2502 8927 2793 8927 2781 8928 2793 8928 2782 8928 2782 8929 2793 8929 2794 8929 2782 8930 2794 8930 2783 8930 2783 8931 2794 8931 2795 8931 2783 8932 2795 8932 2784 8932 2784 8933 2795 8933 2796 8933 2784 8934 2796 8934 2785 8934 2785 8935 2796 8935 2797 8935 2785 8936 2797 8936 2786 8936 2786 8937 2797 8937 2798 8937 2786 8938 2798 8938 2787 8938 2787 8939 2798 8939 2799 8939 2787 8940 2799 8940 2788 8940 2788 8941 2799 8941 2800 8941 2788 8942 2800 8942 2789 8942 2789 8943 2800 8943 2801 8943 2789 8944 2801 8944 2790 8944 2790 8945 2801 8945 2802 8945 2790 8946 2802 8946 2791 8946 2791 8947 2802 8947 2803 8947 2791 8948 2803 8948 2792 8948 2792 8949 2803 8949 2804 8949 2792 8950 2804 8950 2267 8950 2267 8951 2804 8951 2269 8951 2502 8952 2504 8952 2793 8952 2793 8953 2504 8953 2805 8953 2793 8954 2805 8954 2794 8954 2794 8955 2805 8955 2806 8955 2794 8956 2806 8956 2795 8956 2795 8957 2806 8957 2807 8957 2795 8958 2807 8958 2796 8958 2796 8959 2807 8959 2808 8959 2796 8960 2808 8960 2797 8960 2797 8961 2808 8961 2809 8961 2797 8962 2809 8962 2798 8962 2798 8963 2809 8963 2810 8963 2798 8964 2810 8964 2799 8964 2799 8965 2810 8965 2811 8965 2799 8966 2811 8966 2800 8966 2800 8967 2811 8967 2812 8967 2800 8968 2812 8968 2801 8968 2801 8969 2812 8969 2813 8969 2801 8970 2813 8970 2802 8970 2802 8971 2813 8971 2814 8971 2802 8972 2814 8972 2803 8972 2803 8973 2814 8973 2815 8973 2803 8974 2815 8974 2804 8974 2804 8975 2815 8975 2816 8975 2804 8976 2816 8976 2269 8976 2269 8977 2816 8977 2271 8977 2504 8978 2506 8978 2805 8978 2805 8979 2506 8979 2817 8979 2805 8980 2817 8980 2806 8980 2806 8981 2817 8981 2818 8981 2806 8982 2818 8982 2807 8982 2807 8983 2818 8983 2819 8983 2807 8984 2819 8984 2808 8984 2808 8985 2819 8985 2820 8985 2808 8986 2820 8986 2809 8986 2809 8987 2820 8987 2821 8987 2809 8988 2821 8988 2810 8988 2810 8989 2821 8989 2811 8989 2506 8990 2508 8990 2817 8990 2817 8991 2508 8991 2822 8991 2817 8992 2822 8992 2818 8992 2818 8993 2822 8993 2823 8993 2818 8994 2823 8994 2819 8994 2819 8995 2823 8995 2824 8995 2819 8996 2824 8996 2820 8996 2820 8997 2824 8997 2522 8997 2820 8998 2522 8998 2821 8998 2821 8999 2522 8999 2524 8999 2821 9000 2524 9000 2811 9000 2811 9001 2524 9001 2526 9001 2811 9002 2526 9002 2812 9002 2812 9003 2526 9003 2528 9003 2812 9004 2528 9004 2813 9004 2813 9005 2528 9005 2530 9005 2813 9006 2530 9006 2814 9006 2814 9007 2530 9007 2532 9007 2814 9008 2532 9008 2815 9008 2815 9009 2532 9009 2534 9009 2815 9010 2534 9010 2816 9010 2816 9011 2534 9011 2536 9011 2816 9012 2536 9012 2271 9012 2271 9013 2536 9013 2273 9013 2508 9014 2510 9014 2822 9014 2822 9015 2510 9015 2825 9015 2822 9016 2825 9016 2823 9016 2823 9017 2825 9017 2826 9017 2823 9018 2826 9018 2824 9018 2824 9019 2826 9019 2520 9019 2824 9020 2520 9020 2522 9020 2510 9021 2512 9021 2825 9021 2825 9022 2512 9022 2827 9022 2825 9023 2827 9023 2826 9023 2826 9024 2827 9024 2518 9024 2826 9025 2518 9025 2520 9025 2512 9026 2514 9026 2827 9026 2827 9027 2514 9027 2516 9027 2827 9028 2516 9028 2518 9028 2517 9029 2540 9029 2519 9029 2519 9030 2540 9030 2828 9030 2519 9031 2828 9031 2521 9031 2521 9032 2828 9032 2829 9032 2521 9033 2829 9033 2523 9033 2523 9034 2829 9034 2525 9034 2540 9035 2542 9035 2828 9035 2828 9036 2542 9036 2830 9036 2828 9037 2830 9037 2829 9037 2829 9038 2830 9038 2831 9038 2829 9039 2831 9039 2525 9039 2525 9040 2831 9040 2527 9040 2542 9041 2544 9041 2830 9041 2830 9042 2544 9042 2832 9042 2830 9043 2832 9043 2831 9043 2831 9044 2832 9044 2833 9044 2831 9045 2833 9045 2527 9045 2527 9046 2833 9046 2529 9046 2544 9047 2546 9047 2832 9047 2832 9048 2546 9048 2834 9048 2832 9049 2834 9049 2833 9049 2833 9050 2834 9050 2835 9050 2833 9051 2835 9051 2529 9051 2529 9052 2835 9052 2531 9052 2546 9053 2548 9053 2834 9053 2834 9054 2548 9054 2836 9054 2834 9055 2836 9055 2835 9055 2835 9056 2836 9056 2837 9056 2835 9057 2837 9057 2531 9057 2531 9058 2837 9058 2533 9058 2548 9059 2550 9059 2836 9059 2836 9060 2550 9060 2838 9060 2836 9061 2838 9061 2837 9061 2837 9062 2838 9062 2839 9062 2837 9063 2839 9063 2533 9063 2533 9064 2839 9064 2535 9064 2550 9065 2552 9065 2838 9065 2838 9066 2552 9066 2840 9066 2838 9067 2840 9067 2839 9067 2839 9068 2840 9068 2841 9068 2839 9069 2841 9069 2535 9069 2535 9070 2841 9070 2537 9070 2552 9071 2554 9071 2840 9071 2840 9072 2554 9072 2842 9072 2840 9073 2842 9073 2841 9073 2841 9074 2842 9074 2843 9074 2841 9075 2843 9075 2537 9075 2537 9076 2843 9076 2275 9076 2554 9077 2556 9077 2842 9077 2842 9078 2556 9078 2844 9078 2842 9079 2844 9079 2843 9079 2843 9080 2844 9080 2277 9080 2843 9081 2277 9081 2275 9081 2279 9082 2277 9082 2844 9082 2279 9083 2844 9083 2558 9083 2558 9084 2844 9084 2556 9084 2281 9085 2279 9085 2558 9085 2626 9086 2627 9086 2303 9086 2303 9087 2627 9087 2301 9087 2627 9088 2628 9088 2301 9088 2301 9089 2628 9089 2299 9089 2628 9090 2629 9090 2299 9090 2299 9091 2629 9091 2297 9091 2630 9092 2293 9092 2295 9092 2629 9093 2630 9093 2297 9093 2297 9094 2630 9094 2295 9094 2191 9095 2848 9095 2192 9095 2192 9096 2848 9096 2849 9096 2192 9097 2849 9097 2850 9097 2850 7751 2849 7751 2851 7751 2850 7841 2851 7841 2852 7841 2852 9098 2851 9098 2853 9098 2852 9099 2853 9099 2854 9099 2854 7803 2853 7803 2855 7803 2854 7754 2855 7754 2856 7754 2856 7793 2855 7793 2857 7793 2856 9100 2857 9100 2858 9100 2858 7791 2857 7791 2859 7791 2858 7791 2859 7791 2860 7791 2860 7790 2859 7790 2861 7790 2860 7789 2861 7789 2862 7789 2862 9101 2861 9101 2863 9101 2863 9102 2861 9102 2864 9102 2863 7786 2864 7786 2865 7786 2865 7811 2864 7811 2866 7811 2865 9103 2866 9103 2867 9103 2867 9104 2866 9104 2868 9104 2867 9105 2868 9105 2869 9105 2869 7781 2868 7781 2870 7781 2869 7780 2870 7780 2871 7780 2871 7814 2870 7814 2872 7814 2871 9106 2872 9106 2846 9106 2846 730 2872 730 2873 730 2846 9107 2873 9107 2874 9107 2874 7780 2873 7780 2875 7780 2874 7814 2875 7814 2876 7814 2876 7813 2875 7813 2877 7813 2876 7781 2877 7781 2878 7781 2878 7816 2877 7816 2879 7816 2878 7784 2879 7784 2880 7784 2880 7785 2879 7785 2881 7785 2880 7786 2881 7786 2882 7786 2882 7787 2881 7787 2883 7787 2882 7849 2883 7849 2884 7849 2884 7854 2883 7854 2885 7854 2884 9108 2885 9108 2674 9108 2674 9109 2885 9109 2675 9109 2675 9110 2885 9110 2886 9110 2675 9111 2886 9111 2665 9111 2665 9112 2886 9112 2887 9112 2665 9113 2887 9113 2666 9113 2666 9114 2887 9114 2888 9114 2666 9115 2888 9115 2654 9115 2654 9116 2888 9116 2655 9116 2655 9117 2888 9117 2889 9117 2655 9118 2889 9118 2642 9118 2642 9119 2889 9119 2643 9119 2643 9120 2889 9120 2848 9120 2643 9121 2848 9121 2704 9121 2704 9122 2848 9122 2187 9122 2187 9123 2848 9123 2188 9123 2188 9124 2848 9124 2191 9124 2674 9125 2703 9125 2884 9125 2884 9126 2703 9127 2683 9128 2884 9129 2683 9129 2682 9129 2884 9130 2682 9130 2890 9130 2890 9131 2682 9131 2691 9131 2890 9132 2691 9132 2690 9132 2890 9133 2690 9133 2891 9133 2891 9134 2690 9134 2688 9134 2891 9135 2688 9135 2892 9135 2892 9136 2688 9136 2696 9136 2892 9137 2696 9137 2893 9137 2893 9138 2696 9138 2695 9138 2893 9139 2695 9139 2699 9139 2893 9140 2699 9140 2894 9140 2894 9141 2699 9141 2702 9141 2894 9142 2702 9142 2701 9142 2700 9143 2846 9143 2701 9143 2701 9144 2846 9144 2895 9144 2701 9145 2895 9145 2896 9145 2896 7779 2895 7779 2897 7779 2896 7780 2897 7780 2898 7780 2898 7871 2897 7871 2899 7871 2898 7782 2899 7782 2892 7782 2892 9146 2899 9146 2891 9146 2862 9147 2900 9147 2860 9147 2860 7791 2900 7791 2901 7791 2860 7791 2901 7791 2858 7791 2858 7793 2901 7793 2902 7793 2858 9148 2902 9148 2856 9148 2856 9149 2902 9149 2903 9149 2856 7794 2903 7794 2854 7794 2854 7795 2903 7795 2904 7795 2854 7796 2904 7796 2852 7796 2852 7751 2904 7751 2905 7751 2852 9150 2905 9150 2850 9150 2850 9151 2905 9151 2192 9151 2900 9152 2906 9152 2901 9152 2901 7834 2906 7834 2907 7834 2901 7834 2907 7834 2902 7834 2902 7754 2907 7754 2908 7754 2902 7803 2908 7803 2903 7803 2903 7847 2908 7847 2909 7847 2903 7801 2909 7801 2904 7801 2904 7841 2909 7841 2910 7841 2904 7838 2910 7838 2905 7838 2905 9153 2910 9153 2192 9153 2906 9148 2911 9148 2907 9148 2907 7851 2911 7851 2912 7851 2907 7794 2912 7794 2908 7794 2908 7802 2912 7802 2913 7802 2908 7796 2913 7796 2909 7796 2909 9154 2913 9154 2914 9154 2909 9150 2914 9150 2910 9150 2910 7799 2914 7799 2847 7799 2910 9155 2847 9155 2192 9155 2911 9156 2915 9156 2912 9156 2912 7802 2915 7802 2916 7802 2912 7846 2916 7846 2913 7846 2913 7797 2916 7797 2917 7797 2913 7798 2917 7798 2914 7798 2914 9157 2917 9157 2847 9157 2915 9158 2918 9158 2916 9158 2916 7798 2918 7798 2919 7798 2916 7798 2919 7798 2917 7798 2917 7799 2919 7799 2847 7799 2918 9154 2920 9154 2919 9154 2919 9159 2920 9159 2847 9159 2849 9160 2848 9160 2921 9160 2921 7797 2848 7797 2889 7797 2921 9161 2889 9161 2922 9161 2922 9162 2889 9162 2888 9162 2922 7852 2888 7852 2923 7852 2923 7754 2888 7754 2887 7754 2923 7858 2887 7858 2924 7858 2924 9163 2887 9163 2886 9163 2924 7791 2886 7791 2925 7791 2925 9164 2886 9164 2885 9164 2925 7789 2885 7789 2883 7789 2849 7751 2921 7751 2851 7751 2851 7752 2921 7752 2926 7752 2851 7753 2926 7753 2853 7753 2853 9165 2926 9165 2927 9165 2853 7833 2927 7833 2855 7833 2855 7834 2927 7834 2928 7834 2855 7804 2928 7804 2857 7804 2857 7791 2928 7791 2929 7791 2857 9166 2929 9166 2859 9166 2859 9167 2929 9167 2930 9167 2859 7789 2930 7789 2861 7789 2861 7809 2930 7809 2864 7809 2926 7847 2921 7847 2922 7847 2926 7803 2922 7803 2931 7803 2931 7851 2922 7851 2923 7851 2931 9168 2923 9168 2932 9168 2932 9169 2923 9169 2924 9169 2932 7862 2924 7862 2933 7862 2933 7806 2924 7806 2925 7806 2933 9167 2925 9167 2934 9167 2934 7835 2925 7835 2883 7835 2934 7866 2883 7866 2881 7866 2926 7848 2931 7848 2927 7848 2927 7793 2931 7793 2935 7793 2927 7834 2935 7834 2928 7834 2928 7862 2935 7862 2936 7862 2928 7860 2936 7860 2929 7860 2929 7790 2936 7790 2937 7790 2929 7835 2937 7835 2930 7835 2930 7866 2937 7866 2938 7866 2930 7788 2938 7788 2864 7788 2864 7785 2938 7785 2866 7785 2935 7804 2931 7804 2932 7804 2935 7860 2932 7860 2939 7860 2939 9170 2932 9170 2933 9170 2939 7854 2933 7854 2940 7854 2940 7789 2933 7789 2934 7789 2940 7849 2934 7849 2941 7849 2941 7849 2934 7849 2881 7849 2941 7850 2881 7850 2879 7850 2935 7806 2939 7806 2936 7806 2936 9171 2939 9171 2942 9171 2936 7789 2942 7789 2937 7789 2937 7849 2942 7849 2943 7849 2937 7787 2943 7787 2938 7787 2938 7786 2943 7786 2944 7786 2938 7850 2944 7850 2866 7850 2866 7812 2944 7812 2868 7812 2942 7835 2939 7835 2940 7835 2942 7855 2940 7855 2945 7855 2945 7867 2940 7867 2941 7867 2945 7786 2941 7786 2946 7786 2946 7811 2941 7811 2879 7811 2946 7812 2879 7812 2877 7812 2884 9172 2890 9172 2882 9172 2882 7785 2890 7785 2947 7785 2882 7811 2947 7811 2880 7811 2880 7870 2947 7870 2948 7870 2880 9146 2948 9146 2878 9146 2878 7782 2948 7782 2949 7782 2878 7781 2949 7781 2876 7781 2876 9173 2949 9173 2950 9173 2876 7818 2950 7818 2874 7818 2874 9174 2950 9174 2846 9174 2942 7809 2945 7809 2943 7809 2943 7850 2945 7850 2951 7850 2943 9175 2951 9175 2944 9175 2944 7812 2951 7812 2952 7812 2944 7783 2952 7783 2868 7783 2868 7782 2952 7782 2870 7782 2951 7785 2945 7785 2946 7785 2890 7850 2891 7850 2947 7850 2947 7784 2891 7784 2899 7784 2947 7878 2899 7878 2948 7878 2948 7817 2899 7817 2897 7817 2948 7813 2897 7813 2949 7813 2949 7779 2897 7779 2895 7779 2949 7780 2895 7780 2950 7780 2950 9176 2895 9176 2846 9176 2951 7784 2946 7784 2953 7784 2953 7783 2946 7783 2877 7783 2953 9177 2877 9177 2875 9177 2951 9178 2953 9178 2952 9178 2952 7817 2953 7817 2954 7817 2952 7813 2954 7813 2870 7813 2870 7814 2954 7814 2872 7814 2954 7781 2953 7781 2875 7781 2892 7876 2893 7876 2898 7876 2898 7877 2893 7877 2955 7877 2898 7780 2955 7780 2896 7780 2896 9179 2955 9179 2701 9179 2872 7818 2954 7818 2873 7818 2873 7780 2954 7780 2875 7780 2701 9180 2955 9180 2894 9180 2894 7779 2955 7779 2893 7779 2957 9181 338 9181 2978 9181 2978 9182 338 9182 337 9182 2978 9183 337 9183 335 9183 2978 9184 335 9184 2979 9184 2979 9185 335 9185 333 9185 2979 9186 333 9186 2980 9186 2980 9187 333 9187 331 9187 2980 9188 331 9188 2981 9188 2981 9189 331 9189 329 9189 2981 9190 329 9190 2982 9190 2982 9191 329 9191 327 9191 2982 9192 327 9192 2983 9192 2983 9193 327 9193 325 9193 2983 9194 325 9194 2984 9194 2984 9195 325 9195 323 9195 2984 9196 323 9196 2985 9196 2985 9197 323 9197 321 9197 2985 9198 321 9198 2986 9198 2986 9199 321 9199 319 9199 2986 9200 319 9200 2987 9200 2987 9201 319 9201 317 9201 2987 9202 317 9202 2988 9202 2988 9203 317 9203 282 9203 2988 9204 282 9204 2989 9204 2989 9205 282 9205 281 9205 2989 9206 281 9206 2956 9206 2989 9207 2956 9207 2990 9207 2990 9208 2956 9208 2958 9208 2990 9209 2958 9209 2991 9209 2991 9210 2958 9210 2960 9210 2991 9211 2960 9211 2992 9211 2992 9212 2960 9212 2962 9212 2992 9213 2962 9213 2993 9213 2993 9214 2962 9214 2964 9214 2993 9215 2964 9215 2994 9215 2994 9216 2964 9216 2966 9216 2994 9217 2966 9217 2995 9217 2995 9218 2966 9218 2968 9218 2995 9219 2968 9219 2996 9219 2996 9220 2968 9220 2970 9220 2996 9221 2970 9221 2997 9221 2997 9222 2970 9222 2972 9222 2997 9223 2972 9223 2998 9223 2998 9224 2972 9224 2974 9224 2998 9225 2974 9225 2999 9225 2999 9226 2974 9226 2976 9226 2999 9227 2976 9227 3000 9227 3000 9228 2976 9228 2847 9228 3000 9229 2847 9229 2920 9229 2920 9230 2918 9230 3000 9230 3000 9231 2918 9231 3001 9231 3000 9232 3001 9232 2999 9232 2999 9233 3001 9233 3002 9233 2999 9234 3002 9234 2998 9234 2998 9235 3002 9235 3003 9235 2998 9236 3003 9236 2997 9236 2997 9237 3003 9237 3004 9237 2997 9238 3004 9238 2996 9238 2996 9239 3004 9239 3005 9239 2996 9240 3005 9240 2995 9240 2995 9241 3005 9241 3006 9241 2995 9242 3006 9242 2994 9242 2994 9243 3006 9243 3007 9243 2994 9244 3007 9244 2993 9244 2993 9245 3007 9245 3008 9245 2993 9246 3008 9246 2992 9246 2992 9247 3008 9247 3009 9247 2992 9248 3009 9248 2991 9248 2991 9249 3009 9249 3010 9249 2991 9250 3010 9250 2990 9250 2990 9251 3010 9251 3011 9251 2990 9252 3011 9252 2989 9252 2989 9253 3011 9253 2988 9253 2918 9254 2915 9254 3001 9254 3001 9255 2915 9255 3012 9255 3001 9256 3012 9256 3002 9256 3002 9257 3012 9257 3013 9257 3002 9258 3013 9258 3003 9258 3003 9259 3013 9259 3014 9259 3003 9260 3014 9260 3004 9260 3004 9261 3014 9261 3015 9261 3004 9262 3015 9262 3005 9262 3005 9263 3015 9263 3016 9263 3005 9264 3016 9264 3006 9264 3006 9265 3016 9265 3017 9265 3006 9266 3017 9266 3007 9266 3007 9267 3017 9267 3018 9267 3007 9268 3018 9268 3008 9268 3008 9269 3018 9269 3019 9269 3008 9270 3019 9270 3009 9270 3009 9271 3019 9271 3020 9271 3009 9272 3020 9272 3010 9272 3010 9273 3020 9273 3021 9273 3010 9274 3021 9274 3011 9274 3011 9275 3021 9275 3022 9275 3011 9276 3022 9276 2988 9276 2988 9277 3022 9277 2987 9277 2915 9278 2911 9278 3012 9278 3012 9279 2911 9279 3023 9279 3012 9280 3023 9280 3013 9280 3013 9281 3023 9281 3024 9281 3013 9282 3024 9282 3014 9282 3014 9283 3024 9283 3025 9283 3014 9284 3025 9284 3015 9284 3015 9285 3025 9285 3026 9285 3015 9286 3026 9286 3016 9286 3016 9287 3026 9287 3027 9287 3016 9288 3027 9288 3017 9288 3017 9289 3027 9289 3028 9289 3017 9290 3028 9290 3018 9290 3018 9291 3028 9291 3029 9291 3018 9292 3029 9292 3019 9292 3019 9293 3029 9293 3030 9293 3019 9294 3030 9294 3020 9294 3020 9295 3030 9295 3031 9295 3020 9296 3031 9296 3021 9296 3021 9297 3031 9297 3032 9297 3021 9298 3032 9298 3022 9298 3022 9299 3032 9299 3033 9299 3022 9300 3033 9300 2987 9300 2987 9301 3033 9301 2986 9301 2911 9302 2906 9302 3023 9302 3023 9303 2906 9303 3034 9303 3023 9304 3034 9304 3024 9304 3024 9305 3034 9305 3035 9305 3024 9306 3035 9306 3025 9306 3025 9307 3035 9307 3036 9307 3025 9308 3036 9308 3026 9308 3026 9309 3036 9309 3037 9309 3026 9310 3037 9310 3027 9310 3027 9311 3037 9311 3038 9311 3027 9312 3038 9312 3028 9312 3028 9313 3038 9313 3039 9313 3028 9314 3039 9314 3029 9314 3029 9315 3039 9315 3040 9315 3029 9316 3040 9316 3030 9316 3030 9317 3040 9317 3041 9317 3030 9318 3041 9318 3031 9318 3031 9319 3041 9319 3042 9319 3031 9320 3042 9320 3032 9320 3032 9321 3042 9321 3043 9321 3032 9322 3043 9322 3033 9322 3033 9323 3043 9323 3044 9323 3033 9324 3044 9324 2986 9324 2986 9325 3044 9325 2985 9325 2906 9326 2900 9326 3034 9326 3034 9327 2900 9327 3045 9327 3034 9328 3045 9328 3035 9328 3035 9329 3045 9329 3046 9329 3035 9330 3046 9330 3036 9330 3036 9331 3046 9331 3047 9331 3036 9332 3047 9332 3037 9332 3037 9333 3047 9333 3048 9333 3037 9334 3048 9334 3038 9334 3038 9335 3048 9335 3049 9335 3038 9336 3049 9336 3039 9336 3039 9337 3049 9337 3050 9337 3039 9338 3050 9338 3040 9338 3040 9339 3050 9339 3051 9339 3040 9340 3051 9340 3041 9340 3041 9341 3051 9341 3052 9341 3041 9342 3052 9342 3042 9342 3042 9343 3052 9343 3053 9343 3042 9344 3053 9344 3043 9344 3043 9345 3053 9345 3054 9345 3043 9346 3054 9346 3044 9346 3044 9347 3054 9347 3055 9347 3044 9348 3055 9348 2985 9348 2985 9349 3055 9349 2984 9349 2900 9350 2862 9350 3045 9350 3045 9351 2862 9351 3056 9351 3045 9352 3056 9352 3046 9352 3046 9353 3056 9353 3057 9353 3046 9354 3057 9354 3047 9354 3047 9355 3057 9355 3058 9355 3047 9356 3058 9356 3048 9356 3048 9357 3058 9357 3059 9357 3048 9358 3059 9358 3049 9358 3049 9359 3059 9359 3060 9359 3049 9360 3060 9360 3050 9360 3050 9361 3060 9361 3061 9361 3050 9362 3061 9362 3051 9362 3051 9363 3061 9363 3062 9363 3051 9364 3062 9364 3052 9364 3052 9365 3062 9365 3063 9365 3052 9366 3063 9366 3053 9366 3053 9367 3063 9367 3064 9367 3053 9368 3064 9368 3054 9368 3054 9369 3064 9369 3065 9369 3054 9370 3065 9370 3055 9370 3055 9371 3065 9371 3066 9371 3055 9372 3066 9372 2984 9372 2984 9373 3066 9373 2983 9373 2862 9374 2863 9374 3056 9374 3056 9375 2863 9375 3067 9375 3056 9376 3067 9376 3057 9376 3057 9377 3067 9377 3068 9377 3057 9378 3068 9378 3058 9378 3058 9379 3068 9379 3069 9379 3058 9380 3069 9380 3059 9380 3059 9381 3069 9381 3070 9381 3059 9382 3070 9382 3060 9382 3060 9383 3070 9383 3071 9383 3060 9384 3071 9384 3061 9384 3061 9385 3071 9385 3072 9385 3061 9386 3072 9386 3062 9386 3062 9387 3072 9387 3073 9387 3062 9388 3073 9388 3063 9388 3063 9389 3073 9389 3074 9389 3063 9390 3074 9390 3064 9390 3064 9391 3074 9391 3075 9391 3064 9392 3075 9392 3065 9392 3065 9393 3075 9393 3076 9393 3065 9394 3076 9394 3066 9394 3066 9395 3076 9395 3077 9395 3066 9396 3077 9396 2983 9396 2983 9397 3077 9397 2982 9397 2863 9398 2865 9398 3067 9398 3067 9399 2865 9399 3078 9399 3067 9400 3078 9400 3068 9400 3068 9401 3078 9401 3079 9401 3068 9402 3079 9402 3069 9402 3069 9403 3079 9403 3080 9403 3069 9404 3080 9404 3070 9404 3070 9405 3080 9405 3081 9405 3070 9406 3081 9406 3071 9406 3071 9407 3081 9407 3082 9407 3071 9408 3082 9408 3072 9408 3072 9409 3082 9409 3083 9409 3072 9410 3083 9410 3073 9410 3073 9411 3083 9411 3084 9411 3073 9412 3084 9412 3074 9412 3074 9413 3084 9413 3085 9413 3074 9414 3085 9414 3075 9414 3075 9415 3085 9415 3086 9415 3075 9416 3086 9416 3076 9416 3076 9417 3086 9417 3087 9417 3076 9418 3087 9418 3077 9418 3077 9419 3087 9419 3088 9419 3077 9420 3088 9420 2982 9420 2982 9421 3088 9421 2981 9421 2865 9422 2867 9422 3078 9422 3078 9423 2867 9423 3089 9423 3078 9424 3089 9424 3079 9424 3079 9425 3089 9425 3090 9425 3079 9426 3090 9426 3080 9426 3080 9427 3090 9427 3091 9427 3080 9428 3091 9428 3081 9428 3081 9429 3091 9429 3092 9429 3081 9430 3092 9430 3082 9430 3082 9431 3092 9431 3093 9431 3082 9432 3093 9432 3083 9432 3083 9433 3093 9433 3094 9433 3083 9434 3094 9434 3084 9434 3084 9435 3094 9435 3095 9435 3084 9436 3095 9436 3085 9436 3085 9437 3095 9437 3096 9437 3085 9438 3096 9438 3086 9438 3086 9439 3096 9439 3097 9439 3086 9440 3097 9440 3087 9440 3087 9441 3097 9441 3098 9441 3087 9442 3098 9442 3088 9442 3088 9443 3098 9443 3099 9443 3088 9444 3099 9444 2981 9444 2981 9445 3099 9445 2980 9445 2867 9446 2869 9446 3089 9446 3089 9447 2869 9447 3100 9447 3089 9448 3100 9448 3090 9448 3090 9449 3100 9449 3101 9449 3090 9450 3101 9450 3091 9450 3091 9451 3101 9451 3102 9451 3091 9452 3102 9452 3092 9452 3092 9453 3102 9453 3103 9453 3092 9454 3103 9454 3093 9454 3093 9455 3103 9455 3104 9455 3093 9456 3104 9456 3094 9456 3094 9457 3104 9457 3105 9457 3094 9458 3105 9458 3095 9458 3095 9459 3105 9459 3106 9459 3095 9460 3106 9460 3096 9460 3096 9461 3106 9461 3107 9461 3096 9462 3107 9462 3097 9462 3097 9463 3107 9463 3108 9463 3097 9464 3108 9464 3098 9464 3098 9465 3108 9465 3109 9465 3098 9466 3109 9466 3099 9466 3099 9467 3109 9467 3110 9467 3099 9468 3110 9468 2980 9468 2980 9469 3110 9469 2979 9469 2869 9470 2871 9470 3100 9470 3100 9471 2871 9471 3111 9471 3100 9472 3111 9472 3101 9472 3101 9473 3111 9473 3112 9473 3101 9474 3112 9474 3102 9474 3102 9475 3112 9475 3113 9475 3102 9476 3113 9476 3103 9476 3103 9477 3113 9477 3114 9477 3103 9478 3114 9478 3104 9478 3104 9479 3114 9479 3115 9479 3104 9480 3115 9480 3105 9480 3105 9481 3115 9481 3116 9481 3105 9482 3116 9482 3106 9482 3106 9483 3116 9483 3117 9483 3106 9484 3117 9484 3107 9484 3107 9485 3117 9485 3118 9485 3107 9486 3118 9486 3108 9486 3108 9487 3118 9487 3119 9487 3108 9488 3119 9488 3109 9488 3109 9489 3119 9489 3120 9489 3109 9490 3120 9490 3110 9490 3110 9491 3120 9491 3121 9491 3110 9492 3121 9492 2979 9492 2979 9493 3121 9493 2978 9493 2871 9494 2846 9494 3111 9494 3111 9495 2846 9495 2977 9495 3111 9496 2977 9496 3112 9496 3112 9497 2977 9497 2975 9497 3112 9498 2975 9498 3113 9498 3113 9499 2975 9499 2973 9499 3113 9500 2973 9500 3114 9500 3114 9501 2973 9501 2971 9501 3114 9502 2971 9502 3115 9502 3115 9503 2971 9503 2969 9503 3115 9504 2969 9504 3116 9504 3116 9505 2969 9505 2967 9505 3116 9506 2967 9506 3117 9506 3117 9507 2967 9507 2965 9507 3117 9508 2965 9508 3118 9508 3118 9509 2965 9509 2963 9509 3118 9510 2963 9510 3119 9510 3119 9511 2963 9511 2961 9511 3119 9512 2961 9512 3120 9512 3120 9513 2961 9513 2959 9513 3120 9514 2959 9514 3121 9514 3121 9515 2959 9515 2957 9515 3121 9516 2957 9516 2978 9516 3743 9517 3744 9517 3739 9517 3724 9518 3781 9518 3782 9518 4216 1204 3782 1204 3781 1204 4218 1330 3780 1330 3779 1330 4223 9519 3775 9519 3774 9519 4225 1327 3773 1327 3772 1327 4225 9520 3772 9520 4226 9520 4226 1325 3772 1325 3771 1325 4227 9521 3771 9521 3770 9521 4228 9522 3769 9522 4229 9522 4229 1322 3769 1322 3768 1322 4231 9523 3767 9523 3766 9523 4237 1233 3737 1233 3736 1233 4241 1314 3760 1314 3759 1314 4244 9524 3757 9524 3756 9524 4244 1312 3756 1312 4245 1312 4245 1312 3756 1312 3755 1312 4247 1310 3754 1310 3753 1310 4249 1308 3742 1308 3741 1308 4277 1255 4276 1255 4278 1255 4279 1254 4278 1254 4280 1254 4291 1244 4290 1244 4292 1244 4299 9525 4298 9525 4300 9525 4315 9526 4314 9526 4316 9526 4317 1226 4316 1226 4318 1226 4321 1223 4320 1223 4322 1223 4343 1210 4342 1210 4344 1210 4345 9527 4344 9527 4346 9527 4349 9528 4348 9528 4350 9528 4352 9529 4350 9529 4353 9529 4354 9530 4264 9530 4262 9530 3743 1234 3739 1234 4260 1234 4260 1234 3739 1234 3794 1234 4260 1234 3794 1234 4261 1234 4261 1234 3794 1234 3809 1234 4261 1234 3809 1234 4354 1234 4354 9531 3809 9531 4376 9531 4354 9532 4376 9532 4375 9532 3805 1234 3804 1234 3739 1234 3739 1234 3804 1234 3803 1234 3739 1234 3803 1234 3802 1234 3802 1234 3801 1234 3739 1234 3739 9533 3801 9533 3800 9533 3739 1234 3800 1234 3799 1234 3799 1234 3798 1234 3739 1234 3739 1234 3798 1234 3797 1234 3739 1234 3797 1234 3796 1234 3796 9534 3795 9534 3739 9534 3739 9535 3795 9535 3794 9535 4375 1234 4374 1234 4354 1234 4354 9536 4374 9536 4373 9536 4354 9537 4373 9537 4372 9537 4372 1234 4371 1234 4354 1234 4354 9538 4371 9538 4370 9538 4354 1234 4370 1234 4369 1234 4369 1234 4368 1234 4354 1234 4354 1234 4368 1234 4367 1234 4354 1234 4367 1234 4366 1234 4354 1234 4262 1234 4261 1234 4261 1234 4351 1234 4260 1234 4260 1234 4351 1234 4215 1234 4215 1234 4351 1234 4388 1234 4215 1234 4388 1234 3712 1234 4352 1234 4353 1234 4351 1234 4351 1234 4353 1234 4388 1234 4399 1234 4398 1234 4353 1234 4353 1234 4398 1234 4397 1234 4353 1234 4397 1234 4396 1234 4396 1234 4395 1234 4353 1234 4353 9539 4395 9539 4394 9539 4353 1234 4394 1234 4393 1234 4393 9540 4392 9540 4353 9540 4353 9541 4392 9541 4391 9541 4353 1234 4391 1234 4390 1234 4390 1234 4389 1234 4353 1234 4353 9542 4389 9542 4388 9542 4215 1234 3712 1234 3724 1234 3724 9543 3712 9543 3735 9543 3724 9544 3735 9544 3734 9544 3734 1234 3733 1234 3724 1234 3724 1234 3733 1234 3732 1234 3724 9545 3732 9545 3731 9545 3731 1234 3730 1234 3724 1234 3724 9546 3730 9546 3729 9546 3724 9547 3729 9547 3728 9547 3728 1234 3727 1234 3724 1234 3724 1234 3727 1234 3726 1234 3724 1234 3726 1234 3725 1234 3724 1234 3782 1234 4215 1234 4474 9548 4475 9548 4476 9548 4476 9549 4475 9549 4477 9549 4477 9550 4475 9550 4478 9550 4478 9551 4475 9551 4479 9551 4479 9552 4475 9552 4480 9552 4480 9553 4475 9553 4481 9553 4481 9554 4475 9554 4482 9554 4482 9555 4475 9555 4483 9555 4483 9556 4475 9556 4484 9556 4484 9557 4475 9557 4485 9557 4485 9558 4475 9558 4486 9558 4486 9559 4475 9559 4487 9559 4488 9560 4475 9560 4489 9560 4489 9561 4475 9561 4490 9561 4490 9562 4475 9562 4491 9562 4491 9563 4475 9563 4492 9563 4492 9564 4475 9564 4493 9564 4493 9565 4475 9565 4494 9565 4494 9566 4475 9566 4495 9566 4495 9567 4475 9567 4496 9567 4496 9568 4475 9568 4497 9568 4497 9569 4475 9569 4498 9569 4498 9570 4475 9570 4499 9570 4500 9571 4475 9571 4501 9571 4501 9572 4475 9572 4502 9572 4502 9573 4475 9573 4503 9573 4503 9574 4475 9574 4504 9574 4504 9575 4475 9575 4505 9575 4505 9576 4475 9576 4506 9576 4506 9577 4475 9577 4507 9577 4507 9578 4475 9578 4508 9578 4508 9579 4475 9579 4509 9579 4509 9580 4475 9580 4510 9580 4510 9581 4475 9581 4511 9581 4511 9582 4475 9582 4474 9582 4623 9583 4660 9583 4624 9583 4624 9584 4660 9584 4661 9584 4624 9585 4661 9585 4625 9585 4625 9586 4661 9586 4662 9586 4625 9587 4662 9587 4626 9587 4626 9588 4662 9588 4663 9588 4626 9589 4663 9589 4627 9589 4627 9590 4663 9590 4664 9590 4627 9591 4664 9591 4628 9591 4628 9592 4664 9592 4665 9592 4628 9593 4665 9593 4629 9593 4629 9594 4665 9594 4666 9594 4629 9595 4666 9595 4630 9595 4630 9596 4666 9596 4667 9596 4630 9597 4667 9597 4631 9597 4631 9598 4667 9598 4668 9598 4631 9599 4668 9599 4632 9599 4632 9600 4668 9600 4669 9600 4632 9601 4669 9601 4633 9601 4633 9602 4669 9602 4670 9602 4633 9603 4670 9603 4634 9603 4634 9604 4670 9604 4671 9604 4634 9605 4671 9605 4635 9605 4635 9606 4671 9606 4672 9606 4635 9607 4672 9607 4636 9607 4636 9608 4672 9608 4673 9608 4636 9609 4673 9609 4637 9609 4637 9610 4673 9610 4674 9610 4637 9611 4674 9611 4638 9611 4638 9612 4674 9612 4675 9612 4638 9613 4675 9613 4639 9613 4639 9614 4675 9614 4676 9614 4639 9615 4676 9615 4640 9615 4640 9616 4676 9616 4677 9616 4640 9617 4677 9617 4641 9617 4641 9618 4677 9618 4678 9618 4641 9619 4678 9619 4642 9619 4642 9620 4678 9620 4679 9620 4642 9621 4679 9621 4643 9621 4643 9622 4679 9622 4680 9622 4643 9623 4680 9623 4644 9623 4644 9624 4680 9624 4681 9624 4644 9625 4681 9625 4645 9625 4645 9626 4681 9626 4682 9626 4645 9627 4682 9627 4646 9627 4646 9628 4682 9628 4683 9628 4646 9629 4683 9629 4647 9629 4647 9630 4683 9630 4684 9630 4647 9631 4684 9631 4648 9631 4648 9632 4684 9632 4685 9632 4648 9633 4685 9633 4649 9633 4649 9634 4685 9634 4686 9634 4649 9635 4686 9635 4650 9635 4650 9636 4686 9636 4687 9636 4650 9637 4687 9637 4651 9637 4651 9638 4687 9638 4688 9638 4651 9639 4688 9639 4652 9639 4652 9640 4688 9640 4689 9640 4652 9641 4689 9641 4653 9641 4653 9642 4689 9642 4690 9642 4653 9643 4690 9643 4654 9643 4654 9644 4690 9644 4691 9644 4654 9645 4691 9645 4655 9645 4655 9646 4691 9646 4692 9646 4655 9647 4692 9647 4656 9647 4656 9648 4692 9648 4693 9648 4656 9649 4693 9649 4657 9649 4657 9650 4693 9650 4694 9650 4657 9651 4694 9651 4658 9651 4658 9652 4694 9652 4695 9652 4658 9653 4695 9653 4659 9653 4659 9654 4695 9654 4696 9654 4659 9655 4696 9655 4623 9655 4623 9656 4696 9656 4660 9656 4660 9657 4697 9657 4661 9657 4661 9658 4697 9658 4698 9658 4661 9659 4698 9659 4662 9659 4662 9660 4698 9660 4699 9660 4662 9661 4699 9661 4663 9661 4663 9662 4699 9662 4700 9662 4663 9663 4700 9663 4664 9663 4664 9664 4700 9664 4701 9664 4664 9665 4701 9665 4665 9665 4665 9666 4701 9666 4702 9666 4665 9667 4702 9667 4666 9667 4666 9668 4702 9668 4703 9668 4666 9669 4703 9669 4667 9669 4667 9670 4703 9670 4704 9670 4667 9671 4704 9671 4668 9671 4668 9672 4704 9672 4705 9672 4668 9673 4705 9673 4669 9673 4669 9674 4705 9674 4706 9674 4669 9675 4706 9675 4670 9675 4670 9676 4706 9676 4707 9676 4670 9677 4707 9677 4671 9677 4671 9678 4707 9678 4708 9678 4671 9679 4708 9679 4672 9679 4672 9680 4708 9680 4709 9680 4672 9681 4709 9681 4673 9681 4673 9682 4709 9682 4710 9682 4673 9683 4710 9683 4674 9683 4674 9684 4710 9684 4711 9684 4674 9685 4711 9685 4675 9685 4675 9686 4711 9686 4712 9686 4675 9687 4712 9687 4676 9687 4676 9688 4712 9688 4713 9688 4676 9689 4713 9689 4677 9689 4677 9690 4713 9690 4714 9690 4677 9691 4714 9691 4678 9691 4678 9692 4714 9692 4715 9692 4678 9693 4715 9693 4679 9693 4679 9694 4715 9694 4716 9694 4679 9695 4716 9695 4680 9695 4680 9696 4716 9696 4717 9696 4680 9697 4717 9697 4681 9697 4681 9698 4717 9698 4718 9698 4681 9699 4718 9699 4682 9699 4682 9700 4718 9700 4719 9700 4682 9701 4719 9701 4683 9701 4683 9702 4719 9702 4720 9702 4683 9703 4720 9703 4684 9703 4684 9704 4720 9704 4721 9704 4684 9705 4721 9705 4685 9705 4685 9706 4721 9706 4722 9706 4685 9707 4722 9707 4686 9707 4686 9708 4722 9708 4723 9708 4686 9709 4723 9709 4687 9709 4687 9710 4723 9710 4724 9710 4687 9711 4724 9711 4688 9711 4688 9712 4724 9712 4725 9712 4688 9713 4725 9713 4689 9713 4689 9714 4725 9714 4726 9714 4689 9715 4726 9715 4690 9715 4690 9716 4726 9716 4727 9716 4690 9717 4727 9717 4691 9717 4691 9718 4727 9718 4728 9718 4691 9719 4728 9719 4692 9719 4692 9720 4728 9720 4729 9720 4692 9721 4729 9721 4693 9721 4693 9722 4729 9722 4730 9722 4693 9723 4730 9723 4694 9723 4694 9724 4730 9724 4731 9724 4694 9725 4731 9725 4695 9725 4695 9726 4731 9726 4732 9726 4695 9727 4732 9727 4696 9727 4696 9728 4732 9728 4733 9728 4696 9729 4733 9729 4660 9729 4660 9730 4733 9730 4697 9730 4697 9731 4734 9731 4698 9731 4698 9732 4734 9732 4735 9732 4698 9733 4735 9733 4699 9733 4699 9734 4735 9734 4736 9734 4699 9735 4736 9735 4700 9735 4700 9736 4736 9736 4737 9736 4700 9737 4737 9737 4701 9737 4701 9738 4737 9738 4738 9738 4701 9739 4738 9739 4702 9739 4702 9740 4738 9740 4739 9740 4702 9741 4739 9741 4703 9741 4703 9742 4739 9742 4740 9742 4703 9743 4740 9743 4704 9743 4704 9744 4740 9744 4741 9744 4704 9745 4741 9745 4705 9745 4705 9746 4741 9746 4742 9746 4705 9747 4742 9747 4706 9747 4706 9748 4742 9748 4743 9748 4706 9749 4743 9749 4707 9749 4707 9750 4743 9750 4744 9750 4707 9751 4744 9751 4708 9751 4708 9752 4744 9752 4745 9752 4708 9753 4745 9753 4709 9753 4709 9754 4745 9754 4746 9754 4709 9755 4746 9755 4710 9755 4710 9756 4746 9756 4747 9756 4710 9757 4747 9757 4711 9757 4711 9758 4747 9758 4748 9758 4711 9759 4748 9759 4712 9759 4712 9760 4748 9760 4749 9760 4712 9761 4749 9761 4713 9761 4713 9762 4749 9762 4750 9762 4713 9763 4750 9763 4714 9763 4714 9764 4750 9764 4751 9764 4714 9765 4751 9765 4715 9765 4715 9766 4751 9766 4752 9766 4715 9767 4752 9767 4716 9767 4716 9768 4752 9768 4753 9768 4716 9769 4753 9769 4717 9769 4717 9770 4753 9770 4754 9770 4717 9771 4754 9771 4718 9771 4718 9772 4754 9772 4755 9772 4718 9773 4755 9773 4719 9773 4719 9774 4755 9774 4756 9774 4719 9775 4756 9775 4720 9775 4720 9776 4756 9776 4757 9776 4720 9777 4757 9777 4721 9777 4721 9778 4757 9778 4758 9778 4721 9779 4758 9779 4722 9779 4722 9780 4758 9780 4759 9780 4722 9781 4759 9781 4723 9781 4723 9782 4759 9782 4760 9782 4723 9783 4760 9783 4724 9783 4724 9784 4760 9784 4761 9784 4724 9785 4761 9785 4725 9785 4725 9786 4761 9786 4762 9786 4725 9787 4762 9787 4726 9787 4726 9788 4762 9788 4763 9788 4726 9789 4763 9789 4727 9789 4727 9790 4763 9790 4764 9790 4727 9791 4764 9791 4728 9791 4728 9792 4764 9792 4765 9792 4728 9793 4765 9793 4729 9793 4729 9794 4765 9794 4766 9794 4729 9795 4766 9795 4730 9795 4730 9796 4766 9796 4767 9796 4730 9797 4767 9797 4731 9797 4731 9798 4767 9798 4768 9798 4731 9799 4768 9799 4732 9799 4732 9800 4768 9800 4769 9800 4732 9801 4769 9801 4733 9801 4733 9802 4769 9802 4770 9802 4733 9803 4770 9803 4697 9803 4697 9804 4770 9804 4734 9804 4734 9805 4474 9805 4735 9805 4735 9806 4474 9806 4476 9806 4735 9807 4476 9807 4736 9807 4736 9808 4476 9808 4477 9808 4736 9809 4477 9809 4737 9809 4737 9810 4477 9810 4478 9810 4737 9811 4478 9811 4738 9811 4738 9812 4478 9812 4479 9812 4738 9813 4479 9813 4739 9813 4739 9814 4479 9814 4480 9814 4739 9815 4480 9815 4740 9815 4740 9816 4480 9816 4481 9816 4740 9817 4481 9817 4741 9817 4741 9818 4481 9818 4482 9818 4741 9819 4482 9819 4742 9819 4742 9820 4482 9820 4483 9820 4742 9821 4483 9821 4743 9821 4743 9822 4483 9822 4484 9822 4743 9823 4484 9823 4744 9823 4744 9824 4484 9824 4485 9824 4744 9825 4485 9825 4745 9825 4745 9826 4485 9826 4486 9826 4745 9827 4486 9827 4746 9827 4746 9828 4486 9828 4487 9828 4746 9829 4487 9829 4747 9829 4747 9830 4487 9830 4488 9830 4747 9831 4488 9831 4748 9831 4748 9832 4488 9832 4489 9832 4748 9833 4489 9833 4749 9833 4749 9834 4489 9834 4490 9834 4749 9835 4490 9835 4750 9835 4750 9836 4490 9836 4491 9836 4750 9837 4491 9837 4751 9837 4751 9838 4491 9838 4492 9838 4751 9839 4492 9839 4752 9839 4752 9840 4492 9840 4493 9840 4752 9841 4493 9841 4753 9841 4753 9842 4493 9842 4494 9842 4753 9843 4494 9843 4754 9843 4754 9844 4494 9844 4495 9844 4754 9845 4495 9845 4755 9845 4755 9846 4495 9846 4496 9846 4755 9847 4496 9847 4756 9847 4756 9848 4496 9848 4497 9848 4756 9849 4497 9849 4757 9849 4757 9850 4497 9850 4498 9850 4757 9851 4498 9851 4758 9851 4758 9852 4498 9852 4499 9852 4758 9853 4499 9853 4759 9853 4759 9854 4499 9854 4500 9854 4759 9855 4500 9855 4760 9855 4760 9856 4500 9856 4501 9856 4760 9857 4501 9857 4761 9857 4761 9858 4501 9858 4502 9858 4761 9859 4502 9859 4762 9859 4762 9860 4502 9860 4503 9860 4762 9861 4503 9861 4763 9861 4763 9862 4503 9862 4504 9862 4763 9863 4504 9863 4764 9863 4764 9864 4504 9864 4505 9864 4764 9865 4505 9865 4765 9865 4765 9866 4505 9866 4506 9866 4765 9867 4506 9867 4766 9867 4766 9868 4506 9868 4507 9868 4766 9869 4507 9869 4767 9869 4767 9870 4507 9870 4508 9870 4767 9871 4508 9871 4768 9871 4768 9872 4508 9872 4509 9872 4768 9873 4509 9873 4769 9873 4769 9874 4509 9874 4510 9874 4769 9875 4510 9875 4770 9875 4770 9876 4510 9876 4511 9876 4770 9877 4511 9877 4734 9877 4734 9878 4511 9878 4474 9878 4487 9879 4475 9879 4488 9879 4499 9880 4475 9880 4500 9880 4882 9881 4883 9881 4884 9881 4884 9882 4883 9882 4885 9882 4885 9883 4883 9883 4886 9883 4886 9884 4883 9884 4887 9884 4887 9885 4883 9885 4888 9885 4888 9886 4883 9886 4889 9886 4889 9887 4883 9887 4890 9887 4890 9888 4883 9888 4891 9888 4891 9889 4883 9889 4892 9889 4892 9890 4883 9890 4893 9890 4893 9891 4883 9891 4894 9891 4894 9892 4883 9892 4895 9892 4895 9893 4883 9893 4896 9893 4897 9894 4883 9894 4898 9894 4898 9895 4883 9895 4899 9895 4899 9896 4883 9896 4900 9896 4900 9897 4883 9897 4901 9897 4901 9898 4883 9898 4902 9898 4902 9899 4883 9899 4903 9899 4903 9900 4883 9900 4904 9900 4904 9901 4883 9901 4905 9901 4905 9902 4883 9902 4906 9902 4906 9903 4883 9903 4907 9903 4907 9904 4883 9904 4908 9904 4909 9905 4883 9905 4910 9905 4910 9906 4883 9906 4911 9906 4911 9907 4883 9907 4912 9907 4912 9908 4883 9908 4913 9908 4913 9909 4883 9909 4914 9909 4914 9910 4883 9910 4915 9910 4915 9911 4883 9911 4916 9911 4916 9912 4883 9912 4917 9912 4917 9913 4883 9913 4918 9913 4918 9914 4883 9914 4919 9914 4919 9915 4883 9915 4882 9915 5031 9916 5068 9916 5032 9916 5032 9917 5068 9917 5069 9917 5032 9918 5069 9918 5033 9918 5033 9919 5069 9919 5070 9919 5033 9920 5070 9920 5034 9920 5034 9921 5070 9921 5071 9921 5034 9922 5071 9922 5035 9922 5035 9923 5071 9923 5072 9923 5035 9924 5072 9924 5036 9924 5036 9925 5072 9925 5073 9925 5036 9926 5073 9926 5037 9926 5037 9927 5073 9927 5074 9927 5037 9928 5074 9928 5038 9928 5038 9929 5074 9929 5075 9929 5038 9930 5075 9930 5039 9930 5039 9931 5075 9931 5076 9931 5039 9932 5076 9932 5040 9932 5040 9933 5076 9933 5077 9933 5040 9934 5077 9934 5041 9934 5041 9935 5077 9935 5078 9935 5041 9936 5078 9936 5042 9936 5042 9937 5078 9937 5079 9937 5042 9938 5079 9938 5043 9938 5043 9939 5079 9939 5080 9939 5043 9940 5080 9940 5044 9940 5044 9941 5080 9941 5081 9941 5044 9942 5081 9942 5045 9942 5045 9943 5081 9943 5082 9943 5045 9944 5082 9944 5046 9944 5046 9945 5082 9945 5083 9945 5046 9946 5083 9946 5047 9946 5047 9947 5083 9947 5084 9947 5047 9948 5084 9948 5048 9948 5048 9949 5084 9949 5085 9949 5048 9950 5085 9950 5049 9950 5049 9951 5085 9951 5086 9951 5049 9952 5086 9952 5050 9952 5050 9953 5086 9953 5087 9953 5050 9954 5087 9954 5051 9954 5051 9955 5087 9955 5088 9955 5051 9956 5088 9956 5052 9956 5052 9957 5088 9957 5089 9957 5052 9958 5089 9958 5053 9958 5053 9959 5089 9959 5090 9959 5053 9960 5090 9960 5054 9960 5054 9961 5090 9961 5091 9961 5054 9962 5091 9962 5055 9962 5055 9963 5091 9963 5092 9963 5055 9964 5092 9964 5056 9964 5056 9965 5092 9965 5093 9965 5056 9966 5093 9966 5057 9966 5057 9967 5093 9967 5094 9967 5057 9968 5094 9968 5058 9968 5058 9969 5094 9969 5095 9969 5058 9970 5095 9970 5059 9970 5059 9971 5095 9971 5096 9971 5059 9972 5096 9972 5060 9972 5060 9973 5096 9973 5097 9973 5060 9974 5097 9974 5061 9974 5061 9975 5097 9975 5098 9975 5061 9976 5098 9976 5062 9976 5062 9977 5098 9977 5099 9977 5062 9978 5099 9978 5063 9978 5063 9979 5099 9979 5100 9979 5063 9980 5100 9980 5064 9980 5064 9981 5100 9981 5101 9981 5064 9982 5101 9982 5065 9982 5065 9983 5101 9983 5102 9983 5065 9984 5102 9984 5066 9984 5066 9985 5102 9985 5103 9985 5066 9986 5103 9986 5067 9986 5067 9987 5103 9987 5104 9987 5067 9988 5104 9988 5031 9988 5031 9989 5104 9989 5068 9989 5068 9990 5105 9990 5069 9990 5069 9991 5105 9991 5106 9991 5069 9992 5106 9992 5070 9992 5070 9993 5106 9993 5107 9993 5070 9994 5107 9994 5071 9994 5071 9995 5107 9995 5108 9995 5071 9996 5108 9996 5072 9996 5072 9997 5108 9997 5109 9997 5072 9998 5109 9998 5073 9998 5073 9999 5109 9999 5110 9999 5073 10000 5110 10000 5074 10000 5074 10001 5110 10001 5111 10001 5074 10002 5111 10002 5075 10002 5075 10003 5111 10003 5112 10003 5075 10004 5112 10004 5076 10004 5076 10005 5112 10005 5113 10005 5076 10006 5113 10006 5077 10006 5077 10007 5113 10007 5114 10007 5077 10008 5114 10008 5078 10008 5078 10009 5114 10009 5115 10009 5078 10010 5115 10010 5079 10010 5079 10011 5115 10011 5116 10011 5079 10012 5116 10012 5080 10012 5080 10013 5116 10013 5117 10013 5080 10014 5117 10014 5081 10014 5081 10015 5117 10015 5118 10015 5081 10016 5118 10016 5082 10016 5082 10017 5118 10017 5119 10017 5082 10018 5119 10018 5083 10018 5083 10019 5119 10019 5120 10019 5083 10020 5120 10020 5084 10020 5084 10021 5120 10021 5121 10021 5084 10022 5121 10022 5085 10022 5085 10023 5121 10023 5122 10023 5085 10024 5122 10024 5086 10024 5086 10025 5122 10025 5123 10025 5086 10026 5123 10026 5087 10026 5087 10027 5123 10027 5124 10027 5087 10028 5124 10028 5088 10028 5088 10029 5124 10029 5125 10029 5088 10030 5125 10030 5089 10030 5089 10031 5125 10031 5126 10031 5089 10032 5126 10032 5090 10032 5090 10033 5126 10033 5127 10033 5090 10034 5127 10034 5091 10034 5091 10035 5127 10035 5128 10035 5091 10036 5128 10036 5092 10036 5092 10037 5128 10037 5129 10037 5092 10038 5129 10038 5093 10038 5093 10039 5129 10039 5130 10039 5093 10040 5130 10040 5094 10040 5094 10041 5130 10041 5131 10041 5094 10042 5131 10042 5095 10042 5095 10043 5131 10043 5132 10043 5095 10044 5132 10044 5096 10044 5096 10045 5132 10045 5133 10045 5096 10046 5133 10046 5097 10046 5097 10047 5133 10047 5134 10047 5097 10048 5134 10048 5098 10048 5098 10049 5134 10049 5135 10049 5098 10050 5135 10050 5099 10050 5099 10051 5135 10051 5136 10051 5099 10052 5136 10052 5100 10052 5100 10053 5136 10053 5137 10053 5100 10054 5137 10054 5101 10054 5101 10055 5137 10055 5138 10055 5101 10056 5138 10056 5102 10056 5102 10057 5138 10057 5139 10057 5102 10058 5139 10058 5103 10058 5103 10059 5139 10059 5140 10059 5103 10060 5140 10060 5104 10060 5104 10061 5140 10061 5141 10061 5104 10062 5141 10062 5068 10062 5068 10063 5141 10063 5105 10063 5105 10064 5142 10064 5106 10064 5106 10065 5142 10065 5143 10065 5106 10066 5143 10066 5107 10066 5107 10067 5143 10067 5144 10067 5107 10068 5144 10068 5108 10068 5108 10069 5144 10069 5145 10069 5108 10070 5145 10070 5109 10070 5109 10071 5145 10071 5146 10071 5109 10072 5146 10072 5110 10072 5110 10073 5146 10073 5147 10073 5110 10074 5147 10074 5111 10074 5111 10075 5147 10075 5148 10075 5111 10076 5148 10076 5112 10076 5112 10077 5148 10077 5149 10077 5112 10078 5149 10078 5113 10078 5113 10079 5149 10079 5150 10079 5113 10080 5150 10080 5114 10080 5114 10081 5150 10081 5151 10081 5114 10082 5151 10082 5115 10082 5115 10083 5151 10083 5152 10083 5115 10084 5152 10084 5116 10084 5116 10085 5152 10085 5153 10085 5116 10086 5153 10086 5117 10086 5117 10087 5153 10087 5154 10087 5117 10088 5154 10088 5118 10088 5118 10089 5154 10089 5155 10089 5118 10090 5155 10090 5119 10090 5119 10091 5155 10091 5156 10091 5119 10092 5156 10092 5120 10092 5120 10093 5156 10093 5157 10093 5120 10094 5157 10094 5121 10094 5121 10095 5157 10095 5158 10095 5121 10096 5158 10096 5122 10096 5122 10097 5158 10097 5159 10097 5122 10098 5159 10098 5123 10098 5123 10099 5159 10099 5160 10099 5123 10100 5160 10100 5124 10100 5124 10101 5160 10101 5161 10101 5124 10102 5161 10102 5125 10102 5125 10103 5161 10103 5162 10103 5125 10104 5162 10104 5126 10104 5126 10105 5162 10105 5163 10105 5126 10106 5163 10106 5127 10106 5127 10107 5163 10107 5164 10107 5127 10108 5164 10108 5128 10108 5128 10109 5164 10109 5165 10109 5128 10110 5165 10110 5129 10110 5129 10111 5165 10111 5166 10111 5129 10112 5166 10112 5130 10112 5130 10113 5166 10113 5167 10113 5130 10114 5167 10114 5131 10114 5131 10115 5167 10115 5168 10115 5131 10116 5168 10116 5132 10116 5132 10117 5168 10117 5169 10117 5132 10118 5169 10118 5133 10118 5133 10119 5169 10119 5170 10119 5133 10120 5170 10120 5134 10120 5134 10121 5170 10121 5171 10121 5134 10122 5171 10122 5135 10122 5135 10123 5171 10123 5172 10123 5135 10124 5172 10124 5136 10124 5136 10125 5172 10125 5173 10125 5136 10126 5173 10126 5137 10126 5137 10127 5173 10127 5174 10127 5137 10128 5174 10128 5138 10128 5138 10129 5174 10129 5175 10129 5138 10130 5175 10130 5139 10130 5139 10131 5175 10131 5176 10131 5139 10132 5176 10132 5140 10132 5140 10133 5176 10133 5177 10133 5140 10134 5177 10134 5141 10134 5141 10135 5177 10135 5178 10135 5141 10136 5178 10136 5105 10136 5105 10137 5178 10137 5142 10137 5142 10138 4882 10138 5143 10138 5143 10139 4882 10139 4884 10139 5143 10140 4884 10140 5144 10140 5144 10141 4884 10141 4885 10141 5144 10142 4885 10142 5145 10142 5145 10143 4885 10143 4886 10143 5145 10144 4886 10144 5146 10144 5146 10145 4886 10145 4887 10145 5146 10146 4887 10146 5147 10146 5147 10147 4887 10147 4888 10147 5147 10148 4888 10148 5148 10148 5148 10149 4888 10149 4889 10149 5148 10150 4889 10150 5149 10150 5149 10151 4889 10151 4890 10151 5149 10152 4890 10152 5150 10152 5150 10153 4890 10153 4891 10153 5150 10154 4891 10154 5151 10154 5151 10155 4891 10155 4892 10155 5151 10156 4892 10156 5152 10156 5152 10157 4892 10157 4893 10157 5152 10158 4893 10158 5153 10158 5153 10159 4893 10159 4894 10159 5153 10160 4894 10160 5154 10160 5154 10161 4894 10161 4895 10161 5154 10162 4895 10162 5155 10162 5155 10163 4895 10163 4896 10163 5155 10164 4896 10164 5156 10164 5156 10165 4896 10165 4897 10165 5156 10166 4897 10166 5157 10166 5157 10167 4897 10167 4898 10167 5157 10168 4898 10168 5158 10168 5158 10169 4898 10169 4899 10169 5158 10170 4899 10170 5159 10170 5159 10171 4899 10171 4900 10171 5159 10172 4900 10172 5160 10172 5160 10173 4900 10173 4901 10173 5160 10174 4901 10174 5161 10174 5161 10175 4901 10175 4902 10175 5161 10176 4902 10176 5162 10176 5162 10177 4902 10177 4903 10177 5162 10178 4903 10178 5163 10178 5163 10179 4903 10179 4904 10179 5163 10180 4904 10180 5164 10180 5164 10181 4904 10181 4905 10181 5164 10182 4905 10182 5165 10182 5165 10183 4905 10183 4906 10183 5165 10184 4906 10184 5166 10184 5166 10185 4906 10185 4907 10185 5166 10186 4907 10186 5167 10186 5167 10187 4907 10187 4908 10187 5167 10188 4908 10188 5168 10188 5168 10189 4908 10189 4909 10189 5168 10190 4909 10190 5169 10190 5169 10191 4909 10191 4910 10191 5169 10192 4910 10192 5170 10192 5170 10193 4910 10193 4911 10193 5170 10194 4911 10194 5171 10194 5171 10195 4911 10195 4912 10195 5171 10196 4912 10196 5172 10196 5172 10197 4912 10197 4913 10197 5172 10198 4913 10198 5173 10198 5173 10199 4913 10199 4914 10199 5173 10200 4914 10200 5174 10200 5174 10201 4914 10201 4915 10201 5174 10202 4915 10202 5175 10202 5175 10203 4915 10203 4916 10203 5175 10204 4916 10204 5176 10204 5176 10205 4916 10205 4917 10205 5176 10206 4917 10206 5177 10206 5177 10207 4917 10207 4918 10207 5177 10208 4918 10208 5178 10208 5178 10209 4918 10209 4919 10209 5178 10210 4919 10210 5142 10210 5142 10211 4919 10211 4882 10211 4883 10212 4909 10212 4908 10212 4883 10213 4897 10213 4896 10213 5290 10214 5291 10214 5292 10214 5292 10215 5291 10215 5293 10215 5293 10216 5291 10216 5294 10216 5294 10217 5291 10217 5295 10217 5295 10218 5291 10218 5296 10218 5296 10219 5291 10219 5297 10219 5297 10220 5291 10220 5298 10220 5298 10221 5291 10221 5299 10221 5299 9556 5291 9556 5300 9556 5300 10222 5291 10222 5301 10222 5301 10223 5291 10223 5302 10223 5302 10224 5291 10224 5303 10224 5303 10225 5291 10225 5304 10225 5305 10226 5291 10226 5306 10226 5306 10227 5291 10227 5307 10227 5307 10228 5291 10228 5308 10228 5308 10229 5291 10229 5309 10229 5309 10230 5291 10230 5310 10230 5310 9566 5291 9566 5311 9566 5311 10231 5291 10231 5312 10231 5312 10232 5291 10232 5313 10232 5313 10233 5291 10233 5314 10233 5314 10234 5291 10234 5315 10234 5315 10235 5291 10235 5316 10235 5317 10236 5291 10236 5318 10236 5318 10237 5291 10237 5319 10237 5319 10238 5291 10238 5320 10238 5320 10239 5291 10239 5321 10239 5321 10240 5291 10240 5322 10240 5322 10241 5291 10241 5323 10241 5323 10242 5291 10242 5324 10242 5324 10243 5291 10243 5325 10243 5325 10244 5291 10244 5326 10244 5326 10245 5291 10245 5327 10245 5327 10246 5291 10246 5290 10246 5439 10247 5476 10247 5440 10247 5440 10248 5476 10248 5477 10248 5440 10249 5477 10249 5441 10249 5441 10250 5477 10250 5478 10250 5441 10251 5478 10251 5442 10251 5442 10252 5478 10252 5479 10252 5442 9589 5479 9589 5443 9589 5443 10253 5479 10253 5480 10253 5443 10254 5480 10254 5444 10254 5444 10255 5480 10255 5481 10255 5444 10256 5481 10256 5445 10256 5445 10257 5481 10257 5482 10257 5445 10258 5482 10258 5446 10258 5446 10259 5482 10259 5483 10259 5446 10260 5483 10260 5447 10260 5447 10261 5483 10261 5484 10261 5447 10262 5484 10262 5448 10262 5448 10263 5484 10263 5485 10263 5448 10264 5485 10264 5449 10264 5449 10265 5485 10265 5486 10265 5449 10266 5486 10266 5450 10266 5450 9604 5486 9604 5487 9604 5450 10267 5487 10267 5451 10267 5451 10268 5487 10268 5488 10268 5451 10269 5488 10269 5452 10269 5452 10270 5488 10270 5489 10270 5452 10271 5489 10271 5453 10271 5453 10272 5489 10272 5490 10272 5453 9611 5490 9611 5454 9611 5454 10273 5490 10273 5491 10273 5454 9613 5491 9613 5455 9613 5455 10274 5491 10274 5492 10274 5455 10275 5492 10275 5456 10275 5456 10276 5492 10276 5493 10276 5456 10277 5493 10277 5457 10277 5457 10278 5493 10278 5494 10278 5457 10279 5494 10279 5458 10279 5458 10280 5494 10280 5495 10280 5458 10281 5495 10281 5459 10281 5459 10282 5495 10282 5496 10282 5459 10283 5496 10283 5460 10283 5460 10284 5496 10284 5497 10284 5460 10285 5497 10285 5461 10285 5461 10286 5497 10286 5498 10286 5461 10287 5498 10287 5462 10287 5462 10288 5498 10288 5499 10288 5462 10289 5499 10289 5463 10289 5463 10290 5499 10290 5500 10290 5463 10291 5500 10291 5464 10291 5464 10292 5500 10292 5501 10292 5464 10293 5501 10293 5465 10293 5465 10294 5501 10294 5502 10294 5465 9635 5502 9635 5466 9635 5466 10295 5502 10295 5503 10295 5466 10296 5503 10296 5467 10296 5467 10297 5503 10297 5504 10297 5467 10298 5504 10298 5468 10298 5468 10299 5504 10299 5505 10299 5468 10300 5505 10300 5469 10300 5469 10301 5505 10301 5506 10301 5469 10302 5506 10302 5470 10302 5470 10303 5506 10303 5507 10303 5470 10304 5507 10304 5471 10304 5471 10305 5507 10305 5508 10305 5471 10306 5508 10306 5472 10306 5472 10307 5508 10307 5509 10307 5472 10308 5509 10308 5473 10308 5473 10309 5509 10309 5510 10309 5473 10310 5510 10310 5474 10310 5474 10311 5510 10311 5511 10311 5474 10312 5511 10312 5475 10312 5475 10313 5511 10313 5512 10313 5475 10314 5512 10314 5439 10314 5439 10315 5512 10315 5476 10315 5476 10316 5513 10316 5477 10316 5477 10317 5513 10317 5514 10317 5477 10318 5514 10318 5478 10318 5478 10319 5514 10319 5515 10319 5478 10320 5515 10320 5479 10320 5479 10321 5515 10321 5516 10321 5479 10322 5516 10322 5480 10322 5480 10323 5516 10323 5517 10323 5480 10324 5517 10324 5481 10324 5481 10325 5517 10325 5518 10325 5481 10326 5518 10326 5482 10326 5482 10327 5518 10327 5519 10327 5482 10328 5519 10328 5483 10328 5483 10329 5519 10329 5520 10329 5483 10330 5520 10330 5484 10330 5484 10331 5520 10331 5521 10331 5484 10332 5521 10332 5485 10332 5485 10333 5521 10333 5522 10333 5485 10334 5522 10334 5486 10334 5486 10335 5522 10335 5523 10335 5486 10336 5523 10336 5487 10336 5487 10337 5523 10337 5524 10337 5487 10338 5524 10338 5488 10338 5488 10339 5524 10339 5525 10339 5488 10340 5525 10340 5489 10340 5489 10341 5525 10341 5526 10341 5489 10342 5526 10342 5490 10342 5490 10343 5526 10343 5527 10343 5490 10344 5527 10344 5491 10344 5491 10345 5527 10345 5528 10345 5491 10346 5528 10346 5492 10346 5492 10347 5528 10347 5529 10347 5492 10348 5529 10348 5493 10348 5493 10349 5529 10349 5530 10349 5493 10350 5530 10350 5494 10350 5494 10351 5530 10351 5531 10351 5494 10352 5531 10352 5495 10352 5495 10353 5531 10353 5532 10353 5495 10354 5532 10354 5496 10354 5496 10355 5532 10355 5533 10355 5496 10356 5533 10356 5497 10356 5497 10357 5533 10357 5534 10357 5497 10358 5534 10358 5498 10358 5498 10359 5534 10359 5535 10359 5498 10360 5535 10360 5499 10360 5499 10361 5535 10361 5536 10361 5499 10362 5536 10362 5500 10362 5500 10363 5536 10363 5537 10363 5500 10364 5537 10364 5501 10364 5501 10365 5537 10365 5538 10365 5501 10366 5538 10366 5502 10366 5502 9708 5538 9708 5539 9708 5502 10367 5539 10367 5503 10367 5503 10368 5539 10368 5540 10368 5503 10369 5540 10369 5504 10369 5504 10370 5540 10370 5541 10370 5504 10371 5541 10371 5505 10371 5505 10372 5541 10372 5542 10372 5505 10373 5542 10373 5506 10373 5506 10374 5542 10374 5543 10374 5506 10375 5543 10375 5507 10375 5507 10376 5543 10376 5544 10376 5507 10377 5544 10377 5508 10377 5508 10378 5544 10378 5545 10378 5508 10379 5545 10379 5509 10379 5509 10380 5545 10380 5546 10380 5509 10381 5546 10381 5510 10381 5510 10382 5546 10382 5547 10382 5510 10383 5547 10383 5511 10383 5511 10384 5547 10384 5548 10384 5511 10385 5548 10385 5512 10385 5512 10386 5548 10386 5549 10386 5512 9729 5549 9729 5476 9729 5476 10387 5549 10387 5513 10387 5513 9731 5550 9731 5514 9731 5514 10388 5550 10388 5551 10388 5514 10389 5551 10389 5515 10389 5515 10390 5551 10390 5552 10390 5515 9735 5552 9735 5516 9735 5516 10391 5552 10391 5553 10391 5516 10392 5553 10392 5517 10392 5517 10393 5553 10393 5554 10393 5517 10394 5554 10394 5518 10394 5518 10395 5554 10395 5555 10395 5518 10396 5555 10396 5519 10396 5519 10397 5555 10397 5556 10397 5519 10398 5556 10398 5520 10398 5520 10399 5556 10399 5557 10399 5520 10400 5557 10400 5521 10400 5521 10401 5557 10401 5558 10401 5521 10402 5558 10402 5522 10402 5522 9748 5558 9748 5559 9748 5522 10403 5559 10403 5523 10403 5523 10404 5559 10404 5560 10404 5523 10405 5560 10405 5524 10405 5524 10406 5560 10406 5561 10406 5524 10407 5561 10407 5525 10407 5525 10408 5561 10408 5562 10408 5525 9755 5562 9755 5526 9755 5526 10409 5562 10409 5563 10409 5526 10410 5563 10410 5527 10410 5527 9758 5563 9758 5564 9758 5527 10411 5564 10411 5528 10411 5528 10412 5564 10412 5565 10412 5528 10413 5565 10413 5529 10413 5529 10414 5565 10414 5566 10414 5529 10415 5566 10415 5530 10415 5530 10416 5566 10416 5567 10416 5530 10417 5567 10417 5531 10417 5531 10418 5567 10418 5568 10418 5531 10419 5568 10419 5532 10419 5532 10420 5568 10420 5569 10420 5532 10421 5569 10421 5533 10421 5533 10422 5569 10422 5570 10422 5533 10423 5570 10423 5534 10423 5534 10424 5570 10424 5571 10424 5534 9773 5571 9773 5535 9773 5535 10425 5571 10425 5572 10425 5535 10426 5572 10426 5536 10426 5536 10427 5572 10427 5573 10427 5536 10428 5573 10428 5537 10428 5537 10429 5573 10429 5574 10429 5537 10430 5574 10430 5538 10430 5538 10431 5574 10431 5575 10431 5538 10432 5575 10432 5539 10432 5539 9782 5575 9782 5576 9782 5539 10433 5576 10433 5540 10433 5540 10434 5576 10434 5577 10434 5540 10435 5577 10435 5541 10435 5541 10436 5577 10436 5578 10436 5541 10437 5578 10437 5542 10437 5542 10438 5578 10438 5579 10438 5542 10439 5579 10439 5543 10439 5543 10440 5579 10440 5580 10440 5543 10441 5580 10441 5544 10441 5544 10442 5580 10442 5581 10442 5544 10443 5581 10443 5545 10443 5545 10444 5581 10444 5582 10444 5545 10445 5582 10445 5546 10445 5546 10446 5582 10446 5583 10446 5546 10447 5583 10447 5547 10447 5547 10448 5583 10448 5584 10448 5547 10449 5584 10449 5548 10449 5548 10450 5584 10450 5585 10450 5548 10451 5585 10451 5549 10451 5549 10452 5585 10452 5586 10452 5549 10453 5586 10453 5513 10453 5513 10454 5586 10454 5550 10454 5550 10455 5290 10455 5551 10455 5551 10456 5290 10456 5292 10456 5551 10457 5292 10457 5552 10457 5552 10458 5292 10458 5293 10458 5552 10459 5293 10459 5553 10459 5553 10460 5293 10460 5294 10460 5553 10461 5294 10461 5554 10461 5554 10462 5294 10462 5295 10462 5554 10463 5295 10463 5555 10463 5555 10464 5295 10464 5296 10464 5555 10465 5296 10465 5556 10465 5556 10466 5296 10466 5297 10466 5556 10467 5297 10467 5557 10467 5557 9818 5297 9818 5298 9818 5557 10468 5298 10468 5558 10468 5558 9820 5298 9820 5299 9820 5558 10469 5299 10469 5559 10469 5559 10470 5299 10470 5300 10470 5559 9823 5300 9823 5560 9823 5560 10471 5300 10471 5301 10471 5560 10472 5301 10472 5561 10472 5561 10473 5301 10473 5302 10473 5561 10474 5302 10474 5562 10474 5562 10475 5302 10475 5303 10475 5562 10476 5303 10476 5563 10476 5563 10477 5303 10477 5304 10477 5563 10478 5304 10478 5564 10478 5564 10479 5304 10479 5305 10479 5564 9833 5305 9833 5565 9833 5565 10480 5305 10480 5306 10480 5565 10481 5306 10481 5566 10481 5566 10482 5306 10482 5307 10482 5566 10483 5307 10483 5567 10483 5567 10484 5307 10484 5308 10484 5567 9839 5308 9839 5568 9839 5568 10485 5308 10485 5309 10485 5568 10486 5309 10486 5569 10486 5569 10487 5309 10487 5310 10487 5569 9843 5310 9843 5570 9843 5570 9844 5310 9844 5311 9844 5570 9845 5311 9845 5571 9845 5571 10488 5311 10488 5312 10488 5571 10489 5312 10489 5572 10489 5572 10490 5312 10490 5313 10490 5572 10491 5313 10491 5573 10491 5573 10492 5313 10492 5314 10492 5573 10493 5314 10493 5574 10493 5574 10494 5314 10494 5315 10494 5574 10495 5315 10495 5575 10495 5575 10496 5315 10496 5316 10496 5575 10497 5316 10497 5576 10497 5576 10498 5316 10498 5317 10498 5576 10499 5317 10499 5577 10499 5577 10500 5317 10500 5318 10500 5577 10501 5318 10501 5578 10501 5578 10502 5318 10502 5319 10502 5578 10503 5319 10503 5579 10503 5579 10504 5319 10504 5320 10504 5579 10505 5320 10505 5580 10505 5580 10506 5320 10506 5321 10506 5580 10507 5321 10507 5581 10507 5581 10508 5321 10508 5322 10508 5581 10509 5322 10509 5582 10509 5582 10510 5322 10510 5323 10510 5582 10511 5323 10511 5583 10511 5583 10512 5323 10512 5324 10512 5583 10513 5324 10513 5584 10513 5584 10514 5324 10514 5325 10514 5584 10515 5325 10515 5585 10515 5585 10516 5325 10516 5326 10516 5585 10517 5326 10517 5586 10517 5586 10518 5326 10518 5327 10518 5586 9877 5327 9877 5550 9877 5550 10519 5327 10519 5290 10519 5291 10520 5317 10520 5316 10520 5291 10521 5305 10521 5304 10521 5698 10522 5699 10522 5700 10522 5700 10523 5699 10523 5701 10523 5701 10524 5699 10524 5702 10524 5702 10525 5699 10525 5703 10525 5703 10526 5699 10526 5704 10526 5704 10527 5699 10527 5705 10527 5705 10528 5699 10528 5706 10528 5706 10529 5699 10529 5707 10529 5707 10530 5699 10530 5708 10530 5708 10531 5699 10531 5709 10531 5709 10532 5699 10532 5710 10532 5710 10533 5699 10533 5711 10533 5712 10534 5699 10534 5713 10534 5713 10535 5699 10535 5714 10535 5714 10536 5699 10536 5715 10536 5715 10537 5699 10537 5716 10537 5716 10538 5699 10538 5717 10538 5717 10539 5699 10539 5718 10539 5718 10540 5699 10540 5719 10540 5719 10541 5699 10541 5720 10541 5720 10542 5699 10542 5721 10542 5721 10543 5699 10543 5722 10543 5722 10544 5699 10544 5723 10544 5724 10545 5699 10545 5725 10545 5725 10546 5699 10546 5726 10546 5726 10547 5699 10547 5727 10547 5727 10548 5699 10548 5728 10548 5728 10549 5699 10549 5729 10549 5729 10550 5699 10550 5730 10550 5730 10551 5699 10551 5731 10551 5731 10552 5699 10552 5732 10552 5732 10553 5699 10553 5733 10553 5733 10554 5699 10554 5734 10554 5734 10555 5699 10555 5735 10555 5735 10556 5699 10556 5698 10556 5847 10557 5884 10557 5848 10557 5848 9917 5884 9917 5885 9917 5848 9918 5885 9918 5849 9918 5849 10558 5885 10558 5886 10558 5849 10559 5886 10559 5850 10559 5850 10560 5886 10560 5887 10560 5850 10561 5887 10561 5851 10561 5851 10562 5887 10562 5888 10562 5851 10563 5888 10563 5852 10563 5852 10564 5888 10564 5889 10564 5852 10565 5889 10565 5853 10565 5853 10566 5889 10566 5890 10566 5853 10567 5890 10567 5854 10567 5854 10568 5890 10568 5891 10568 5854 10569 5891 10569 5855 10569 5855 10570 5891 10570 5892 10570 5855 10571 5892 10571 5856 10571 5856 10572 5892 10572 5893 10572 5856 10573 5893 10573 5857 10573 5857 10574 5893 10574 5894 10574 5857 9936 5894 9936 5858 9936 5858 9937 5894 9937 5895 9937 5858 10575 5895 10575 5859 10575 5859 10576 5895 10576 5896 10576 5859 10577 5896 10577 5860 10577 5860 10578 5896 10578 5897 10578 5860 10579 5897 10579 5861 10579 5861 10580 5897 10580 5898 10580 5861 10581 5898 10581 5862 10581 5862 10582 5898 10582 5899 10582 5862 9946 5899 9946 5863 9946 5863 10583 5899 10583 5900 10583 5863 10584 5900 10584 5864 10584 5864 10585 5900 10585 5901 10585 5864 10586 5901 10586 5865 10586 5865 10587 5901 10587 5902 10587 5865 10588 5902 10588 5866 10588 5866 10589 5902 10589 5903 10589 5866 10590 5903 10590 5867 10590 5867 9955 5903 9955 5904 9955 5867 10591 5904 10591 5868 10591 5868 10592 5904 10592 5905 10592 5868 10593 5905 10593 5869 10593 5869 10594 5905 10594 5906 10594 5869 10595 5906 10595 5870 10595 5870 10596 5906 10596 5907 10596 5870 10597 5907 10597 5871 10597 5871 10598 5907 10598 5908 10598 5871 10599 5908 10599 5872 10599 5872 10600 5908 10600 5909 10600 5872 10601 5909 10601 5873 10601 5873 10602 5909 10602 5910 10602 5873 10603 5910 10603 5874 10603 5874 10604 5910 10604 5911 10604 5874 10605 5911 10605 5875 10605 5875 10606 5911 10606 5912 10606 5875 10607 5912 10607 5876 10607 5876 10608 5912 10608 5913 10608 5876 10609 5913 10609 5877 10609 5877 10610 5913 10610 5914 10610 5877 10611 5914 10611 5878 10611 5878 10612 5914 10612 5915 10612 5878 10613 5915 10613 5879 10613 5879 10614 5915 10614 5916 10614 5879 10615 5916 10615 5880 10615 5880 10616 5916 10616 5917 10616 5880 10617 5917 10617 5881 10617 5881 10618 5917 10618 5918 10618 5881 10619 5918 10619 5882 10619 5882 10620 5918 10620 5919 10620 5882 10621 5919 10621 5883 10621 5883 10622 5919 10622 5920 10622 5883 10623 5920 10623 5847 10623 5847 10624 5920 10624 5884 10624 5884 10625 5921 10625 5885 10625 5885 10626 5921 10626 5922 10626 5885 10627 5922 10627 5886 10627 5886 10628 5922 10628 5923 10628 5886 10629 5923 10629 5887 10629 5887 10630 5923 10630 5924 10630 5887 10631 5924 10631 5888 10631 5888 10632 5924 10632 5925 10632 5888 10633 5925 10633 5889 10633 5889 10634 5925 10634 5926 10634 5889 10635 5926 10635 5890 10635 5890 10636 5926 10636 5927 10636 5890 10637 5927 10637 5891 10637 5891 10638 5927 10638 5928 10638 5891 10004 5928 10004 5892 10004 5892 10639 5928 10639 5929 10639 5892 10640 5929 10640 5893 10640 5893 10641 5929 10641 5930 10641 5893 10642 5930 10642 5894 10642 5894 10643 5930 10643 5931 10643 5894 10644 5931 10644 5895 10644 5895 10645 5931 10645 5932 10645 5895 10646 5932 10646 5896 10646 5896 10647 5932 10647 5933 10647 5896 10648 5933 10648 5897 10648 5897 10649 5933 10649 5934 10649 5897 10650 5934 10650 5898 10650 5898 10651 5934 10651 5935 10651 5898 10652 5935 10652 5899 10652 5899 10653 5935 10653 5936 10653 5899 10654 5936 10654 5900 10654 5900 10655 5936 10655 5937 10655 5900 10656 5937 10656 5901 10656 5901 10657 5937 10657 5938 10657 5901 10658 5938 10658 5902 10658 5902 10659 5938 10659 5939 10659 5902 10660 5939 10660 5903 10660 5903 10661 5939 10661 5940 10661 5903 10662 5940 10662 5904 10662 5904 10663 5940 10663 5941 10663 5904 10664 5941 10664 5905 10664 5905 10665 5941 10665 5942 10665 5905 10666 5942 10666 5906 10666 5906 10667 5942 10667 5943 10667 5906 10668 5943 10668 5907 10668 5907 10669 5943 10669 5944 10669 5907 10670 5944 10670 5908 10670 5908 10671 5944 10671 5945 10671 5908 10672 5945 10672 5909 10672 5909 10673 5945 10673 5946 10673 5909 10674 5946 10674 5910 10674 5910 10675 5946 10675 5947 10675 5910 10042 5947 10042 5911 10042 5911 10676 5947 10676 5948 10676 5911 10677 5948 10677 5912 10677 5912 10678 5948 10678 5949 10678 5912 10679 5949 10679 5913 10679 5913 10680 5949 10680 5950 10680 5913 10681 5950 10681 5914 10681 5914 10682 5950 10682 5951 10682 5914 10683 5951 10683 5915 10683 5915 10684 5951 10684 5952 10684 5915 10685 5952 10685 5916 10685 5916 10686 5952 10686 5953 10686 5916 10054 5953 10054 5917 10054 5917 10687 5953 10687 5954 10687 5917 10688 5954 10688 5918 10688 5918 10689 5954 10689 5955 10689 5918 10690 5955 10690 5919 10690 5919 10691 5955 10691 5956 10691 5919 10692 5956 10692 5920 10692 5920 10693 5956 10693 5957 10693 5920 10694 5957 10694 5884 10694 5884 10695 5957 10695 5921 10695 5921 10696 5958 10696 5922 10696 5922 10697 5958 10697 5959 10697 5922 10698 5959 10698 5923 10698 5923 10699 5959 10699 5960 10699 5923 10700 5960 10700 5924 10700 5924 10701 5960 10701 5961 10701 5924 10702 5961 10702 5925 10702 5925 10703 5961 10703 5962 10703 5925 10704 5962 10704 5926 10704 5926 10705 5962 10705 5963 10705 5926 10706 5963 10706 5927 10706 5927 10707 5963 10707 5964 10707 5927 10708 5964 10708 5928 10708 5928 10709 5964 10709 5965 10709 5928 10710 5965 10710 5929 10710 5929 10711 5965 10711 5966 10711 5929 10712 5966 10712 5930 10712 5930 10713 5966 10713 5967 10713 5930 10714 5967 10714 5931 10714 5931 10715 5967 10715 5968 10715 5931 10716 5968 10716 5932 10716 5932 10717 5968 10717 5969 10717 5932 10718 5969 10718 5933 10718 5933 10719 5969 10719 5970 10719 5933 10720 5970 10720 5934 10720 5934 10721 5970 10721 5971 10721 5934 10722 5971 10722 5935 10722 5935 10723 5971 10723 5972 10723 5935 10724 5972 10724 5936 10724 5936 10725 5972 10725 5973 10725 5936 10094 5973 10094 5937 10094 5937 10726 5973 10726 5974 10726 5937 10727 5974 10727 5938 10727 5938 10728 5974 10728 5975 10728 5938 10729 5975 10729 5939 10729 5939 10099 5975 10099 5976 10099 5939 10730 5976 10730 5940 10730 5940 10101 5976 10101 5977 10101 5940 10731 5977 10731 5941 10731 5941 10732 5977 10732 5978 10732 5941 10733 5978 10733 5942 10733 5942 10734 5978 10734 5979 10734 5942 10735 5979 10735 5943 10735 5943 10736 5979 10736 5980 10736 5943 10737 5980 10737 5944 10737 5944 10738 5980 10738 5981 10738 5944 10739 5981 10739 5945 10739 5945 10740 5981 10740 5982 10740 5945 10741 5982 10741 5946 10741 5946 10742 5982 10742 5983 10742 5946 10743 5983 10743 5947 10743 5947 10744 5983 10744 5984 10744 5947 10745 5984 10745 5948 10745 5948 10746 5984 10746 5985 10746 5948 10747 5985 10747 5949 10747 5949 10748 5985 10748 5986 10748 5949 10749 5986 10749 5950 10749 5950 10750 5986 10750 5987 10750 5950 10751 5987 10751 5951 10751 5951 10752 5987 10752 5988 10752 5951 10753 5988 10753 5952 10753 5952 10754 5988 10754 5989 10754 5952 10755 5989 10755 5953 10755 5953 10756 5989 10756 5990 10756 5953 10757 5990 10757 5954 10757 5954 10758 5990 10758 5991 10758 5954 10759 5991 10759 5955 10759 5955 10131 5991 10131 5992 10131 5955 10132 5992 10132 5956 10132 5956 10760 5992 10760 5993 10760 5956 10761 5993 10761 5957 10761 5957 10762 5993 10762 5994 10762 5957 10763 5994 10763 5921 10763 5921 10764 5994 10764 5958 10764 5958 10765 5698 10765 5959 10765 5959 10766 5698 10766 5700 10766 5959 10767 5700 10767 5960 10767 5960 10768 5700 10768 5701 10768 5960 10142 5701 10142 5961 10142 5961 10769 5701 10769 5702 10769 5961 10770 5702 10770 5962 10770 5962 10771 5702 10771 5703 10771 5962 10772 5703 10772 5963 10772 5963 10773 5703 10773 5704 10773 5963 10774 5704 10774 5964 10774 5964 10775 5704 10775 5705 10775 5964 10776 5705 10776 5965 10776 5965 10777 5705 10777 5706 10777 5965 10778 5706 10778 5966 10778 5966 10779 5706 10779 5707 10779 5966 10780 5707 10780 5967 10780 5967 10781 5707 10781 5708 10781 5967 10782 5708 10782 5968 10782 5968 10783 5708 10783 5709 10783 5968 10784 5709 10784 5969 10784 5969 10785 5709 10785 5710 10785 5969 10160 5710 10160 5970 10160 5970 10786 5710 10786 5711 10786 5970 10787 5711 10787 5971 10787 5971 10788 5711 10788 5712 10788 5971 10789 5712 10789 5972 10789 5972 10790 5712 10790 5713 10790 5972 10791 5713 10791 5973 10791 5973 10792 5713 10792 5714 10792 5973 10793 5714 10793 5974 10793 5974 10794 5714 10794 5715 10794 5974 10795 5715 10795 5975 10795 5975 10796 5715 10796 5716 10796 5975 10172 5716 10172 5976 10172 5976 10173 5716 10173 5717 10173 5976 10174 5717 10174 5977 10174 5977 10797 5717 10797 5718 10797 5977 10798 5718 10798 5978 10798 5978 10799 5718 10799 5719 10799 5978 10800 5719 10800 5979 10800 5979 10801 5719 10801 5720 10801 5979 10802 5720 10802 5980 10802 5980 10803 5720 10803 5721 10803 5980 10804 5721 10804 5981 10804 5981 10805 5721 10805 5722 10805 5981 10184 5722 10184 5982 10184 5982 10806 5722 10806 5723 10806 5982 10186 5723 10186 5983 10186 5983 10807 5723 10807 5724 10807 5983 10808 5724 10808 5984 10808 5984 10809 5724 10809 5725 10809 5984 10810 5725 10810 5985 10810 5985 10811 5725 10811 5726 10811 5985 10812 5726 10812 5986 10812 5986 10813 5726 10813 5727 10813 5986 10814 5727 10814 5987 10814 5987 10195 5727 10195 5728 10195 5987 10815 5728 10815 5988 10815 5988 10816 5728 10816 5729 10816 5988 10817 5729 10817 5989 10817 5989 10818 5729 10818 5730 10818 5989 10819 5730 10819 5990 10819 5990 10820 5730 10820 5731 10820 5990 10821 5731 10821 5991 10821 5991 10822 5731 10822 5732 10822 5991 10823 5732 10823 5992 10823 5992 10824 5732 10824 5733 10824 5992 10825 5733 10825 5993 10825 5993 10826 5733 10826 5734 10826 5993 10827 5734 10827 5994 10827 5994 10828 5734 10828 5735 10828 5994 10829 5735 10829 5958 10829 5958 10830 5735 10830 5698 10830 5711 10831 5699 10831 5712 10831 5723 10832 5699 10832 5724 10832 6341 10833 6376 10833 6339 10833 6339 10834 6376 10834 6377 10834 6339 10835 6377 10836 6349 10837 6351 3439 6377 3439 6352 3439 6352 10838 6377 10838 6353 10838 6353 10839 6377 10839 6356 10839 6356 10840 6377 10841 6354 10842 6358 10843 6377 10844 6348 10845 6363 10846 6377 10847 6364 10848 6364 10849 6377 10849 6376 10849 6364 10850 6376 10850 6378 10850 6378 10851 6376 10851 6379 10851 6378 10852 6379 10852 6380 10852 6380 10853 6379 10853 6381 10853 6380 10854 6381 10854 6382 10854 6382 10855 6381 10855 6383 10855 6383 10856 6381 10856 6384 10856 6383 10857 6384 10857 6385 10857 6385 10858 6384 10858 6386 10858 6385 10859 6386 10859 6387 10859 6387 10860 6386 10860 6388 10860 6387 10861 6388 10861 6389 10861 6389 10862 6388 10862 6390 10862 6389 10863 6390 10863 6391 10863 6391 10864 6390 10864 6392 10864 6391 10865 6392 10865 6393 10865 6393 10866 6392 10866 6326 10866 6393 10867 6326 10867 6325 10867 6376 10868 6341 10868 6394 10868 6394 10869 6341 10869 6340 10869 6394 10870 6340 10870 6395 10870 6395 10871 6340 10871 6336 10871 6395 10872 6336 10872 6396 10872 6396 10873 6336 10873 6335 10873 6396 10874 6335 10874 6397 10874 6397 10875 6335 10875 6334 10875 6397 10876 6334 10876 6398 10876 6398 10877 6334 10877 6332 10877 6398 10878 6332 10878 6330 10878 6398 10879 6330 10879 6399 10879 6399 10880 6330 10880 6328 10880 6399 10881 6328 10881 6392 10881 6392 10882 6328 10882 6326 10882 6393 10883 6325 10883 6400 10883 6400 10884 6325 10884 6324 10884 6400 10885 6324 10885 6401 10885 6401 10886 6324 10886 6323 10886 6401 10887 6323 10887 6402 10887 6402 10888 6323 10888 6403 10888 6402 10889 6403 10889 6404 10889 6404 10890 6403 10891 6405 10892 6319 10893 6407 10893 6323 10893 6323 10894 6408 10895 6409 10896 6409 10897 6410 10898 6323 10899 6323 10900 6410 10900 6403 10900 6413 10901 6414 10902 6404 10903 6404 10904 6414 10904 6415 10904 6404 10905 6418 10906 6419 10907 6420 10908 6421 10909 6419 10910 6419 10911 6421 10911 6422 10911 6419 10912 6422 10912 6402 10912 6402 10913 6422 10913 6401 10913 6420 10914 6423 10915 6421 10916 6421 10917 6426 10918 6427 10919 6421 10920 6427 10920 6428 10920 6428 10921 6427 10921 6429 10921 6428 10922 6429 10922 6430 10922 6431 10923 6432 10923 6430 10923 6430 10924 6432 10924 6428 10924 6432 10925 6433 10925 6428 10925 6428 10926 6433 10926 6434 10926 6428 10927 6434 10927 6421 10927 6421 10928 6434 10928 6422 10928 6434 10929 6433 10929 6435 10929 6435 10930 6433 10930 6436 10930 6435 10931 6436 10931 6437 10931 6437 10932 6436 10932 6438 10932 6437 10933 6438 10933 6439 10933 6437 10934 6439 10934 6440 10934 6440 10935 6439 10935 6441 10935 6440 10936 6441 10936 6442 10936 6442 10937 6441 10937 6443 10937 6442 10938 6443 10938 6389 10938 6389 10939 6443 10939 6387 10939 6382 10940 6444 10940 6380 10940 6380 10941 6444 10941 6445 10941 6380 10942 6445 10942 6378 10942 6378 10943 6445 10943 6446 10943 6378 10944 6446 10944 6364 10944 6364 10945 6446 10945 6365 10945 6365 10946 6446 10947 6366 10948 6369 10949 6446 10949 6359 10949 6359 10950 6446 10950 6447 10950 6359 10951 6447 10951 6370 10951 6370 10952 6447 10952 6448 10952 6370 10953 6448 10953 6373 10953 6373 10954 6448 10954 6374 10954 6444 10955 6449 10955 6445 10955 6445 10956 6449 10956 6447 10956 6445 10957 6447 10957 6446 10957 6449 10958 6448 10958 6447 10958 6419 10959 6402 10959 6404 10959 6376 10960 6394 10960 6379 10960 6379 10961 6394 10961 6450 10961 6379 10962 6450 10962 6381 10962 6381 10963 6450 10963 6384 10963 6394 10964 6395 10964 6450 10964 6450 10965 6395 10965 6451 10965 6450 10966 6451 10966 6384 10966 6384 10967 6451 10967 6386 10967 6395 10968 6396 10968 6451 10968 6451 10969 6396 10969 6452 10969 6451 10970 6452 10970 6386 10970 6386 10971 6452 10971 6388 10971 6452 10972 6396 10972 6397 10972 6452 10973 6397 10973 6453 10973 6453 10974 6397 10974 6398 10974 6453 10975 6398 10975 6399 10975 6390 10976 6388 10976 6453 10976 6453 10977 6388 10977 6452 10977 6390 10978 6453 10978 6399 10978 6392 10979 6390 10979 6399 10979 6442 10980 6389 10980 6391 10980 6442 10981 6391 10981 6454 10981 6454 10982 6391 10982 6393 10982 6454 10983 6393 10983 6400 10983 6442 10984 6454 10984 6440 10984 6440 10985 6454 10985 6455 10985 6440 10986 6455 10986 6437 10986 6437 10987 6455 10987 6435 10987 6455 10988 6454 10988 6400 10988 6455 10989 6400 10989 6456 10989 6456 10990 6400 10990 6401 10990 6456 10991 6401 10991 6422 10991 6434 10992 6435 10992 6456 10992 6456 10993 6435 10993 6455 10993 6434 10994 6456 10994 6422 10994 6457 10995 6318 10995 6461 10995 6461 10996 6318 10996 6320 10996 6461 10995 6320 10995 6462 10995 6462 10997 6320 10997 6463 10997 6462 10998 6463 10998 6464 10998 6464 10999 6463 10999 6465 10999 6464 11000 6465 11000 6466 11000 6466 11001 6465 11001 6467 11001 6466 11002 6467 11002 6468 11002 6468 11003 6460 11003 6466 11003 6466 11004 6460 11004 6469 11004 6466 11005 6469 11005 6464 11005 6464 11006 6469 11006 6470 11006 6464 11007 6470 11007 6462 11007 6462 11008 6470 11008 6461 11008 6460 11009 6459 11009 6469 11009 6469 11010 6459 11010 6470 11010 6459 11011 6458 11011 6470 11011 6470 10999 6458 10999 6461 10999 6458 11012 6457 11012 6461 11012 6463 11013 6320 11013 6471 11013 6471 11014 6320 11014 6346 11014 6471 11015 6346 11015 6472 11015 6472 11016 6346 11016 6322 11016 6472 11017 6322 11017 6473 11017 6473 11018 6322 11018 6321 11018 6473 11019 6321 11019 6474 11019 6474 11020 6321 11020 6327 11020 6474 11021 6327 11021 6475 11021 6475 11022 6327 11022 6329 11022 6475 11023 6329 11023 6476 11023 6476 11024 6329 11024 6331 11024 6476 11025 6331 11025 6477 11025 6477 11026 6331 11026 6333 11026 6477 11027 6333 11027 6478 11027 6478 11028 6333 11028 6338 11028 6478 11029 6338 11029 6479 11029 6479 11030 6338 11030 6337 11030 6479 11031 6337 11031 6480 11031 6480 11032 6337 11032 6345 11032 6480 11033 6345 11033 6481 11033 6481 11034 6345 11034 6344 11034 6481 11035 6344 11035 6482 11035 6482 11036 6344 11036 6343 11036 6482 11037 6483 11037 6481 11037 6481 11038 6483 11038 6484 11038 6481 11039 6484 11039 6480 11039 6480 11040 6484 11040 6485 11040 6480 11041 6485 11041 6479 11041 6479 11042 6485 11042 6486 11042 6479 11043 6486 11043 6478 11043 6478 11044 6486 11044 6487 11044 6478 11045 6487 11045 6477 11045 6477 11046 6487 11046 6488 11046 6477 11047 6488 11047 6476 11047 6476 11048 6488 11048 6489 11048 6476 11049 6489 11049 6475 11049 6475 11050 6489 11050 6490 11050 6475 11051 6490 11051 6474 11051 6474 11052 6490 11052 6491 11052 6474 11053 6491 11053 6473 11053 6473 11054 6491 11054 6492 11054 6473 11055 6492 11055 6472 11055 6472 11056 6492 11056 6493 11056 6472 11057 6493 11057 6471 11057 6471 11058 6493 11058 6494 11058 6471 11059 6494 11059 6463 11059 6463 11060 6494 11060 6465 11060 6465 11061 6494 11061 6495 11061 6465 11062 6495 11062 6467 11062 6467 11063 6495 11063 6496 11063 6467 11064 6496 11064 6468 11064 6483 11065 6497 11065 6484 11065 6484 11066 6497 11066 6498 11066 6484 11067 6498 11067 6485 11067 6485 11068 6498 11068 6499 11068 6485 11069 6499 11069 6486 11069 6486 11070 6499 11070 6500 11070 6486 11071 6500 11071 6487 11071 6487 11072 6500 11072 6501 11072 6487 11073 6501 11073 6488 11073 6488 11074 6501 11074 6502 11074 6488 11075 6502 11075 6489 11075 6489 11076 6502 11076 6503 11076 6489 11077 6503 11077 6490 11077 6490 11078 6503 11078 6504 11078 6490 11079 6504 11079 6491 11079 6491 11080 6504 11080 6505 11080 6491 11081 6505 11081 6492 11081 6492 11082 6505 11082 6506 11082 6492 11083 6506 11083 6493 11083 6493 11084 6506 11084 6507 11084 6493 11085 6507 11085 6494 11085 6494 11086 6507 11086 6495 11086 6497 11087 6508 11087 6498 11087 6498 11088 6508 11088 6509 11088 6498 11089 6509 11089 6499 11089 6499 11090 6509 11090 6510 11090 6499 11091 6510 11091 6500 11091 6500 11092 6510 11092 6511 11092 6500 11093 6511 11093 6501 11093 6501 11094 6511 11094 6512 11094 6501 11095 6512 11095 6502 11095 6502 11096 6512 11096 6513 11096 6502 11097 6513 11097 6503 11097 6503 11098 6513 11098 6514 11098 6503 11099 6514 11099 6504 11099 6504 11100 6514 11100 6515 11100 6504 11101 6515 11101 6505 11101 6505 11102 6515 11102 6516 11102 6505 11103 6516 11103 6506 11103 6506 11104 6516 11104 6517 11104 6506 11105 6517 11105 6507 11105 6507 11106 6517 11106 6518 11106 6507 11107 6518 11107 6495 11107 6495 11108 6518 11108 6496 11108 6482 11109 6343 11109 6519 11109 6519 11110 6343 11110 6342 11110 6519 3869 6342 3869 6520 3869 6520 11111 6342 11111 6347 11111 6520 11112 6347 11112 6521 11112 6521 11113 6347 11113 6372 11113 6521 11114 6372 11114 6522 11114 6522 11115 6372 11115 6371 11115 6522 11116 6371 11116 6375 11116 6375 11117 6508 11117 6522 11117 6522 11118 6508 11118 6523 11118 6522 11119 6523 11119 6521 11119 6521 11120 6523 11120 6524 11120 6521 11121 6524 11121 6520 11121 6520 11122 6524 11122 6519 11122 6508 11123 6497 11123 6523 11123 6523 11124 6497 11124 6524 11124 6497 11115 6483 11115 6524 11115 6524 11125 6483 11125 6519 11125 6483 11112 6482 11112 6519 11112 6460 54 6468 54 6431 54 6431 54 6468 54 6518 54 6431 54 6518 54 6517 54 6468 54 6496 54 6518 54 6516 54 6439 54 6517 54 6517 54 6439 54 6438 54 6517 54 6438 54 6431 54 6431 54 6438 54 6436 54 6431 11126 6436 11126 6433 11126 6439 54 6516 54 6441 54 6441 54 6516 54 6515 54 6441 11127 6515 11127 6443 11127 6443 54 6515 54 6514 54 6443 54 6514 54 6387 54 6387 11128 6514 11128 6513 11128 6387 54 6513 54 6385 54 6385 54 6513 54 6512 54 6385 11129 6512 11129 6383 11129 6383 11130 6512 11130 6511 11130 6383 54 6511 54 6382 54 6382 54 6511 54 6374 54 6382 11131 6374 11131 6444 11131 6444 11132 6374 11132 6449 11132 6449 54 6374 54 6448 54 6511 11133 6510 11133 6374 11133 6374 54 6510 54 6508 54 6374 54 6508 54 6375 54 6510 54 6509 54 6508 54 6433 54 6432 54 6431 54 6548 10833 6583 10833 6546 10833 6546 11134 6583 11134 6584 11134 6565 11135 6584 11136 6555 11137 6571 11138 6584 11138 6583 11138 6571 11139 6583 11139 6585 11139 6585 11140 6583 11140 6586 11140 6585 11141 6586 11141 6587 11141 6587 11142 6586 11142 6588 11142 6587 11143 6588 11143 6589 11143 6589 11144 6588 11144 6590 11144 6590 11145 6588 11145 6591 11145 6590 11146 6591 11146 6592 11146 6592 11147 6591 11147 6593 11147 6592 11148 6593 11148 6594 11148 6594 11149 6593 11149 6595 11149 6594 11150 6595 11150 6596 11150 6596 11151 6595 11151 6597 11151 6596 11152 6597 11152 6598 11152 6598 11153 6597 11153 6599 11153 6598 11154 6599 11154 6600 11154 6600 11155 6599 11155 6533 11155 6600 11156 6533 11156 6532 11156 6583 11157 6548 11157 6601 11157 6601 11158 6548 11158 6547 11158 6601 10870 6547 10870 6602 10870 6602 11159 6547 11159 6543 11159 6602 11160 6543 11160 6603 11160 6603 11161 6543 11161 6542 11161 6603 11162 6542 11162 6604 11162 6604 11163 6542 11163 6541 11163 6604 11164 6541 11164 6605 11164 6605 11165 6541 11165 6539 11165 6605 11166 6539 11166 6537 11166 6605 11167 6537 11167 6606 11167 6606 11168 6537 11168 6535 11168 6606 11169 6535 11169 6599 11169 6599 11170 6535 11170 6533 11170 6600 11171 6532 11171 6607 11171 6607 11172 6532 11172 6531 11172 6607 11173 6531 11173 6608 11173 6608 11174 6531 11174 6530 11174 6608 11175 6530 11175 6609 11175 6609 11176 6530 11176 6610 11176 6609 11177 6610 11177 6611 11177 6611 11178 6612 11179 6613 11180 6526 11181 6614 11181 6530 11181 6530 11182 6617 11182 6610 11182 6627 11183 6628 11183 6626 11184 6626 11185 6628 11185 6629 11185 6626 11186 6629 11186 6609 11186 6609 11187 6629 11187 6608 11187 6627 11188 6630 11189 6628 11190 6628 11191 6633 11192 6634 11191 6628 11193 6634 11194 6635 11195 6635 11196 6634 11197 6636 11198 6635 11199 6636 11199 6637 11199 6637 11200 6639 11200 6635 11200 6639 10925 6640 10925 6635 10925 6635 11201 6640 11201 6641 11201 6635 11202 6641 11202 6628 11202 6628 11203 6641 11203 6629 11203 6641 11204 6640 11204 6642 11204 6642 11205 6640 11205 6643 11205 6642 11206 6643 11206 6644 11206 6644 11207 6643 11207 6645 11207 6644 11208 6645 11208 6646 11208 6644 11209 6646 11209 6647 11209 6647 11210 6646 11210 6648 11210 6647 11211 6648 11211 6649 11211 6649 10937 6648 10937 6650 10937 6649 11212 6650 11212 6596 11212 6596 11213 6650 11213 6594 11213 6589 11214 6651 11214 6587 11214 6587 11215 6651 11215 6652 11215 6587 11216 6652 11216 6585 11216 6585 11217 6652 11217 6653 11217 6585 11218 6653 11218 6571 11218 6571 11219 6653 11219 6572 11219 6566 11220 6653 11220 6654 11220 6566 11221 6654 11221 6577 11221 6577 11222 6654 11222 6655 11222 6577 11223 6655 11223 6580 11223 6580 10954 6655 10954 6581 10954 6651 11224 6656 11224 6652 11224 6652 11225 6656 11225 6654 11225 6652 11226 6654 11226 6653 11226 6656 11227 6655 11227 6654 11227 6626 11228 6609 11228 6611 11228 6583 11229 6601 11229 6586 11229 6586 11230 6601 11230 6657 11230 6586 11231 6657 11231 6588 11231 6588 10963 6657 10963 6591 10963 6601 11232 6602 11232 6657 11232 6657 11233 6602 11233 6658 11233 6657 11234 6658 11234 6591 11234 6591 11235 6658 11235 6593 11235 6602 11236 6603 11236 6658 11236 6658 11237 6603 11237 6659 11237 6658 11238 6659 11238 6593 11238 6593 11239 6659 11239 6595 11239 6659 11240 6603 11240 6604 11240 6659 11241 6604 11241 6660 11241 6660 11242 6604 11242 6605 11242 6660 11243 6605 11243 6606 11243 6597 11244 6595 11244 6660 11244 6660 11245 6595 11245 6659 11245 6597 11246 6660 11246 6606 11246 6599 11247 6597 11247 6606 11247 6649 11248 6596 11248 6598 11248 6649 11249 6598 11249 6661 11249 6661 11250 6598 11250 6600 11250 6661 11251 6600 11251 6607 11251 6649 11252 6661 11252 6647 11252 6647 11253 6661 11253 6662 11253 6647 10986 6662 10986 6644 10986 6644 11254 6662 11254 6642 11254 6662 11255 6661 11255 6607 11255 6662 11256 6607 11256 6663 11256 6663 11257 6607 11257 6608 11257 6663 11258 6608 11258 6629 11258 6641 11259 6642 11259 6663 11259 6663 11260 6642 11260 6662 11260 6641 11261 6663 11261 6629 11261 6666 3361 6636 3361 6634 3361 6664 11262 6525 11262 6668 11262 6668 11263 6525 11263 6527 11263 6668 11264 6527 11264 6669 11264 6669 11265 6527 11265 6670 11265 6669 11266 6670 11266 6671 11266 6671 11267 6670 11267 6672 11267 6671 11268 6672 11268 6673 11268 6673 11001 6672 11001 6674 11001 6673 11269 6674 11269 6675 11269 6675 11270 6667 11270 6673 11270 6673 11004 6667 11004 6676 11004 6673 11271 6676 11271 6671 11271 6671 11005 6676 11005 6677 11005 6671 11272 6677 11272 6669 11272 6669 11273 6677 11273 6668 11273 6667 11009 6666 11009 6676 11009 6676 11010 6666 11010 6677 11010 6666 11274 6665 11274 6677 11274 6677 11267 6665 11267 6668 11267 6665 11275 6664 11275 6668 11275 6670 11276 6527 11276 6678 11276 6678 11277 6527 11277 6553 11277 6678 11278 6553 11278 6679 11278 6679 11279 6553 11279 6529 11279 6679 11280 6529 11280 6680 11280 6680 11281 6529 11281 6528 11281 6680 11282 6528 11282 6681 11282 6681 11283 6528 11283 6534 11283 6681 11284 6534 11284 6682 11284 6682 11285 6534 11285 6536 11285 6682 11286 6536 11286 6683 11286 6683 11287 6536 11287 6538 11287 6683 11288 6538 11288 6684 11288 6684 11289 6538 11289 6540 11289 6684 11290 6540 11290 6685 11290 6685 11291 6540 11291 6545 11291 6685 11292 6545 11292 6686 11292 6686 11293 6545 11293 6544 11293 6686 11031 6544 11031 6687 11031 6687 11294 6544 11294 6552 11294 6687 11295 6552 11295 6688 11295 6688 11034 6552 11034 6551 11034 6688 11296 6551 11296 6689 11296 6689 11036 6551 11036 6550 11036 6689 11297 6690 11297 6688 11297 6688 11298 6690 11298 6691 11298 6688 11299 6691 11299 6687 11299 6687 11300 6691 11300 6692 11300 6687 11301 6692 11301 6686 11301 6686 11302 6692 11302 6693 11302 6686 11303 6693 11303 6685 11303 6685 11304 6693 11304 6694 11304 6685 11305 6694 11305 6684 11305 6684 11306 6694 11306 6695 11306 6684 11307 6695 11307 6683 11307 6683 11308 6695 11308 6696 11308 6683 11309 6696 11309 6682 11309 6682 11310 6696 11310 6697 11310 6682 11311 6697 11311 6681 11311 6681 11312 6697 11312 6698 11312 6681 11313 6698 11313 6680 11313 6680 11314 6698 11314 6699 11314 6680 11315 6699 11315 6679 11315 6679 11316 6699 11316 6700 11316 6679 11317 6700 11317 6678 11317 6678 11318 6700 11318 6701 11318 6678 11319 6701 11319 6670 11319 6670 11320 6701 11320 6672 11320 6672 11321 6701 11321 6702 11321 6672 11322 6702 11322 6674 11322 6674 11323 6702 11323 6703 11323 6674 11324 6703 11324 6675 11324 6690 11325 6704 11325 6691 11325 6691 11326 6704 11326 6705 11326 6691 11327 6705 11327 6692 11327 6692 11328 6705 11328 6706 11328 6692 11329 6706 11329 6693 11329 6693 11330 6706 11330 6707 11330 6693 11331 6707 11331 6694 11331 6694 11332 6707 11332 6708 11332 6694 11333 6708 11333 6695 11333 6695 11334 6708 11334 6709 11334 6695 11335 6709 11335 6696 11335 6696 11336 6709 11336 6710 11336 6696 11337 6710 11337 6697 11337 6697 11338 6710 11338 6711 11338 6697 11339 6711 11339 6698 11339 6698 11340 6711 11340 6712 11340 6698 11341 6712 11341 6699 11341 6699 11342 6712 11342 6713 11342 6699 11343 6713 11343 6700 11343 6700 11344 6713 11344 6714 11344 6700 11345 6714 11345 6701 11345 6701 11346 6714 11346 6702 11346 6704 11087 6715 11087 6705 11087 6705 11347 6715 11347 6716 11347 6705 11348 6716 11348 6706 11348 6706 11349 6716 11349 6717 11349 6706 11350 6717 11350 6707 11350 6707 11351 6717 11351 6718 11351 6707 11352 6718 11352 6708 11352 6708 11353 6718 11353 6719 11353 6708 11354 6719 11354 6709 11354 6709 11355 6719 11355 6720 11355 6709 11356 6720 11356 6710 11356 6710 11357 6720 11357 6721 11357 6710 11358 6721 11358 6711 11358 6711 11359 6721 11359 6722 11359 6711 11360 6722 11360 6712 11360 6712 11361 6722 11361 6723 11361 6712 11362 6723 11362 6713 11362 6713 11363 6723 11363 6724 11363 6713 11364 6724 11364 6714 11364 6714 11365 6724 11365 6725 11365 6714 11366 6725 11366 6702 11366 6702 11367 6725 11367 6703 11367 6689 11368 6550 11368 6726 11368 6726 11369 6550 11369 6549 11369 6726 11370 6549 11370 6727 11370 6727 11371 6549 11371 6554 11371 6727 11112 6554 11112 6728 11112 6728 11112 6554 11112 6579 11112 6728 11114 6579 11114 6729 11114 6729 11115 6579 11115 6578 11115 6729 11116 6578 11116 6582 11116 6582 11117 6715 11117 6729 11117 6729 11372 6715 11372 6730 11372 6729 11119 6730 11119 6728 11119 6728 11120 6730 11120 6731 11120 6728 11373 6731 11373 6727 11373 6727 11373 6731 11373 6726 11373 6715 11123 6704 11123 6730 11123 6730 11124 6704 11124 6731 11124 6704 11115 6690 11115 6731 11115 6731 11374 6690 11374 6726 11374 6690 11113 6689 11113 6726 11113 6667 54 6675 54 6638 54 6638 54 6675 54 6725 54 6638 11375 6725 11375 6724 11375 6723 54 6646 54 6724 54 6724 54 6646 54 6645 54 6724 54 6645 54 6638 54 6638 54 6645 54 6643 54 6638 54 6643 54 6640 54 6646 54 6723 54 6648 54 6648 54 6723 54 6722 54 6648 54 6722 54 6650 54 6650 54 6722 54 6721 54 6650 11376 6721 11376 6594 11376 6594 54 6721 54 6720 54 6594 11377 6720 11377 6592 11377 6592 54 6720 54 6719 54 6592 54 6719 54 6590 54 6590 54 6719 54 6718 54 6590 54 6718 54 6589 54 6589 54 6718 54 6581 54 6589 11378 6581 11378 6651 11378 6651 11379 6581 11379 6656 11379 6656 54 6581 54 6655 54 6718 11380 6717 11380 6581 11380 6581 54 6717 54 6715 54 6581 54 6715 54 6582 54 6717 54 6716 54 6715 54 6737 107 6733 107 6849 107 6737 11381 6849 11381 6847 11381 6847 107 6845 107 6737 107 6737 11382 6845 11382 6843 11382 6737 107 6843 107 6841 107 6841 107 6839 107 6737 107 6737 11383 6839 11383 6837 11383 6737 11384 6837 11384 6835 11384 6835 107 6833 107 6737 107 6737 11385 6833 11385 6831 11385 6737 11386 6831 11386 6829 11386 6829 107 6827 107 6737 107 6737 11387 6827 11387 6825 11387 6737 11388 6825 11388 6823 11388 6823 11389 6821 11389 6737 11389 6737 11390 6821 11390 6819 11390 6737 11391 6819 11391 6817 11391 6817 107 6815 107 6737 107 6737 11392 6815 11392 6813 11392 6737 11393 6813 11393 6811 11393 6811 11394 6809 11394 6737 11394 6737 11395 6809 11395 6807 11395 6737 11396 6807 11396 6805 11396 6805 107 6803 107 6737 107 6737 11397 6803 11397 6801 11397 6737 11398 6801 11398 6799 11398 6799 11399 6797 11399 6737 11399 6737 11400 6797 11400 6795 11400 6737 107 6795 107 6793 107 6793 107 6791 107 6737 107 6737 11401 6791 11401 6739 11401 6739 11402 6791 11402 6789 11402 6739 11403 6789 11403 6741 11403 6741 11404 6789 11404 6787 11404 6741 107 6787 107 6743 107 6743 11405 6787 11405 6785 11405 6743 11406 6785 11406 6745 11406 6745 11407 6785 11407 6783 11407 6745 107 6783 107 6747 107 6747 11408 6783 11408 6781 11408 6747 11409 6781 11409 6749 11409 6749 11410 6781 11410 6779 11410 6749 107 6779 107 6751 107 6751 11411 6779 11411 6777 11411 6751 11412 6777 11412 6753 11412 6753 11413 6777 11413 6775 11413 6753 11414 6775 11414 6755 11414 6755 11415 6775 11415 6773 11415 6755 107 6773 107 6757 107 6757 11416 6773 11416 6771 11416 6757 11417 6771 11417 6759 11417 6759 11418 6771 11418 6769 11418 6759 11419 6769 11419 6761 11419 6761 107 6769 107 6767 107 6761 107 6767 107 6763 107</p>
        </triangles>
        <triangles material="dark_gray-material" count="269">
          <input semantic="VERTEX" source="#bcr_bot_logo-mesh-vertices" offset="0"/>
          <input semantic="NORMAL" source="#bcr_bot_logo-mesh-normals" offset="1"/>
          <p>3826 11420 3879 11420 3828 11420 3828 11421 3879 11421 3880 11421 3828 11422 3880 11422 3830 11422 3830 11423 3880 11423 3881 11423 3830 11424 3881 11424 3832 11424 3832 11425 3881 11425 3882 11425 3832 11426 3882 11426 3834 11426 3834 11427 3882 11427 3883 11427 3834 11428 3883 11428 3836 11428 3836 11429 3883 11429 3884 11429 3836 11430 3884 11430 3838 11430 3838 11431 3884 11431 3885 11431 3838 919 3885 919 3807 919 3807 920 3885 920 3886 920 3807 11432 3886 11432 3808 11432 3808 921 3886 921 3887 921 3808 922 3887 922 3870 922 3870 11433 3887 11433 3888 11433 3815 931 3897 931 3816 931 3816 11434 3897 11434 3898 11434 3816 932 3898 932 3818 932 3818 11435 3899 11435 3820 11435 3820 11436 3899 11436 3900 11436 3820 11437 3900 11437 3822 11437 3822 11438 3900 11438 3901 11438 3822 11439 3901 11439 3824 11439 3824 11440 3901 11440 3902 11440 3824 11441 3902 11441 3826 11441 3826 11442 3902 11442 3879 11442 3879 54 3893 54 3880 54 3880 54 3893 54 3892 54 3880 54 3892 54 3881 54 3881 54 3892 54 3891 54 3881 54 3891 54 3882 54 3882 54 3891 54 3890 54 3882 54 3890 54 3883 54 3883 54 3890 54 3889 54 3883 54 3889 54 3884 54 3884 54 3889 54 3888 54 3884 54 3888 54 3885 54 3885 54 3888 54 3887 54 3885 54 3887 54 3886 54 3893 54 3879 54 3894 54 3894 54 3879 54 3902 54 3894 54 3902 54 3895 54 3895 54 3902 54 3901 54 3895 54 3901 54 3896 54 3896 54 3901 54 3900 54 3896 54 3900 54 3897 54 3897 54 3900 54 3899 54 3859 11443 3903 11443 3857 11443 3857 11444 3903 11444 3904 11444 3857 11445 3904 11445 3855 11445 3855 11446 3904 11446 3905 11446 3855 11447 3905 11447 3853 11447 3853 11448 3905 11448 3906 11448 3853 11449 3906 11449 3851 11449 3851 11450 3906 11450 3907 11450 3851 11451 3907 11451 3849 11451 3849 11451 3907 11451 3908 11451 3849 11452 3908 11452 3847 11452 3847 11453 3908 11453 3909 11453 3847 11454 3909 11454 3806 11454 3806 898 3910 898 3837 898 3813 11455 3922 11455 3867 11455 3867 11456 3923 11456 3865 11456 3865 11457 3923 11457 3924 11457 3865 11458 3924 11458 3863 11458 3863 11458 3924 11458 3925 11458 3863 11459 3925 11459 3861 11459 3861 11460 3925 11460 3926 11460 3861 11461 3926 11461 3859 11461 3859 11462 3926 11462 3903 11462 3903 54 3917 54 3904 54 3904 54 3917 54 3916 54 3904 54 3916 54 3905 54 3905 54 3916 54 3915 54 3905 54 3915 54 3906 54 3906 54 3915 54 3914 54 3906 54 3914 54 3907 54 3907 54 3914 54 3913 54 3907 54 3913 54 3908 54 3908 54 3913 54 3912 54 3908 54 3912 54 3909 54 3909 54 3912 54 3911 54 3917 54 3903 54 3918 54 3918 54 3903 54 3926 54 3918 54 3926 54 3919 54 3919 54 3926 54 3925 54 3919 54 3925 54 3920 54 3920 54 3925 54 3924 54 3920 54 3924 54 3921 54 3921 54 3924 54 3923 54 3839 11420 3927 11420 3840 11420 3840 11463 3927 11463 3928 11463 3840 11464 3928 11464 3841 11464 3841 11423 3928 11423 3929 11423 3841 11465 3929 11465 3842 11465 3842 11425 3929 11425 3930 11425 3842 11466 3930 11466 3843 11466 3843 11427 3930 11427 3931 11427 3843 11428 3931 11428 3844 11428 3844 11467 3931 11467 3932 11467 3844 11468 3932 11468 3845 11468 3845 11431 3932 11431 3933 11431 3810 896 3946 896 3947 896 3810 11435 3947 11435 3811 11435 3811 11469 3947 11469 3948 11469 3811 11470 3948 11470 3812 11470 3812 11438 3948 11438 3949 11438 3812 11439 3949 11439 3869 11439 3869 11471 3949 11471 3950 11471 3869 11441 3950 11441 3839 11441 3839 11472 3950 11472 3927 11472 3927 54 3941 54 3928 54 3928 54 3941 54 3940 54 3928 54 3940 54 3929 54 3929 54 3940 54 3939 54 3929 54 3939 54 3930 54 3930 54 3939 54 3938 54 3930 54 3938 54 3931 54 3931 54 3938 54 3937 54 3931 54 3937 54 3932 54 3932 54 3937 54 3936 54 3932 54 3936 54 3933 54 3941 54 3927 54 3942 54 3942 54 3927 54 3950 54 3942 54 3950 54 3943 54 3943 54 3950 54 3949 54 3943 54 3949 54 3944 54 3944 54 3949 54 3948 54 3944 54 3948 54 3945 54 3945 54 3948 54 3947 54 3830 11473 6238 11473 3828 11473 3828 11474 6238 11474 6239 11474 3828 11475 6239 11475 3826 11475 3826 11476 6239 11476 6240 11476 3824 11477 6240 11477 6241 11477 3824 11478 6241 11478 3822 11478 3822 11479 6241 11479 6242 11479 3820 11480 6242 11480 6243 11480 3818 3178 6243 3178 6244 3178 3818 3179 6244 3179 3816 3179 3870 3198 6254 3198 6255 3198 3870 11481 6255 11481 3808 11481 3808 3240 6255 3240 6256 3240 3808 3241 6256 3241 3807 3241 3807 11482 6256 11482 6257 11482 3807 3199 6257 3199 3838 3199 3838 11483 6258 11483 3836 11483 3834 11484 6259 11484 6260 11484 3834 11485 6260 11485 3832 11485 3830 11486 6261 11486 6238 11486 3857 11487 6262 11487 6263 11487 3857 11488 6263 11488 3859 11488 3859 11489 6263 11489 6264 11489 3859 11490 6264 11490 3861 11490 3861 11491 6264 11491 6265 11491 3863 11492 6265 11492 6266 11492 3863 11493 6266 11493 3865 11493 3865 11494 6266 11494 6267 11494 3865 3206 6267 3206 3867 3206 3867 11495 6268 11495 3813 11495 3806 11496 6281 11496 3847 11496 3847 11497 6282 11497 3849 11497 3851 3229 6283 3229 6284 3229 3851 11498 6284 11498 3853 11498 3853 11499 6284 11499 6285 11499 3853 11500 6285 11500 3855 11500 3855 11501 6285 11501 6262 11501 3841 11473 6286 11473 3840 11473 3840 11502 6286 11502 6287 11502 3840 11503 6287 11503 3839 11503 3839 11476 6287 11476 6288 11476 3839 11504 6288 11504 3869 11504 3869 11477 6288 11477 6289 11477 3869 11505 6289 11505 3812 11505 3812 11479 6289 11479 6290 11479 3812 3177 6290 3177 3811 3177 3811 11506 6290 11506 6291 11506 3811 11507 6291 11507 3810 11507 3810 11508 6291 11508 6292 11508 3846 3243 6305 3243 3845 3243 3845 11509 6306 11509 3844 11509 3844 11484 6307 11484 3843 11484 3843 11484 6307 11484 6308 11484 3843 11485 6308 11485 3842 11485 3842 11510 6308 11510 6309 11510 3842 3203 6309 3203 3841 3203 3841 3203 6309 3203 6286 3203 6238 54 6276 54 6239 54 6239 54 6276 54 6275 54 6239 54 6275 54 6274 54 6276 54 6238 54 6277 54 6277 54 6238 54 6261 54 6277 54 6261 54 6278 54 6278 54 6261 54 6260 54 6278 54 6260 54 6279 54 6279 54 6260 54 6259 54 6279 54 6259 54 6280 54 6280 54 6259 54 6258 54 6280 54 6258 54 6281 54 6281 54 6258 54 6257 54 6281 54 6257 54 6315 54 6315 11511 6257 11511 6256 11511 6315 11512 6256 11512 6255 11512 6255 54 6254 54 6315 54 6315 11513 6254 11513 6253 11513 6315 11514 6253 11514 6252 11514 6252 54 6251 54 6315 54 6315 54 6251 54 6317 54 6317 54 6251 54 6250 54 6317 11515 6250 11515 6249 11515 6249 54 6248 54 6317 54 6317 11516 6248 11516 6247 11516 6317 11517 6247 11517 6246 11517 6246 54 6245 54 6317 54 6317 54 6245 54 6269 54 6317 54 6269 54 6313 54 6313 54 6269 54 6293 54 6313 11518 6293 11518 6292 11518 6245 54 6244 54 6269 54 6269 54 6244 54 6270 54 6270 54 6244 54 6243 54 6270 54 6243 54 6271 54 6271 54 6243 54 6242 54 6271 54 6242 54 6272 54 6272 54 6242 54 6241 54 6272 54 6241 54 6273 54 6273 54 6241 54 6240 54 6273 54 6240 54 6274 54 6274 54 6240 54 6239 54 6262 54 6300 54 6263 54 6263 54 6300 54 6299 54 6263 54 6299 54 6298 54 6300 54 6262 54 6301 54 6301 54 6262 54 6285 54 6301 54 6285 54 6302 54 6302 54 6285 54 6284 54 6302 54 6284 54 6303 54 6303 54 6284 54 6283 54 6303 54 6283 54 6304 54 6304 54 6283 54 6282 54 6304 54 6282 54 6281 54 6294 54 6268 54 6267 54 6294 54 6267 54 6295 54 6295 54 6267 54 6266 54 6295 54 6266 54 6296 54 6296 54 6266 54 6265 54 6296 54 6265 54 6297 54 6297 54 6265 54 6264 54 6297 54 6264 54 6298 54 6298 54 6264 54 6263 54 6286 54 6312 54 6287 54 6287 54 6312 54 6313 54 6287 54 6313 54 6288 54 6288 11519 6313 11519 6289 11519 6289 54 6313 54 6290 54 6290 54 6313 54 6291 54 6291 54 6313 54 6292 54 6286 54 6309 54 6312 54 6312 11520 6309 11520 6308 11520 6312 11521 6308 11521 6307 11521 6307 54 6306 54 6312 54 6312 11522 6306 11522 6305 11522 6312 54 6305 54 6281 54 6281 54 6305 54 6304 54 6315 54 6312 54 6281 54 3814 188 3867 188 3813 188</p>
        </triangles>
        <triangles material="gray-material" count="295">
          <input semantic="VERTEX" source="#bcr_bot_logo-mesh-vertices" offset="0"/>
          <input semantic="NORMAL" source="#bcr_bot_logo-mesh-normals" offset="1"/>
          <p>6032 11523 6033 11523 6034 11523 6034 11524 6033 11524 6035 11524 6034 11525 6035 11525 6036 11525 6036 11526 6035 11526 6037 11526 6036 11527 6037 11527 6038 11527 6038 11528 6037 11528 6039 11528 6038 11529 6039 11529 6040 11529 6040 11530 6039 11530 6041 11530 6040 11531 6041 11531 6042 11531 6043 11532 6044 11532 6032 11532 6032 11533 6044 11533 6045 11533 6032 11534 6045 11534 6046 11534 6046 11535 6045 11535 6047 11535 6046 11536 6047 11536 6048 11536 6048 11537 6047 11537 6049 11537 6048 11538 6049 11538 6050 11538 6050 11539 6049 11539 6051 11539 6050 11540 6051 11540 6041 11540 6044 11541 6043 11541 6052 11541 6052 11542 6043 11542 6053 11542 6052 11543 6053 11543 6054 11543 6054 11544 6053 11544 6055 11544 6054 11545 6055 11545 6051 11545 6042 11546 6056 11546 6040 11546 6040 11547 6056 11547 6057 11547 6040 11548 6057 11548 6038 11548 6038 11549 6057 11549 6058 11549 6038 11527 6058 11527 6036 11527 6036 11550 6058 11550 6034 11550 6056 11551 6059 11551 6057 11551 6057 11552 6059 11552 6060 11552 6057 11527 6060 11527 6058 11527 6058 11550 6060 11550 6034 11550 6059 11532 6034 11532 6060 11532 6045 11527 6044 11527 6061 11527 6061 11527 6044 11527 6052 11527 6061 11529 6052 11529 6062 11529 6062 11529 6052 11529 6054 11529 6062 11530 6054 11530 6051 11530 6033 11553 6032 11553 6063 11553 6063 11554 6032 11554 6046 11554 6063 11555 6046 11555 6048 11555 6033 11526 6063 11526 6064 11526 6064 11556 6063 11556 6048 11556 6064 11538 6048 11538 6050 11538 6035 11556 6033 11556 6065 11556 6065 11556 6033 11556 6064 11556 6065 11529 6064 11529 6066 11529 6066 11529 6064 11529 6050 11529 6066 11557 6050 11557 6041 11557 6045 11527 6061 11527 6047 11527 6047 11528 6061 11528 6067 11528 6047 11558 6067 11558 6049 11558 6049 11559 6067 11559 6051 11559 6067 11548 6061 11548 6062 11548 6035 11526 6065 11526 6037 11526 6037 11560 6065 11560 6068 11560 6037 11529 6068 11529 6039 11529 6039 11539 6068 11539 6041 11539 6068 11561 6065 11561 6066 11561 6051 11562 6067 11562 6062 11562 6041 11530 6068 11530 6066 11530 6069 11563 6070 11563 6032 11563 6032 11564 6070 11564 6071 11564 6032 11565 6071 11565 6072 11565 6072 11566 6071 11566 6073 11566 6072 11567 6073 11567 6074 11567 6074 11568 6073 11568 6075 11568 6074 11569 6075 11569 6076 11569 6076 11570 6075 11570 6051 11570 6076 11571 6051 11571 6077 11571 6077 11572 6051 11572 6078 11572 6077 11573 6078 11573 6079 11573 6079 11574 6078 11574 6080 11574 6079 11575 6080 11575 6081 11575 6081 11576 6080 11576 6082 11576 6081 11577 6082 11577 6032 11577 6032 11578 6082 11578 6043 11578 6043 11579 6082 11579 6080 11579 6043 11580 6080 11580 6053 11580 6053 11581 6080 11581 6078 11581 6053 11582 6078 11582 6055 11582 6055 11583 6078 11583 6051 11583 6083 11578 6084 11578 6069 11578 6069 11584 6084 11584 6085 11584 6069 11585 6085 11585 6086 11585 6086 11576 6085 11576 6087 11576 6086 11586 6087 11586 6088 11586 6088 11587 6087 11587 6089 11587 6088 11569 6089 11569 6090 11569 6090 11588 6089 11588 6091 11588 6090 11589 6091 11589 6092 11589 6092 11590 6091 11590 6093 11590 6092 11591 6093 11591 6094 11591 6094 11592 6093 11592 6095 11592 6094 11593 6095 11593 6096 11593 6096 11594 6095 11594 6070 11594 6096 11595 6070 11595 6069 11595 6084 11579 6083 11579 6097 11579 6097 11596 6083 11596 6098 11596 6097 11597 6098 11597 6099 11597 6099 11598 6098 11598 6100 11598 6099 11599 6100 11599 6091 11599 6091 11600 6051 11600 6093 11600 6093 11601 6051 11601 6101 11601 6093 11602 6101 11602 6095 11602 6095 11602 6101 11602 6102 11602 6095 11586 6102 11586 6070 11586 6070 11594 6102 11594 6071 11594 6085 11603 6084 11603 6103 11603 6103 11586 6084 11586 6097 11586 6103 11569 6097 11569 6104 11569 6104 11569 6097 11569 6099 11569 6104 11604 6099 11604 6091 11604 6086 11605 6105 11605 6069 11605 6069 11564 6105 11564 6106 11564 6069 11606 6106 11606 6096 11606 6096 11607 6106 11607 6094 11607 6086 11607 6088 11607 6105 11607 6105 11567 6088 11567 6107 11567 6105 11608 6107 11608 6106 11608 6106 11586 6107 11586 6094 11586 6073 11609 6071 11609 6102 11609 6072 11564 6108 11564 6032 11564 6032 11610 6108 11610 6109 11610 6032 11611 6109 11611 6081 11611 6081 11612 6109 11612 6079 11612 6072 11603 6074 11603 6108 11603 6108 11567 6074 11567 6110 11567 6108 11603 6110 11603 6109 11603 6109 11613 6110 11613 6079 11613 6085 11575 6103 11575 6087 11575 6087 11574 6103 11574 6111 11574 6087 11587 6111 11587 6089 11587 6089 11614 6111 11614 6091 11614 6111 11573 6103 11573 6104 11573 6092 11615 6094 11615 6107 11615 6092 11587 6107 11587 6090 11587 6090 11568 6107 11568 6088 11568 6073 11587 6102 11587 6112 11587 6112 11587 6102 11587 6101 11587 6112 11571 6101 11571 6051 11571 6077 11616 6079 11616 6110 11616 6077 11569 6110 11569 6076 11569 6076 11617 6110 11617 6074 11617 6091 11572 6111 11572 6104 11572 6051 11618 6075 11618 6112 11618 6112 11569 6075 11569 6073 11569 6113 11619 6114 11619 6069 11619 6069 11620 6114 11620 6115 11620 6069 11621 6115 11621 6116 11621 6116 11622 6115 11622 6117 11622 6116 11623 6117 11623 6118 11623 6118 11624 6117 11624 6119 11624 6118 11625 6119 11625 6120 11625 6120 11626 6119 11626 6091 11626 6120 11627 6091 11627 6100 11627 6121 11628 6122 11628 6113 11628 6113 11629 6122 11629 6123 11629 6113 11629 6123 11629 6124 11629 6124 11623 6123 11623 6125 11623 6124 11630 6125 11630 6126 11630 6126 11631 6125 11631 6127 11631 6126 11632 6127 11632 6128 11632 6128 11633 6127 11633 6129 11633 6128 11634 6129 11634 6091 11634 6122 11635 6121 11635 6130 11635 6130 11636 6121 11636 6131 11636 6130 11637 6131 11637 6132 11637 6132 11638 6131 11638 6133 11638 6132 11639 6133 11639 6129 11639 6100 11640 6098 11640 6120 11640 6120 11637 6098 11637 6134 11637 6120 11641 6134 11641 6118 11641 6118 11630 6134 11630 6135 11630 6118 11642 6135 11642 6116 11642 6116 11643 6135 11643 6069 11643 6098 11644 6083 11644 6134 11644 6134 11645 6083 11645 6136 11645 6134 11630 6136 11630 6135 11630 6135 11646 6136 11646 6069 11646 6083 11628 6069 11628 6136 11628 6123 11647 6122 11647 6137 11647 6137 11648 6122 11648 6130 11648 6137 11641 6130 11641 6138 11641 6138 11625 6130 11625 6132 11625 6138 11649 6132 11649 6129 11649 6114 11650 6113 11650 6139 11650 6139 11629 6113 11629 6124 11629 6139 11623 6124 11623 6126 11623 6114 11623 6139 11623 6140 11623 6140 11623 6139 11623 6126 11623 6140 11632 6126 11632 6128 11632 6115 11651 6114 11651 6141 11651 6141 11651 6114 11651 6140 11651 6141 11641 6140 11641 6142 11641 6142 11641 6140 11641 6128 11641 6142 11652 6128 11652 6091 11652 6123 11647 6137 11647 6125 11647 6125 11624 6137 11624 6143 11624 6125 11641 6143 11641 6127 11641 6127 11652 6143 11652 6129 11652 6143 11624 6137 11624 6138 11624 6115 11653 6141 11653 6117 11653 6117 11654 6141 11654 6144 11654 6117 11624 6144 11624 6119 11624 6119 11655 6144 11655 6091 11655 6144 11656 6141 11656 6142 11656 6129 11626 6143 11626 6138 11626 6091 11657 6144 11657 6142 11657 6129 11658 6145 11658 6041 11658 6041 11659 6145 11659 6146 11659 6041 11660 6146 11660 6147 11660 6147 11661 6146 11661 6148 11661 6147 11662 6148 11662 6149 11662 6149 11663 6148 11663 6150 11663 6149 11664 6150 11664 6151 11664 6151 11665 6150 11665 6034 11665 6151 11666 6034 11666 6152 11666 6152 11667 6034 11667 6153 11667 6152 11668 6153 11668 6154 11668 6154 11669 6153 11669 6155 11669 6154 11670 6155 11670 6156 11670 6156 11670 6155 11670 6157 11670 6156 11671 6157 11671 6041 11671 6041 11672 6157 11672 6042 11672 6042 11673 6157 11673 6056 11673 6056 11674 6157 11674 6155 11674 6056 11675 6155 11675 6059 11675 6059 11676 6155 11676 6153 11676 6059 11677 6153 11677 6034 11677 6133 11678 6158 11678 6129 11678 6129 11679 6158 11679 6159 11679 6129 11680 6159 11680 6160 11680 6160 11670 6159 11670 6161 11670 6160 11681 6161 11681 6162 11681 6162 11682 6161 11682 6163 11682 6162 11664 6163 11664 6164 11664 6164 11683 6163 11683 6113 11683 6164 11684 6113 11684 6165 11684 6165 11685 6113 11685 6166 11685 6165 11686 6166 11686 6167 11686 6167 11687 6166 11687 6168 11687 6167 11688 6168 11688 6169 11688 6169 11689 6168 11689 6145 11689 6169 11690 6145 11690 6129 11690 6133 11691 6131 11691 6158 11691 6158 11674 6131 11674 6170 11674 6158 11662 6170 11662 6171 11662 6171 11663 6170 11663 6172 11663 6171 11668 6172 11668 6173 11668 6173 11692 6172 11692 6113 11692 6173 11684 6113 11684 6163 11684 6131 11675 6121 11675 6170 11675 6170 11676 6121 11676 6174 11676 6170 11693 6174 11693 6172 11693 6172 11694 6174 11694 6113 11694 6121 11677 6113 11677 6174 11677 6113 11695 6034 11695 6166 11695 6166 11683 6034 11683 6175 11683 6166 11693 6175 11693 6168 11693 6168 11696 6175 11696 6176 11696 6168 11697 6176 11697 6145 11697 6145 11697 6176 11697 6146 11697 6161 11670 6159 11670 6171 11670 6171 11662 6159 11662 6158 11662 6160 11698 6177 11698 6129 11698 6129 11699 6177 11699 6178 11699 6129 11700 6178 11700 6169 11700 6169 11701 6178 11701 6167 11701 6160 11661 6162 11661 6177 11661 6177 11662 6162 11662 6179 11662 6177 11702 6179 11702 6178 11702 6178 11661 6179 11661 6167 11661 6148 11681 6146 11681 6176 11681 6041 11703 6180 11703 6181 11703 6041 11704 6181 11704 6156 11704 6156 11705 6181 11705 6154 11705 6147 11702 6149 11702 6180 11702 6180 11662 6149 11662 6182 11662 6180 11661 6182 11661 6181 11661 6181 11662 6182 11662 6154 11662 6163 11693 6161 11693 6173 11693 6173 11669 6161 11669 6171 11669 6165 11682 6167 11682 6179 11682 6165 11693 6179 11693 6164 11693 6164 11706 6179 11706 6162 11706 6148 11707 6176 11707 6183 11707 6183 11708 6176 11708 6175 11708 6183 11684 6175 11684 6034 11684 6152 11709 6154 11709 6182 11709 6152 11710 6182 11710 6151 11710 6151 11696 6182 11696 6149 11696 6034 11711 6150 11711 6183 11711 6183 11664 6150 11664 6148 11664</p>
        </triangles>
      </mesh>
    </geometry>
  </library_geometries>
  <library_visual_scenes>
    <visual_scene id="Scene" name="Scene">
      <node id="Camera_001" name="Camera.001" type="NODE">
        <matrix sid="transform">0.6859207 -0.3240135 0.6515582 7.358891 0.7276763 0.3054209 -0.6141704 -6.925791 -4.01133e-9 0.8953956 0.4452714 4.958309 0 0 0 1</matrix>
        <instance_camera url="#Camera_001-camera"/>
      </node>
      <node id="bcr_bot_logo" name="bcr_bot_logo" type="NODE">
        <matrix sid="transform">0.001 0 0 0.04167612 0 0.001 0 -0.01025822 0 0 0.001 0.05532213 0 0 0 1</matrix>
        <instance_geometry url="#bcr_bot_logo-mesh" name="bcr_bot_logo">
          <bind_material>
            <technique_common>
              <instance_material symbol="Black-material" target="#Black-material"/>
              <instance_material symbol="white-material" target="#white-material"/>
              <instance_material symbol="glossy_plastic_white-material" target="#glossy_plastic_white-material"/>
              <instance_material symbol="metallic_gray-material" target="#metallic_gray-material"/>
              <instance_material symbol="dark_gray-material" target="#dark_gray-material"/>
              <instance_material symbol="gray-material" target="#gray-material"/>
              <instance_material symbol="metallic_black-material" target="#metallic_black-material"/>
            </technique_common>
          </bind_material>
        </instance_geometry>
      </node>
      <node id="Point" name="Point" type="NODE">
        <matrix sid="transform">1 0 0 0.4435016 0 1 0 -1.002864 0 0 1 0.3979528 0 0 0 1</matrix>
        <instance_light url="#Point-light"/>
      </node>
      <node id="Point_001" name="Point.001" type="NODE">
        <matrix sid="transform">1 0 0 1.465857 0 1 0 0.8303968 0 0 1 0.1315087 0 0 0 1</matrix>
        <instance_light url="#Point_001-light"/>
      </node>
      <node id="Point_002" name="Point.002" type="NODE">
        <matrix sid="transform">1 0 0 -0.8698301 0 1 0 -0.9932653 0 0 1 1.444477 0 0 0 1</matrix>
        <instance_light url="#Point_002-light"/>
      </node>
      <node id="Camera" name="Camera" type="NODE">
        <matrix sid="transform">0.6859207 -0.3240135 0.6515582 7.358891 0.7276763 0.3054208 -0.6141704 -6.925791 0 0.8953956 0.4452714 4.958309 0 0 0 1</matrix>
        <instance_camera url="#Camera-camera"/>
      </node>
      <node id="Light" name="Light" type="NODE">
        <matrix sid="transform">-0.2908646 -0.7711008 0.5663932 4.076245 0.9551712 -0.1998834 0.2183912 1.005454 -0.05518906 0.6045247 0.7946723 5.903862 0 0 0 1</matrix>
        <instance_light url="#Light-light"/>
      </node>
    </visual_scene>
  </library_visual_scenes>
  <scene>
    <instance_visual_scene url="#Scene"/>
  </scene>
</COLLADA>